INFO:     Started server process [18232]
INFO:     Waiting for application startup.
INFO:     Application startup complete.
INFO:     Uvicorn running on http://127.0.0.1:8000 (Press CTRL+C to quit)
ERROR:    Exception in ASGI application
Traceback (most recent call last):
  File "C:\Users\satta\AppData\Local\Programs\Python\Python314\Lib\site-packages\uvicorn\protocols\http\h11_impl.py", line 410, in run_asgi
    result = await app(  # type: ignore[func-returns-value]
             ^^^^^^^^^^^^^^^^^^^^^^^^^^^^^^^^^^^^^^^^^^^^^^
  File "C:\Users\satta\AppData\Local\Programs\Python\Python314\Lib\site-packages\uvicorn\middleware\proxy_headers.py", line 60, in __call__
    return await self.app(scope, receive, send)
           ^^^^^^^^^^^^^^^^^^^^^^^^^^^^^^^^^^^^
  File "C:\Users\satta\AppData\Local\Programs\Python\Python314\Lib\site-packages\fastapi\applications.py", line 1135, in __call__
    await super().__call__(scope, receive, send)
  File "C:\Users\satta\AppData\Local\Programs\Python\Python314\Lib\site-packages\starlette\applications.py", line 107, in __call__
    await self.middleware_stack(scope, receive, send)
  File "C:\Users\satta\AppData\Local\Programs\Python\Python314\Lib\site-packages\starlette\middleware\errors.py", line 186, in __call__
    raise exc
  File "C:\Users\satta\AppData\Local\Programs\Python\Python314\Lib\site-packages\starlette\middleware\errors.py", line 164, in __call__
    await self.app(scope, receive, _send)
  File "C:\Users\satta\AppData\Local\Programs\Python\Python314\Lib\site-packages\starlette\middleware\cors.py", line 93, in __call__
    await self.simple_response(scope, receive, send, request_headers=headers)
  File "C:\Users\satta\AppData\Local\Programs\Python\Python314\Lib\site-packages\starlette\middleware\cors.py", line 144, in simple_response
    await self.app(scope, receive, send)
  File "C:\Users\satta\AppData\Local\Programs\Python\Python314\Lib\site-packages\starlette\middleware\exceptions.py", line 63, in __call__
    await wrap_app_handling_exceptions(self.app, conn)(scope, receive, send)
  File "C:\Users\satta\AppData\Local\Programs\Python\Python314\Lib\site-packages\starlette\_exception_handler.py", line 53, in wrapped_app
    raise exc
  File "C:\Users\satta\AppData\Local\Programs\Python\Python314\Lib\site-packages\starlette\_exception_handler.py", line 42, in wrapped_app
    await app(scope, receive, sender)
  File "C:\Users\satta\AppData\Local\Programs\Python\Python314\Lib\site-packages\fastapi\middleware\asyncexitstack.py", line 18, in __call__
    await self.app(scope, receive, send)
  File "C:\Users\satta\AppData\Local\Programs\Python\Python314\Lib\site-packages\starlette\routing.py", line 716, in __call__
    await self.middleware_stack(scope, receive, send)
  File "C:\Users\satta\AppData\Local\Programs\Python\Python314\Lib\site-packages\starlette\routing.py", line 736, in app
    await route.handle(scope, receive, send)
  File "C:\Users\satta\AppData\Local\Programs\Python\Python314\Lib\site-packages\starlette\routing.py", line 290, in handle
    await self.app(scope, receive, send)
  File "C:\Users\satta\AppData\Local\Programs\Python\Python314\Lib\site-packages\fastapi\routing.py", line 115, in app
    await wrap_app_handling_exceptions(app, request)(scope, receive, send)
  File "C:\Users\satta\AppData\Local\Programs\Python\Python314\Lib\site-packages\starlette\_exception_handler.py", line 53, in wrapped_app
    raise exc
  File "C:\Users\satta\AppData\Local\Programs\Python\Python314\Lib\site-packages\starlette\_exception_handler.py", line 42, in wrapped_app
    await app(scope, receive, sender)
  File "C:\Users\satta\AppData\Local\Programs\Python\Python314\Lib\site-packages\fastapi\routing.py", line 101, in app
    response = await f(request)
               ^^^^^^^^^^^^^^^^
  File "C:\Users\satta\AppData\Local\Programs\Python\Python314\Lib\site-packages\fastapi\routing.py", line 355, in app
    raw_response = await run_endpoint_function(
                   ^^^^^^^^^^^^^^^^^^^^^^^^^^^^
  File "C:\Users\satta\AppData\Local\Programs\Python\Python314\Lib\site-packages\fastapi\routing.py", line 245, in run_endpoint_function
    return await run_in_threadpool(dependant.call, **values)
           ^^^^^^^^^^^^^^^^^^^^^^^^^^^^^^^^^^^^^^^^^^^^^^^^^
  File "C:\Users\satta\AppData\Local\Programs\Python\Python314\Lib\site-packages\starlette\concurrency.py", line 32, in run_in_threadpool
    return await anyio.to_thread.run_sync(func)
           ^^^^^^^^^^^^^^^^^^^^^^^^^^^^^^^^^^^^
  File "C:\Users\satta\AppData\Local\Programs\Python\Python314\Lib\site-packages\anyio\to_thread.py", line 63, in run_sync
    return await get_async_backend().run_sync_in_worker_thread(
           ^^^^^^^^^^^^^^^^^^^^^^^^^^^^^^^^^^^^^^^^^^^^^^^^^^^^
  File "C:\Users\satta\AppData\Local\Programs\Python\Python314\Lib\site-packages\anyio\_backends\_asyncio.py", line 2502, in run_sync_in_worker_thread
    return await future
           ^^^^^^^^^^^^
  File "C:\Users\satta\AppData\Local\Programs\Python\Python314\Lib\site-packages\anyio\_backends\_asyncio.py", line 986, in run
    result = context.run(func, *args)
             ^^^^^^^^^^^^^^^^^^^^^^^^
  File "C:\Users\satta\Downloads\koreanguy\manas_os\api\app.py", line 3568, in jobs_get
    conn = db.init_db()
           ^^^^^^^^^^^^
  File "C:\Users\satta\Downloads\koreanguy\manas_os\db\__init__.py", line 61, in init_db
    conn.execute("INSERT OR IGNORE INTO settings (id, data_json) VALUES (1, '{}')")
sqlite3.OperationalError: database is locked
ERROR:    Exception in ASGI application
Traceback (most recent call last):
  File "C:\Users\satta\AppData\Local\Programs\Python\Python314\Lib\site-packages\uvicorn\protocols\http\h11_impl.py", line 410, in run_asgi
    result = await app(  # type: ignore[func-returns-value]
             ^^^^^^^^^^^^^^^^^^^^^^^^^^^^^^^^^^^^^^^^^^^^^^
  File "C:\Users\satta\AppData\Local\Programs\Python\Python314\Lib\site-packages\uvicorn\middleware\proxy_headers.py", line 60, in __call__
    return await self.app(scope, receive, send)
           ^^^^^^^^^^^^^^^^^^^^^^^^^^^^^^^^^^^^
  File "C:\Users\satta\AppData\Local\Programs\Python\Python314\Lib\site-packages\fastapi\applications.py", line 1135, in __call__
    await super().__call__(scope, receive, send)
  File "C:\Users\satta\AppData\Local\Programs\Python\Python314\Lib\site-packages\starlette\applications.py", line 107, in __call__
    await self.middleware_stack(scope, receive, send)
  File "C:\Users\satta\AppData\Local\Programs\Python\Python314\Lib\site-packages\starlette\middleware\errors.py", line 186, in __call__
    raise exc
  File "C:\Users\satta\AppData\Local\Programs\Python\Python314\Lib\site-packages\starlette\middleware\errors.py", line 164, in __call__
    await self.app(scope, receive, _send)
  File "C:\Users\satta\AppData\Local\Programs\Python\Python314\Lib\site-packages\starlette\middleware\cors.py", line 93, in __call__
    await self.simple_response(scope, receive, send, request_headers=headers)
  File "C:\Users\satta\AppData\Local\Programs\Python\Python314\Lib\site-packages\starlette\middleware\cors.py", line 144, in simple_response
    await self.app(scope, receive, send)
  File "C:\Users\satta\AppData\Local\Programs\Python\Python314\Lib\site-packages\starlette\middleware\exceptions.py", line 63, in __call__
    await wrap_app_handling_exceptions(self.app, conn)(scope, receive, send)
  File "C:\Users\satta\AppData\Local\Programs\Python\Python314\Lib\site-packages\starlette\_exception_handler.py", line 53, in wrapped_app
    raise exc
  File "C:\Users\satta\AppData\Local\Programs\Python\Python314\Lib\site-packages\starlette\_exception_handler.py", line 42, in wrapped_app
    await app(scope, receive, sender)
  File "C:\Users\satta\AppData\Local\Programs\Python\Python314\Lib\site-packages\fastapi\middleware\asyncexitstack.py", line 18, in __call__
    await self.app(scope, receive, send)
  File "C:\Users\satta\AppData\Local\Programs\Python\Python314\Lib\site-packages\starlette\routing.py", line 716, in __call__
    await self.middleware_stack(scope, receive, send)
  File "C:\Users\satta\AppData\Local\Programs\Python\Python314\Lib\site-packages\starlette\routing.py", line 736, in app
    await route.handle(scope, receive, send)
  File "C:\Users\satta\AppData\Local\Programs\Python\Python314\Lib\site-packages\starlette\routing.py", line 290, in handle
    await self.app(scope, receive, send)
  File "C:\Users\satta\AppData\Local\Programs\Python\Python314\Lib\site-packages\fastapi\routing.py", line 115, in app
    await wrap_app_handling_exceptions(app, request)(scope, receive, send)
  File "C:\Users\satta\AppData\Local\Programs\Python\Python314\Lib\site-packages\starlette\_exception_handler.py", line 53, in wrapped_app
    raise exc
  File "C:\Users\satta\AppData\Local\Programs\Python\Python314\Lib\site-packages\starlette\_exception_handler.py", line 42, in wrapped_app
    await app(scope, receive, sender)
  File "C:\Users\satta\AppData\Local\Programs\Python\Python314\Lib\site-packages\fastapi\routing.py", line 101, in app
    response = await f(request)
               ^^^^^^^^^^^^^^^^
  File "C:\Users\satta\AppData\Local\Programs\Python\Python314\Lib\site-packages\fastapi\routing.py", line 355, in app
    raw_response = await run_endpoint_function(
                   ^^^^^^^^^^^^^^^^^^^^^^^^^^^^
  File "C:\Users\satta\AppData\Local\Programs\Python\Python314\Lib\site-packages\fastapi\routing.py", line 245, in run_endpoint_function
    return await run_in_threadpool(dependant.call, **values)
           ^^^^^^^^^^^^^^^^^^^^^^^^^^^^^^^^^^^^^^^^^^^^^^^^^
  File "C:\Users\satta\AppData\Local\Programs\Python\Python314\Lib\site-packages\starlette\concurrency.py", line 32, in run_in_threadpool
    return await anyio.to_thread.run_sync(func)
           ^^^^^^^^^^^^^^^^^^^^^^^^^^^^^^^^^^^^
  File "C:\Users\satta\AppData\Local\Programs\Python\Python314\Lib\site-packages\anyio\to_thread.py", line 63, in run_sync
    return await get_async_backend().run_sync_in_worker_thread(
           ^^^^^^^^^^^^^^^^^^^^^^^^^^^^^^^^^^^^^^^^^^^^^^^^^^^^
  File "C:\Users\satta\AppData\Local\Programs\Python\Python314\Lib\site-packages\anyio\_backends\_asyncio.py", line 2502, in run_sync_in_worker_thread
    return await future
           ^^^^^^^^^^^^
  File "C:\Users\satta\AppData\Local\Programs\Python\Python314\Lib\site-packages\anyio\_backends\_asyncio.py", line 986, in run
    result = context.run(func, *args)
             ^^^^^^^^^^^^^^^^^^^^^^^^
  File "C:\Users\satta\Downloads\koreanguy\manas_os\api\app.py", line 3568, in jobs_get
    conn = db.init_db()
           ^^^^^^^^^^^^
  File "C:\Users\satta\Downloads\koreanguy\manas_os\db\__init__.py", line 61, in init_db
    conn.execute("INSERT OR IGNORE INTO settings (id, data_json) VALUES (1, '{}')")
sqlite3.OperationalError: database is locked
ERROR:    Exception in ASGI application
Traceback (most recent call last):
  File "C:\Users\satta\AppData\Local\Programs\Python\Python314\Lib\site-packages\uvicorn\protocols\http\h11_impl.py", line 410, in run_asgi
    result = await app(  # type: ignore[func-returns-value]
             ^^^^^^^^^^^^^^^^^^^^^^^^^^^^^^^^^^^^^^^^^^^^^^
  File "C:\Users\satta\AppData\Local\Programs\Python\Python314\Lib\site-packages\uvicorn\middleware\proxy_headers.py", line 60, in __call__
    return await self.app(scope, receive, send)
           ^^^^^^^^^^^^^^^^^^^^^^^^^^^^^^^^^^^^
  File "C:\Users\satta\AppData\Local\Programs\Python\Python314\Lib\site-packages\fastapi\applications.py", line 1135, in __call__
    await super().__call__(scope, receive, send)
  File "C:\Users\satta\AppData\Local\Programs\Python\Python314\Lib\site-packages\starlette\applications.py", line 107, in __call__
    await self.middleware_stack(scope, receive, send)
  File "C:\Users\satta\AppData\Local\Programs\Python\Python314\Lib\site-packages\starlette\middleware\errors.py", line 186, in __call__
    raise exc
  File "C:\Users\satta\AppData\Local\Programs\Python\Python314\Lib\site-packages\starlette\middleware\errors.py", line 164, in __call__
    await self.app(scope, receive, _send)
  File "C:\Users\satta\AppData\Local\Programs\Python\Python314\Lib\site-packages\starlette\middleware\cors.py", line 93, in __call__
    await self.simple_response(scope, receive, send, request_headers=headers)
  File "C:\Users\satta\AppData\Local\Programs\Python\Python314\Lib\site-packages\starlette\middleware\cors.py", line 144, in simple_response
    await self.app(scope, receive, send)
  File "C:\Users\satta\AppData\Local\Programs\Python\Python314\Lib\site-packages\starlette\middleware\exceptions.py", line 63, in __call__
    await wrap_app_handling_exceptions(self.app, conn)(scope, receive, send)
  File "C:\Users\satta\AppData\Local\Programs\Python\Python314\Lib\site-packages\starlette\_exception_handler.py", line 53, in wrapped_app
    raise exc
  File "C:\Users\satta\AppData\Local\Programs\Python\Python314\Lib\site-packages\starlette\_exception_handler.py", line 42, in wrapped_app
    await app(scope, receive, sender)
  File "C:\Users\satta\AppData\Local\Programs\Python\Python314\Lib\site-packages\fastapi\middleware\asyncexitstack.py", line 18, in __call__
    await self.app(scope, receive, send)
  File "C:\Users\satta\AppData\Local\Programs\Python\Python314\Lib\site-packages\starlette\routing.py", line 716, in __call__
    await self.middleware_stack(scope, receive, send)
  File "C:\Users\satta\AppData\Local\Programs\Python\Python314\Lib\site-packages\starlette\routing.py", line 736, in app
    await route.handle(scope, receive, send)
  File "C:\Users\satta\AppData\Local\Programs\Python\Python314\Lib\site-packages\starlette\routing.py", line 290, in handle
    await self.app(scope, receive, send)
  File "C:\Users\satta\AppData\Local\Programs\Python\Python314\Lib\site-packages\fastapi\routing.py", line 115, in app
    await wrap_app_handling_exceptions(app, request)(scope, receive, send)
  File "C:\Users\satta\AppData\Local\Programs\Python\Python314\Lib\site-packages\starlette\_exception_handler.py", line 53, in wrapped_app
    raise exc
  File "C:\Users\satta\AppData\Local\Programs\Python\Python314\Lib\site-packages\starlette\_exception_handler.py", line 42, in wrapped_app
    await app(scope, receive, sender)
  File "C:\Users\satta\AppData\Local\Programs\Python\Python314\Lib\site-packages\fastapi\routing.py", line 101, in app
    response = await f(request)
               ^^^^^^^^^^^^^^^^
  File "C:\Users\satta\AppData\Local\Programs\Python\Python314\Lib\site-packages\fastapi\routing.py", line 355, in app
    raw_response = await run_endpoint_function(
                   ^^^^^^^^^^^^^^^^^^^^^^^^^^^^
  File "C:\Users\satta\AppData\Local\Programs\Python\Python314\Lib\site-packages\fastapi\routing.py", line 245, in run_endpoint_function
    return await run_in_threadpool(dependant.call, **values)
           ^^^^^^^^^^^^^^^^^^^^^^^^^^^^^^^^^^^^^^^^^^^^^^^^^
  File "C:\Users\satta\AppData\Local\Programs\Python\Python314\Lib\site-packages\starlette\concurrency.py", line 32, in run_in_threadpool
    return await anyio.to_thread.run_sync(func)
           ^^^^^^^^^^^^^^^^^^^^^^^^^^^^^^^^^^^^
  File "C:\Users\satta\AppData\Local\Programs\Python\Python314\Lib\site-packages\anyio\to_thread.py", line 63, in run_sync
    return await get_async_backend().run_sync_in_worker_thread(
           ^^^^^^^^^^^^^^^^^^^^^^^^^^^^^^^^^^^^^^^^^^^^^^^^^^^^
  File "C:\Users\satta\AppData\Local\Programs\Python\Python314\Lib\site-packages\anyio\_backends\_asyncio.py", line 2502, in run_sync_in_worker_thread
    return await future
           ^^^^^^^^^^^^
  File "C:\Users\satta\AppData\Local\Programs\Python\Python314\Lib\site-packages\anyio\_backends\_asyncio.py", line 986, in run
    result = context.run(func, *args)
             ^^^^^^^^^^^^^^^^^^^^^^^^
  File "C:\Users\satta\Downloads\koreanguy\manas_os\api\app.py", line 3568, in jobs_get
    conn = db.init_db()
           ^^^^^^^^^^^^
  File "C:\Users\satta\Downloads\koreanguy\manas_os\db\__init__.py", line 61, in init_db
    conn.execute("INSERT OR IGNORE INTO settings (id, data_json) VALUES (1, '{}')")
sqlite3.OperationalError: database is locked
ERROR:    Exception in ASGI application
Traceback (most recent call last):
  File "C:\Users\satta\AppData\Local\Programs\Python\Python314\Lib\site-packages\uvicorn\protocols\http\h11_impl.py", line 410, in run_asgi
    result = await app(  # type: ignore[func-returns-value]
             ^^^^^^^^^^^^^^^^^^^^^^^^^^^^^^^^^^^^^^^^^^^^^^
  File "C:\Users\satta\AppData\Local\Programs\Python\Python314\Lib\site-packages\uvicorn\middleware\proxy_headers.py", line 60, in __call__
    return await self.app(scope, receive, send)
           ^^^^^^^^^^^^^^^^^^^^^^^^^^^^^^^^^^^^
  File "C:\Users\satta\AppData\Local\Programs\Python\Python314\Lib\site-packages\fastapi\applications.py", line 1135, in __call__
    await super().__call__(scope, receive, send)
  File "C:\Users\satta\AppData\Local\Programs\Python\Python314\Lib\site-packages\starlette\applications.py", line 107, in __call__
    await self.middleware_stack(scope, receive, send)
  File "C:\Users\satta\AppData\Local\Programs\Python\Python314\Lib\site-packages\starlette\middleware\errors.py", line 186, in __call__
    raise exc
  File "C:\Users\satta\AppData\Local\Programs\Python\Python314\Lib\site-packages\starlette\middleware\errors.py", line 164, in __call__
    await self.app(scope, receive, _send)
  File "C:\Users\satta\AppData\Local\Programs\Python\Python314\Lib\site-packages\starlette\middleware\cors.py", line 93, in __call__
    await self.simple_response(scope, receive, send, request_headers=headers)
  File "C:\Users\satta\AppData\Local\Programs\Python\Python314\Lib\site-packages\starlette\middleware\cors.py", line 144, in simple_response
    await self.app(scope, receive, send)
  File "C:\Users\satta\AppData\Local\Programs\Python\Python314\Lib\site-packages\starlette\middleware\exceptions.py", line 63, in __call__
    await wrap_app_handling_exceptions(self.app, conn)(scope, receive, send)
  File "C:\Users\satta\AppData\Local\Programs\Python\Python314\Lib\site-packages\starlette\_exception_handler.py", line 53, in wrapped_app
    raise exc
  File "C:\Users\satta\AppData\Local\Programs\Python\Python314\Lib\site-packages\starlette\_exception_handler.py", line 42, in wrapped_app
    await app(scope, receive, sender)
  File "C:\Users\satta\AppData\Local\Programs\Python\Python314\Lib\site-packages\fastapi\middleware\asyncexitstack.py", line 18, in __call__
    await self.app(scope, receive, send)
  File "C:\Users\satta\AppData\Local\Programs\Python\Python314\Lib\site-packages\starlette\routing.py", line 716, in __call__
    await self.middleware_stack(scope, receive, send)
  File "C:\Users\satta\AppData\Local\Programs\Python\Python314\Lib\site-packages\starlette\routing.py", line 736, in app
    await route.handle(scope, receive, send)
  File "C:\Users\satta\AppData\Local\Programs\Python\Python314\Lib\site-packages\starlette\routing.py", line 290, in handle
    await self.app(scope, receive, send)
  File "C:\Users\satta\AppData\Local\Programs\Python\Python314\Lib\site-packages\fastapi\routing.py", line 115, in app
    await wrap_app_handling_exceptions(app, request)(scope, receive, send)
  File "C:\Users\satta\AppData\Local\Programs\Python\Python314\Lib\site-packages\starlette\_exception_handler.py", line 53, in wrapped_app
    raise exc
  File "C:\Users\satta\AppData\Local\Programs\Python\Python314\Lib\site-packages\starlette\_exception_handler.py", line 42, in wrapped_app
    await app(scope, receive, sender)
  File "C:\Users\satta\AppData\Local\Programs\Python\Python314\Lib\site-packages\fastapi\routing.py", line 101, in app
    response = await f(request)
               ^^^^^^^^^^^^^^^^
  File "C:\Users\satta\AppData\Local\Programs\Python\Python314\Lib\site-packages\fastapi\routing.py", line 355, in app
    raw_response = await run_endpoint_function(
                   ^^^^^^^^^^^^^^^^^^^^^^^^^^^^
  File "C:\Users\satta\AppData\Local\Programs\Python\Python314\Lib\site-packages\fastapi\routing.py", line 245, in run_endpoint_function
    return await run_in_threadpool(dependant.call, **values)
           ^^^^^^^^^^^^^^^^^^^^^^^^^^^^^^^^^^^^^^^^^^^^^^^^^
  File "C:\Users\satta\AppData\Local\Programs\Python\Python314\Lib\site-packages\starlette\concurrency.py", line 32, in run_in_threadpool
    return await anyio.to_thread.run_sync(func)
           ^^^^^^^^^^^^^^^^^^^^^^^^^^^^^^^^^^^^
  File "C:\Users\satta\AppData\Local\Programs\Python\Python314\Lib\site-packages\anyio\to_thread.py", line 63, in run_sync
    return await get_async_backend().run_sync_in_worker_thread(
           ^^^^^^^^^^^^^^^^^^^^^^^^^^^^^^^^^^^^^^^^^^^^^^^^^^^^
  File "C:\Users\satta\AppData\Local\Programs\Python\Python314\Lib\site-packages\anyio\_backends\_asyncio.py", line 2502, in run_sync_in_worker_thread
    return await future
           ^^^^^^^^^^^^
  File "C:\Users\satta\AppData\Local\Programs\Python\Python314\Lib\site-packages\anyio\_backends\_asyncio.py", line 986, in run
    result = context.run(func, *args)
             ^^^^^^^^^^^^^^^^^^^^^^^^
  File "C:\Users\satta\Downloads\koreanguy\manas_os\api\app.py", line 3568, in jobs_get
    conn = db.init_db()
           ^^^^^^^^^^^^
  File "C:\Users\satta\Downloads\koreanguy\manas_os\db\__init__.py", line 61, in init_db
    conn.execute("INSERT OR IGNORE INTO settings (id, data_json) VALUES (1, '{}')")
sqlite3.OperationalError: database is locked
ERROR:    Exception in ASGI application
Traceback (most recent call last):
  File "C:\Users\satta\AppData\Local\Programs\Python\Python314\Lib\site-packages\uvicorn\protocols\http\h11_impl.py", line 410, in run_asgi
    result = await app(  # type: ignore[func-returns-value]
             ^^^^^^^^^^^^^^^^^^^^^^^^^^^^^^^^^^^^^^^^^^^^^^
  File "C:\Users\satta\AppData\Local\Programs\Python\Python314\Lib\site-packages\uvicorn\middleware\proxy_headers.py", line 60, in __call__
    return await self.app(scope, receive, send)
           ^^^^^^^^^^^^^^^^^^^^^^^^^^^^^^^^^^^^
  File "C:\Users\satta\AppData\Local\Programs\Python\Python314\Lib\site-packages\fastapi\applications.py", line 1135, in __call__
    await super().__call__(scope, receive, send)
  File "C:\Users\satta\AppData\Local\Programs\Python\Python314\Lib\site-packages\starlette\applications.py", line 107, in __call__
    await self.middleware_stack(scope, receive, send)
  File "C:\Users\satta\AppData\Local\Programs\Python\Python314\Lib\site-packages\starlette\middleware\errors.py", line 186, in __call__
    raise exc
  File "C:\Users\satta\AppData\Local\Programs\Python\Python314\Lib\site-packages\starlette\middleware\errors.py", line 164, in __call__
    await self.app(scope, receive, _send)
  File "C:\Users\satta\AppData\Local\Programs\Python\Python314\Lib\site-packages\starlette\middleware\cors.py", line 93, in __call__
    await self.simple_response(scope, receive, send, request_headers=headers)
  File "C:\Users\satta\AppData\Local\Programs\Python\Python314\Lib\site-packages\starlette\middleware\cors.py", line 144, in simple_response
    await self.app(scope, receive, send)
  File "C:\Users\satta\AppData\Local\Programs\Python\Python314\Lib\site-packages\starlette\middleware\exceptions.py", line 63, in __call__
    await wrap_app_handling_exceptions(self.app, conn)(scope, receive, send)
  File "C:\Users\satta\AppData\Local\Programs\Python\Python314\Lib\site-packages\starlette\_exception_handler.py", line 53, in wrapped_app
    raise exc
  File "C:\Users\satta\AppData\Local\Programs\Python\Python314\Lib\site-packages\starlette\_exception_handler.py", line 42, in wrapped_app
    await app(scope, receive, sender)
  File "C:\Users\satta\AppData\Local\Programs\Python\Python314\Lib\site-packages\fastapi\middleware\asyncexitstack.py", line 18, in __call__
    await self.app(scope, receive, send)
  File "C:\Users\satta\AppData\Local\Programs\Python\Python314\Lib\site-packages\starlette\routing.py", line 716, in __call__
    await self.middleware_stack(scope, receive, send)
  File "C:\Users\satta\AppData\Local\Programs\Python\Python314\Lib\site-packages\starlette\routing.py", line 736, in app
    await route.handle(scope, receive, send)
  File "C:\Users\satta\AppData\Local\Programs\Python\Python314\Lib\site-packages\starlette\routing.py", line 290, in handle
    await self.app(scope, receive, send)
  File "C:\Users\satta\AppData\Local\Programs\Python\Python314\Lib\site-packages\fastapi\routing.py", line 115, in app
    await wrap_app_handling_exceptions(app, request)(scope, receive, send)
  File "C:\Users\satta\AppData\Local\Programs\Python\Python314\Lib\site-packages\starlette\_exception_handler.py", line 53, in wrapped_app
    raise exc
  File "C:\Users\satta\AppData\Local\Programs\Python\Python314\Lib\site-packages\starlette\_exception_handler.py", line 42, in wrapped_app
    await app(scope, receive, sender)
  File "C:\Users\satta\AppData\Local\Programs\Python\Python314\Lib\site-packages\fastapi\routing.py", line 101, in app
    response = await f(request)
               ^^^^^^^^^^^^^^^^
  File "C:\Users\satta\AppData\Local\Programs\Python\Python314\Lib\site-packages\fastapi\routing.py", line 355, in app
    raw_response = await run_endpoint_function(
                   ^^^^^^^^^^^^^^^^^^^^^^^^^^^^
  File "C:\Users\satta\AppData\Local\Programs\Python\Python314\Lib\site-packages\fastapi\routing.py", line 245, in run_endpoint_function
    return await run_in_threadpool(dependant.call, **values)
           ^^^^^^^^^^^^^^^^^^^^^^^^^^^^^^^^^^^^^^^^^^^^^^^^^
  File "C:\Users\satta\AppData\Local\Programs\Python\Python314\Lib\site-packages\starlette\concurrency.py", line 32, in run_in_threadpool
    return await anyio.to_thread.run_sync(func)
           ^^^^^^^^^^^^^^^^^^^^^^^^^^^^^^^^^^^^
  File "C:\Users\satta\AppData\Local\Programs\Python\Python314\Lib\site-packages\anyio\to_thread.py", line 63, in run_sync
    return await get_async_backend().run_sync_in_worker_thread(
           ^^^^^^^^^^^^^^^^^^^^^^^^^^^^^^^^^^^^^^^^^^^^^^^^^^^^
  File "C:\Users\satta\AppData\Local\Programs\Python\Python314\Lib\site-packages\anyio\_backends\_asyncio.py", line 2502, in run_sync_in_worker_thread
    return await future
           ^^^^^^^^^^^^
  File "C:\Users\satta\AppData\Local\Programs\Python\Python314\Lib\site-packages\anyio\_backends\_asyncio.py", line 986, in run
    result = context.run(func, *args)
             ^^^^^^^^^^^^^^^^^^^^^^^^
  File "C:\Users\satta\Downloads\koreanguy\manas_os\api\app.py", line 3568, in jobs_get
    conn = db.init_db()
           ^^^^^^^^^^^^
  File "C:\Users\satta\Downloads\koreanguy\manas_os\db\__init__.py", line 61, in init_db
    conn.execute("INSERT OR IGNORE INTO settings (id, data_json) VALUES (1, '{}')")
sqlite3.OperationalError: database is locked
ERROR:    Exception in ASGI application
Traceback (most recent call last):
  File "C:\Users\satta\AppData\Local\Programs\Python\Python314\Lib\site-packages\uvicorn\protocols\http\h11_impl.py", line 410, in run_asgi
    result = await app(  # type: ignore[func-returns-value]
             ^^^^^^^^^^^^^^^^^^^^^^^^^^^^^^^^^^^^^^^^^^^^^^
  File "C:\Users\satta\AppData\Local\Programs\Python\Python314\Lib\site-packages\uvicorn\middleware\proxy_headers.py", line 60, in __call__
    return await self.app(scope, receive, send)
           ^^^^^^^^^^^^^^^^^^^^^^^^^^^^^^^^^^^^
  File "C:\Users\satta\AppData\Local\Programs\Python\Python314\Lib\site-packages\fastapi\applications.py", line 1135, in __call__
    await super().__call__(scope, receive, send)
  File "C:\Users\satta\AppData\Local\Programs\Python\Python314\Lib\site-packages\starlette\applications.py", line 107, in __call__
    await self.middleware_stack(scope, receive, send)
  File "C:\Users\satta\AppData\Local\Programs\Python\Python314\Lib\site-packages\starlette\middleware\errors.py", line 186, in __call__
    raise exc
  File "C:\Users\satta\AppData\Local\Programs\Python\Python314\Lib\site-packages\starlette\middleware\errors.py", line 164, in __call__
    await self.app(scope, receive, _send)
  File "C:\Users\satta\AppData\Local\Programs\Python\Python314\Lib\site-packages\starlette\middleware\cors.py", line 93, in __call__
    await self.simple_response(scope, receive, send, request_headers=headers)
  File "C:\Users\satta\AppData\Local\Programs\Python\Python314\Lib\site-packages\starlette\middleware\cors.py", line 144, in simple_response
    await self.app(scope, receive, send)
  File "C:\Users\satta\AppData\Local\Programs\Python\Python314\Lib\site-packages\starlette\middleware\exceptions.py", line 63, in __call__
    await wrap_app_handling_exceptions(self.app, conn)(scope, receive, send)
  File "C:\Users\satta\AppData\Local\Programs\Python\Python314\Lib\site-packages\starlette\_exception_handler.py", line 53, in wrapped_app
    raise exc
  File "C:\Users\satta\AppData\Local\Programs\Python\Python314\Lib\site-packages\starlette\_exception_handler.py", line 42, in wrapped_app
    await app(scope, receive, sender)
  File "C:\Users\satta\AppData\Local\Programs\Python\Python314\Lib\site-packages\fastapi\middleware\asyncexitstack.py", line 18, in __call__
    await self.app(scope, receive, send)
  File "C:\Users\satta\AppData\Local\Programs\Python\Python314\Lib\site-packages\starlette\routing.py", line 716, in __call__
    await self.middleware_stack(scope, receive, send)
  File "C:\Users\satta\AppData\Local\Programs\Python\Python314\Lib\site-packages\starlette\routing.py", line 736, in app
    await route.handle(scope, receive, send)
  File "C:\Users\satta\AppData\Local\Programs\Python\Python314\Lib\site-packages\starlette\routing.py", line 290, in handle
    await self.app(scope, receive, send)
  File "C:\Users\satta\AppData\Local\Programs\Python\Python314\Lib\site-packages\fastapi\routing.py", line 115, in app
    await wrap_app_handling_exceptions(app, request)(scope, receive, send)
  File "C:\Users\satta\AppData\Local\Programs\Python\Python314\Lib\site-packages\starlette\_exception_handler.py", line 53, in wrapped_app
    raise exc
  File "C:\Users\satta\AppData\Local\Programs\Python\Python314\Lib\site-packages\starlette\_exception_handler.py", line 42, in wrapped_app
    await app(scope, receive, sender)
  File "C:\Users\satta\AppData\Local\Programs\Python\Python314\Lib\site-packages\fastapi\routing.py", line 101, in app
    response = await f(request)
               ^^^^^^^^^^^^^^^^
  File "C:\Users\satta\AppData\Local\Programs\Python\Python314\Lib\site-packages\fastapi\routing.py", line 355, in app
    raw_response = await run_endpoint_function(
                   ^^^^^^^^^^^^^^^^^^^^^^^^^^^^
  File "C:\Users\satta\AppData\Local\Programs\Python\Python314\Lib\site-packages\fastapi\routing.py", line 245, in run_endpoint_function
    return await run_in_threadpool(dependant.call, **values)
           ^^^^^^^^^^^^^^^^^^^^^^^^^^^^^^^^^^^^^^^^^^^^^^^^^
  File "C:\Users\satta\AppData\Local\Programs\Python\Python314\Lib\site-packages\starlette\concurrency.py", line 32, in run_in_threadpool
    return await anyio.to_thread.run_sync(func)
           ^^^^^^^^^^^^^^^^^^^^^^^^^^^^^^^^^^^^
  File "C:\Users\satta\AppData\Local\Programs\Python\Python314\Lib\site-packages\anyio\to_thread.py", line 63, in run_sync
    return await get_async_backend().run_sync_in_worker_thread(
           ^^^^^^^^^^^^^^^^^^^^^^^^^^^^^^^^^^^^^^^^^^^^^^^^^^^^
  File "C:\Users\satta\AppData\Local\Programs\Python\Python314\Lib\site-packages\anyio\_backends\_asyncio.py", line 2502, in run_sync_in_worker_thread
    return await future
           ^^^^^^^^^^^^
  File "C:\Users\satta\AppData\Local\Programs\Python\Python314\Lib\site-packages\anyio\_backends\_asyncio.py", line 986, in run
    result = context.run(func, *args)
             ^^^^^^^^^^^^^^^^^^^^^^^^
  File "C:\Users\satta\Downloads\koreanguy\manas_os\api\app.py", line 3568, in jobs_get
    conn = db.init_db()
           ^^^^^^^^^^^^
  File "C:\Users\satta\Downloads\koreanguy\manas_os\db\__init__.py", line 61, in init_db
    conn.execute("INSERT OR IGNORE INTO settings (id, data_json) VALUES (1, '{}')")
sqlite3.OperationalError: database is locked
ERROR:    Exception in ASGI application
Traceback (most recent call last):
  File "C:\Users\satta\AppData\Local\Programs\Python\Python314\Lib\site-packages\uvicorn\protocols\http\h11_impl.py", line 410, in run_asgi
    result = await app(  # type: ignore[func-returns-value]
             ^^^^^^^^^^^^^^^^^^^^^^^^^^^^^^^^^^^^^^^^^^^^^^
  File "C:\Users\satta\AppData\Local\Programs\Python\Python314\Lib\site-packages\uvicorn\middleware\proxy_headers.py", line 60, in __call__
    return await self.app(scope, receive, send)
           ^^^^^^^^^^^^^^^^^^^^^^^^^^^^^^^^^^^^
  File "C:\Users\satta\AppData\Local\Programs\Python\Python314\Lib\site-packages\fastapi\applications.py", line 1135, in __call__
    await super().__call__(scope, receive, send)
  File "C:\Users\satta\AppData\Local\Programs\Python\Python314\Lib\site-packages\starlette\applications.py", line 107, in __call__
    await self.middleware_stack(scope, receive, send)
  File "C:\Users\satta\AppData\Local\Programs\Python\Python314\Lib\site-packages\starlette\middleware\errors.py", line 186, in __call__
    raise exc
  File "C:\Users\satta\AppData\Local\Programs\Python\Python314\Lib\site-packages\starlette\middleware\errors.py", line 164, in __call__
    await self.app(scope, receive, _send)
  File "C:\Users\satta\AppData\Local\Programs\Python\Python314\Lib\site-packages\starlette\middleware\cors.py", line 93, in __call__
    await self.simple_response(scope, receive, send, request_headers=headers)
  File "C:\Users\satta\AppData\Local\Programs\Python\Python314\Lib\site-packages\starlette\middleware\cors.py", line 144, in simple_response
    await self.app(scope, receive, send)
  File "C:\Users\satta\AppData\Local\Programs\Python\Python314\Lib\site-packages\starlette\middleware\exceptions.py", line 63, in __call__
    await wrap_app_handling_exceptions(self.app, conn)(scope, receive, send)
  File "C:\Users\satta\AppData\Local\Programs\Python\Python314\Lib\site-packages\starlette\_exception_handler.py", line 53, in wrapped_app
    raise exc
  File "C:\Users\satta\AppData\Local\Programs\Python\Python314\Lib\site-packages\starlette\_exception_handler.py", line 42, in wrapped_app
    await app(scope, receive, sender)
  File "C:\Users\satta\AppData\Local\Programs\Python\Python314\Lib\site-packages\fastapi\middleware\asyncexitstack.py", line 18, in __call__
    await self.app(scope, receive, send)
  File "C:\Users\satta\AppData\Local\Programs\Python\Python314\Lib\site-packages\starlette\routing.py", line 716, in __call__
    await self.middleware_stack(scope, receive, send)
  File "C:\Users\satta\AppData\Local\Programs\Python\Python314\Lib\site-packages\starlette\routing.py", line 736, in app
    await route.handle(scope, receive, send)
  File "C:\Users\satta\AppData\Local\Programs\Python\Python314\Lib\site-packages\starlette\routing.py", line 290, in handle
    await self.app(scope, receive, send)
  File "C:\Users\satta\AppData\Local\Programs\Python\Python314\Lib\site-packages\fastapi\routing.py", line 115, in app
    await wrap_app_handling_exceptions(app, request)(scope, receive, send)
  File "C:\Users\satta\AppData\Local\Programs\Python\Python314\Lib\site-packages\starlette\_exception_handler.py", line 53, in wrapped_app
    raise exc
  File "C:\Users\satta\AppData\Local\Programs\Python\Python314\Lib\site-packages\starlette\_exception_handler.py", line 42, in wrapped_app
    await app(scope, receive, sender)
  File "C:\Users\satta\AppData\Local\Programs\Python\Python314\Lib\site-packages\fastapi\routing.py", line 101, in app
    response = await f(request)
               ^^^^^^^^^^^^^^^^
  File "C:\Users\satta\AppData\Local\Programs\Python\Python314\Lib\site-packages\fastapi\routing.py", line 355, in app
    raw_response = await run_endpoint_function(
                   ^^^^^^^^^^^^^^^^^^^^^^^^^^^^
  File "C:\Users\satta\AppData\Local\Programs\Python\Python314\Lib\site-packages\fastapi\routing.py", line 245, in run_endpoint_function
    return await run_in_threadpool(dependant.call, **values)
           ^^^^^^^^^^^^^^^^^^^^^^^^^^^^^^^^^^^^^^^^^^^^^^^^^
  File "C:\Users\satta\AppData\Local\Programs\Python\Python314\Lib\site-packages\starlette\concurrency.py", line 32, in run_in_threadpool
    return await anyio.to_thread.run_sync(func)
           ^^^^^^^^^^^^^^^^^^^^^^^^^^^^^^^^^^^^
  File "C:\Users\satta\AppData\Local\Programs\Python\Python314\Lib\site-packages\anyio\to_thread.py", line 63, in run_sync
    return await get_async_backend().run_sync_in_worker_thread(
           ^^^^^^^^^^^^^^^^^^^^^^^^^^^^^^^^^^^^^^^^^^^^^^^^^^^^
  File "C:\Users\satta\AppData\Local\Programs\Python\Python314\Lib\site-packages\anyio\_backends\_asyncio.py", line 2502, in run_sync_in_worker_thread
    return await future
           ^^^^^^^^^^^^
  File "C:\Users\satta\AppData\Local\Programs\Python\Python314\Lib\site-packages\anyio\_backends\_asyncio.py", line 986, in run
    result = context.run(func, *args)
             ^^^^^^^^^^^^^^^^^^^^^^^^
  File "C:\Users\satta\Downloads\koreanguy\manas_os\api\app.py", line 3568, in jobs_get
    conn = db.init_db()
           ^^^^^^^^^^^^
  File "C:\Users\satta\Downloads\koreanguy\manas_os\db\__init__.py", line 61, in init_db
    conn.execute("INSERT OR IGNORE INTO settings (id, data_json) VALUES (1, '{}')")
sqlite3.OperationalError: database is locked
ERROR:    Exception in ASGI application
Traceback (most recent call last):
  File "C:\Users\satta\AppData\Local\Programs\Python\Python314\Lib\site-packages\uvicorn\protocols\http\h11_impl.py", line 410, in run_asgi
    result = await app(  # type: ignore[func-returns-value]
             ^^^^^^^^^^^^^^^^^^^^^^^^^^^^^^^^^^^^^^^^^^^^^^
  File "C:\Users\satta\AppData\Local\Programs\Python\Python314\Lib\site-packages\uvicorn\middleware\proxy_headers.py", line 60, in __call__
    return await self.app(scope, receive, send)
           ^^^^^^^^^^^^^^^^^^^^^^^^^^^^^^^^^^^^
  File "C:\Users\satta\AppData\Local\Programs\Python\Python314\Lib\site-packages\fastapi\applications.py", line 1135, in __call__
    await super().__call__(scope, receive, send)
  File "C:\Users\satta\AppData\Local\Programs\Python\Python314\Lib\site-packages\starlette\applications.py", line 107, in __call__
    await self.middleware_stack(scope, receive, send)
  File "C:\Users\satta\AppData\Local\Programs\Python\Python314\Lib\site-packages\starlette\middleware\errors.py", line 186, in __call__
    raise exc
  File "C:\Users\satta\AppData\Local\Programs\Python\Python314\Lib\site-packages\starlette\middleware\errors.py", line 164, in __call__
    await self.app(scope, receive, _send)
  File "C:\Users\satta\AppData\Local\Programs\Python\Python314\Lib\site-packages\starlette\middleware\cors.py", line 93, in __call__
    await self.simple_response(scope, receive, send, request_headers=headers)
  File "C:\Users\satta\AppData\Local\Programs\Python\Python314\Lib\site-packages\starlette\middleware\cors.py", line 144, in simple_response
    await self.app(scope, receive, send)
  File "C:\Users\satta\AppData\Local\Programs\Python\Python314\Lib\site-packages\starlette\middleware\exceptions.py", line 63, in __call__
    await wrap_app_handling_exceptions(self.app, conn)(scope, receive, send)
  File "C:\Users\satta\AppData\Local\Programs\Python\Python314\Lib\site-packages\starlette\_exception_handler.py", line 53, in wrapped_app
    raise exc
  File "C:\Users\satta\AppData\Local\Programs\Python\Python314\Lib\site-packages\starlette\_exception_handler.py", line 42, in wrapped_app
    await app(scope, receive, sender)
  File "C:\Users\satta\AppData\Local\Programs\Python\Python314\Lib\site-packages\fastapi\middleware\asyncexitstack.py", line 18, in __call__
    await self.app(scope, receive, send)
  File "C:\Users\satta\AppData\Local\Programs\Python\Python314\Lib\site-packages\starlette\routing.py", line 716, in __call__
    await self.middleware_stack(scope, receive, send)
  File "C:\Users\satta\AppData\Local\Programs\Python\Python314\Lib\site-packages\starlette\routing.py", line 736, in app
    await route.handle(scope, receive, send)
  File "C:\Users\satta\AppData\Local\Programs\Python\Python314\Lib\site-packages\starlette\routing.py", line 290, in handle
    await self.app(scope, receive, send)
  File "C:\Users\satta\AppData\Local\Programs\Python\Python314\Lib\site-packages\fastapi\routing.py", line 115, in app
    await wrap_app_handling_exceptions(app, request)(scope, receive, send)
  File "C:\Users\satta\AppData\Local\Programs\Python\Python314\Lib\site-packages\starlette\_exception_handler.py", line 53, in wrapped_app
    raise exc
  File "C:\Users\satta\AppData\Local\Programs\Python\Python314\Lib\site-packages\starlette\_exception_handler.py", line 42, in wrapped_app
    await app(scope, receive, sender)
  File "C:\Users\satta\AppData\Local\Programs\Python\Python314\Lib\site-packages\fastapi\routing.py", line 101, in app
    response = await f(request)
               ^^^^^^^^^^^^^^^^
  File "C:\Users\satta\AppData\Local\Programs\Python\Python314\Lib\site-packages\fastapi\routing.py", line 355, in app
    raw_response = await run_endpoint_function(
                   ^^^^^^^^^^^^^^^^^^^^^^^^^^^^
  File "C:\Users\satta\AppData\Local\Programs\Python\Python314\Lib\site-packages\fastapi\routing.py", line 245, in run_endpoint_function
    return await run_in_threadpool(dependant.call, **values)
           ^^^^^^^^^^^^^^^^^^^^^^^^^^^^^^^^^^^^^^^^^^^^^^^^^
  File "C:\Users\satta\AppData\Local\Programs\Python\Python314\Lib\site-packages\starlette\concurrency.py", line 32, in run_in_threadpool
    return await anyio.to_thread.run_sync(func)
           ^^^^^^^^^^^^^^^^^^^^^^^^^^^^^^^^^^^^
  File "C:\Users\satta\AppData\Local\Programs\Python\Python314\Lib\site-packages\anyio\to_thread.py", line 63, in run_sync
    return await get_async_backend().run_sync_in_worker_thread(
           ^^^^^^^^^^^^^^^^^^^^^^^^^^^^^^^^^^^^^^^^^^^^^^^^^^^^
  File "C:\Users\satta\AppData\Local\Programs\Python\Python314\Lib\site-packages\anyio\_backends\_asyncio.py", line 2502, in run_sync_in_worker_thread
    return await future
           ^^^^^^^^^^^^
  File "C:\Users\satta\AppData\Local\Programs\Python\Python314\Lib\site-packages\anyio\_backends\_asyncio.py", line 986, in run
    result = context.run(func, *args)
             ^^^^^^^^^^^^^^^^^^^^^^^^
  File "C:\Users\satta\Downloads\koreanguy\manas_os\api\app.py", line 3568, in jobs_get
    conn = db.init_db()
           ^^^^^^^^^^^^
  File "C:\Users\satta\Downloads\koreanguy\manas_os\db\__init__.py", line 61, in init_db
    conn.execute("INSERT OR IGNORE INTO settings (id, data_json) VALUES (1, '{}')")
sqlite3.OperationalError: database is locked
ERROR:    Exception in ASGI application
Traceback (most recent call last):
  File "C:\Users\satta\AppData\Local\Programs\Python\Python314\Lib\site-packages\uvicorn\protocols\http\h11_impl.py", line 410, in run_asgi
    result = await app(  # type: ignore[func-returns-value]
             ^^^^^^^^^^^^^^^^^^^^^^^^^^^^^^^^^^^^^^^^^^^^^^
  File "C:\Users\satta\AppData\Local\Programs\Python\Python314\Lib\site-packages\uvicorn\middleware\proxy_headers.py", line 60, in __call__
    return await self.app(scope, receive, send)
           ^^^^^^^^^^^^^^^^^^^^^^^^^^^^^^^^^^^^
  File "C:\Users\satta\AppData\Local\Programs\Python\Python314\Lib\site-packages\fastapi\applications.py", line 1135, in __call__
    await super().__call__(scope, receive, send)
  File "C:\Users\satta\AppData\Local\Programs\Python\Python314\Lib\site-packages\starlette\applications.py", line 107, in __call__
    await self.middleware_stack(scope, receive, send)
  File "C:\Users\satta\AppData\Local\Programs\Python\Python314\Lib\site-packages\starlette\middleware\errors.py", line 186, in __call__
    raise exc
  File "C:\Users\satta\AppData\Local\Programs\Python\Python314\Lib\site-packages\starlette\middleware\errors.py", line 164, in __call__
    await self.app(scope, receive, _send)
  File "C:\Users\satta\AppData\Local\Programs\Python\Python314\Lib\site-packages\starlette\middleware\cors.py", line 93, in __call__
    await self.simple_response(scope, receive, send, request_headers=headers)
  File "C:\Users\satta\AppData\Local\Programs\Python\Python314\Lib\site-packages\starlette\middleware\cors.py", line 144, in simple_response
    await self.app(scope, receive, send)
  File "C:\Users\satta\AppData\Local\Programs\Python\Python314\Lib\site-packages\starlette\middleware\exceptions.py", line 63, in __call__
    await wrap_app_handling_exceptions(self.app, conn)(scope, receive, send)
  File "C:\Users\satta\AppData\Local\Programs\Python\Python314\Lib\site-packages\starlette\_exception_handler.py", line 53, in wrapped_app
    raise exc
  File "C:\Users\satta\AppData\Local\Programs\Python\Python314\Lib\site-packages\starlette\_exception_handler.py", line 42, in wrapped_app
    await app(scope, receive, sender)
  File "C:\Users\satta\AppData\Local\Programs\Python\Python314\Lib\site-packages\fastapi\middleware\asyncexitstack.py", line 18, in __call__
    await self.app(scope, receive, send)
  File "C:\Users\satta\AppData\Local\Programs\Python\Python314\Lib\site-packages\starlette\routing.py", line 716, in __call__
    await self.middleware_stack(scope, receive, send)
  File "C:\Users\satta\AppData\Local\Programs\Python\Python314\Lib\site-packages\starlette\routing.py", line 736, in app
    await route.handle(scope, receive, send)
  File "C:\Users\satta\AppData\Local\Programs\Python\Python314\Lib\site-packages\starlette\routing.py", line 290, in handle
    await self.app(scope, receive, send)
  File "C:\Users\satta\AppData\Local\Programs\Python\Python314\Lib\site-packages\fastapi\routing.py", line 115, in app
    await wrap_app_handling_exceptions(app, request)(scope, receive, send)
  File "C:\Users\satta\AppData\Local\Programs\Python\Python314\Lib\site-packages\starlette\_exception_handler.py", line 53, in wrapped_app
    raise exc
  File "C:\Users\satta\AppData\Local\Programs\Python\Python314\Lib\site-packages\starlette\_exception_handler.py", line 42, in wrapped_app
    await app(scope, receive, sender)
  File "C:\Users\satta\AppData\Local\Programs\Python\Python314\Lib\site-packages\fastapi\routing.py", line 101, in app
    response = await f(request)
               ^^^^^^^^^^^^^^^^
  File "C:\Users\satta\AppData\Local\Programs\Python\Python314\Lib\site-packages\fastapi\routing.py", line 355, in app
    raw_response = await run_endpoint_function(
                   ^^^^^^^^^^^^^^^^^^^^^^^^^^^^
  File "C:\Users\satta\AppData\Local\Programs\Python\Python314\Lib\site-packages\fastapi\routing.py", line 245, in run_endpoint_function
    return await run_in_threadpool(dependant.call, **values)
           ^^^^^^^^^^^^^^^^^^^^^^^^^^^^^^^^^^^^^^^^^^^^^^^^^
  File "C:\Users\satta\AppData\Local\Programs\Python\Python314\Lib\site-packages\starlette\concurrency.py", line 32, in run_in_threadpool
    return await anyio.to_thread.run_sync(func)
           ^^^^^^^^^^^^^^^^^^^^^^^^^^^^^^^^^^^^
  File "C:\Users\satta\AppData\Local\Programs\Python\Python314\Lib\site-packages\anyio\to_thread.py", line 63, in run_sync
    return await get_async_backend().run_sync_in_worker_thread(
           ^^^^^^^^^^^^^^^^^^^^^^^^^^^^^^^^^^^^^^^^^^^^^^^^^^^^
  File "C:\Users\satta\AppData\Local\Programs\Python\Python314\Lib\site-packages\anyio\_backends\_asyncio.py", line 2502, in run_sync_in_worker_thread
    return await future
           ^^^^^^^^^^^^
  File "C:\Users\satta\AppData\Local\Programs\Python\Python314\Lib\site-packages\anyio\_backends\_asyncio.py", line 986, in run
    result = context.run(func, *args)
             ^^^^^^^^^^^^^^^^^^^^^^^^
  File "C:\Users\satta\Downloads\koreanguy\manas_os\api\app.py", line 3568, in jobs_get
    conn = db.init_db()
           ^^^^^^^^^^^^
  File "C:\Users\satta\Downloads\koreanguy\manas_os\db\__init__.py", line 61, in init_db
    conn.execute("INSERT OR IGNORE INTO settings (id, data_json) VALUES (1, '{}')")
sqlite3.OperationalError: database is locked
ERROR:    Exception in ASGI application
Traceback (most recent call last):
  File "C:\Users\satta\AppData\Local\Programs\Python\Python314\Lib\site-packages\uvicorn\protocols\http\h11_impl.py", line 410, in run_asgi
    result = await app(  # type: ignore[func-returns-value]
             ^^^^^^^^^^^^^^^^^^^^^^^^^^^^^^^^^^^^^^^^^^^^^^
  File "C:\Users\satta\AppData\Local\Programs\Python\Python314\Lib\site-packages\uvicorn\middleware\proxy_headers.py", line 60, in __call__
    return await self.app(scope, receive, send)
           ^^^^^^^^^^^^^^^^^^^^^^^^^^^^^^^^^^^^
  File "C:\Users\satta\AppData\Local\Programs\Python\Python314\Lib\site-packages\fastapi\applications.py", line 1135, in __call__
    await super().__call__(scope, receive, send)
  File "C:\Users\satta\AppData\Local\Programs\Python\Python314\Lib\site-packages\starlette\applications.py", line 107, in __call__
    await self.middleware_stack(scope, receive, send)
  File "C:\Users\satta\AppData\Local\Programs\Python\Python314\Lib\site-packages\starlette\middleware\errors.py", line 186, in __call__
    raise exc
  File "C:\Users\satta\AppData\Local\Programs\Python\Python314\Lib\site-packages\starlette\middleware\errors.py", line 164, in __call__
    await self.app(scope, receive, _send)
  File "C:\Users\satta\AppData\Local\Programs\Python\Python314\Lib\site-packages\starlette\middleware\cors.py", line 93, in __call__
    await self.simple_response(scope, receive, send, request_headers=headers)
  File "C:\Users\satta\AppData\Local\Programs\Python\Python314\Lib\site-packages\starlette\middleware\cors.py", line 144, in simple_response
    await self.app(scope, receive, send)
  File "C:\Users\satta\AppData\Local\Programs\Python\Python314\Lib\site-packages\starlette\middleware\exceptions.py", line 63, in __call__
    await wrap_app_handling_exceptions(self.app, conn)(scope, receive, send)
  File "C:\Users\satta\AppData\Local\Programs\Python\Python314\Lib\site-packages\starlette\_exception_handler.py", line 53, in wrapped_app
    raise exc
  File "C:\Users\satta\AppData\Local\Programs\Python\Python314\Lib\site-packages\starlette\_exception_handler.py", line 42, in wrapped_app
    await app(scope, receive, sender)
  File "C:\Users\satta\AppData\Local\Programs\Python\Python314\Lib\site-packages\fastapi\middleware\asyncexitstack.py", line 18, in __call__
    await self.app(scope, receive, send)
  File "C:\Users\satta\AppData\Local\Programs\Python\Python314\Lib\site-packages\starlette\routing.py", line 716, in __call__
    await self.middleware_stack(scope, receive, send)
  File "C:\Users\satta\AppData\Local\Programs\Python\Python314\Lib\site-packages\starlette\routing.py", line 736, in app
    await route.handle(scope, receive, send)
  File "C:\Users\satta\AppData\Local\Programs\Python\Python314\Lib\site-packages\starlette\routing.py", line 290, in handle
    await self.app(scope, receive, send)
  File "C:\Users\satta\AppData\Local\Programs\Python\Python314\Lib\site-packages\fastapi\routing.py", line 115, in app
    await wrap_app_handling_exceptions(app, request)(scope, receive, send)
  File "C:\Users\satta\AppData\Local\Programs\Python\Python314\Lib\site-packages\starlette\_exception_handler.py", line 53, in wrapped_app
    raise exc
  File "C:\Users\satta\AppData\Local\Programs\Python\Python314\Lib\site-packages\starlette\_exception_handler.py", line 42, in wrapped_app
    await app(scope, receive, sender)
  File "C:\Users\satta\AppData\Local\Programs\Python\Python314\Lib\site-packages\fastapi\routing.py", line 101, in app
    response = await f(request)
               ^^^^^^^^^^^^^^^^
  File "C:\Users\satta\AppData\Local\Programs\Python\Python314\Lib\site-packages\fastapi\routing.py", line 355, in app
    raw_response = await run_endpoint_function(
                   ^^^^^^^^^^^^^^^^^^^^^^^^^^^^
  File "C:\Users\satta\AppData\Local\Programs\Python\Python314\Lib\site-packages\fastapi\routing.py", line 245, in run_endpoint_function
    return await run_in_threadpool(dependant.call, **values)
           ^^^^^^^^^^^^^^^^^^^^^^^^^^^^^^^^^^^^^^^^^^^^^^^^^
  File "C:\Users\satta\AppData\Local\Programs\Python\Python314\Lib\site-packages\starlette\concurrency.py", line 32, in run_in_threadpool
    return await anyio.to_thread.run_sync(func)
           ^^^^^^^^^^^^^^^^^^^^^^^^^^^^^^^^^^^^
  File "C:\Users\satta\AppData\Local\Programs\Python\Python314\Lib\site-packages\anyio\to_thread.py", line 63, in run_sync
    return await get_async_backend().run_sync_in_worker_thread(
           ^^^^^^^^^^^^^^^^^^^^^^^^^^^^^^^^^^^^^^^^^^^^^^^^^^^^
  File "C:\Users\satta\AppData\Local\Programs\Python\Python314\Lib\site-packages\anyio\_backends\_asyncio.py", line 2502, in run_sync_in_worker_thread
    return await future
           ^^^^^^^^^^^^
  File "C:\Users\satta\AppData\Local\Programs\Python\Python314\Lib\site-packages\anyio\_backends\_asyncio.py", line 986, in run
    result = context.run(func, *args)
             ^^^^^^^^^^^^^^^^^^^^^^^^
  File "C:\Users\satta\Downloads\koreanguy\manas_os\api\app.py", line 3568, in jobs_get
    conn = db.init_db()
           ^^^^^^^^^^^^
  File "C:\Users\satta\Downloads\koreanguy\manas_os\db\__init__.py", line 61, in init_db
    conn.execute("INSERT OR IGNORE INTO settings (id, data_json) VALUES (1, '{}')")
sqlite3.OperationalError: database is locked
ERROR:    Exception in ASGI application
Traceback (most recent call last):
  File "C:\Users\satta\AppData\Local\Programs\Python\Python314\Lib\site-packages\uvicorn\protocols\http\h11_impl.py", line 410, in run_asgi
    result = await app(  # type: ignore[func-returns-value]
             ^^^^^^^^^^^^^^^^^^^^^^^^^^^^^^^^^^^^^^^^^^^^^^
  File "C:\Users\satta\AppData\Local\Programs\Python\Python314\Lib\site-packages\uvicorn\middleware\proxy_headers.py", line 60, in __call__
    return await self.app(scope, receive, send)
           ^^^^^^^^^^^^^^^^^^^^^^^^^^^^^^^^^^^^
  File "C:\Users\satta\AppData\Local\Programs\Python\Python314\Lib\site-packages\fastapi\applications.py", line 1135, in __call__
    await super().__call__(scope, receive, send)
  File "C:\Users\satta\AppData\Local\Programs\Python\Python314\Lib\site-packages\starlette\applications.py", line 107, in __call__
    await self.middleware_stack(scope, receive, send)
  File "C:\Users\satta\AppData\Local\Programs\Python\Python314\Lib\site-packages\starlette\middleware\errors.py", line 186, in __call__
    raise exc
  File "C:\Users\satta\AppData\Local\Programs\Python\Python314\Lib\site-packages\starlette\middleware\errors.py", line 164, in __call__
    await self.app(scope, receive, _send)
  File "C:\Users\satta\AppData\Local\Programs\Python\Python314\Lib\site-packages\starlette\middleware\cors.py", line 93, in __call__
    await self.simple_response(scope, receive, send, request_headers=headers)
  File "C:\Users\satta\AppData\Local\Programs\Python\Python314\Lib\site-packages\starlette\middleware\cors.py", line 144, in simple_response
    await self.app(scope, receive, send)
  File "C:\Users\satta\AppData\Local\Programs\Python\Python314\Lib\site-packages\starlette\middleware\exceptions.py", line 63, in __call__
    await wrap_app_handling_exceptions(self.app, conn)(scope, receive, send)
  File "C:\Users\satta\AppData\Local\Programs\Python\Python314\Lib\site-packages\starlette\_exception_handler.py", line 53, in wrapped_app
    raise exc
  File "C:\Users\satta\AppData\Local\Programs\Python\Python314\Lib\site-packages\starlette\_exception_handler.py", line 42, in wrapped_app
    await app(scope, receive, sender)
  File "C:\Users\satta\AppData\Local\Programs\Python\Python314\Lib\site-packages\fastapi\middleware\asyncexitstack.py", line 18, in __call__
    await self.app(scope, receive, send)
  File "C:\Users\satta\AppData\Local\Programs\Python\Python314\Lib\site-packages\starlette\routing.py", line 716, in __call__
    await self.middleware_stack(scope, receive, send)
  File "C:\Users\satta\AppData\Local\Programs\Python\Python314\Lib\site-packages\starlette\routing.py", line 736, in app
    await route.handle(scope, receive, send)
  File "C:\Users\satta\AppData\Local\Programs\Python\Python314\Lib\site-packages\starlette\routing.py", line 290, in handle
    await self.app(scope, receive, send)
  File "C:\Users\satta\AppData\Local\Programs\Python\Python314\Lib\site-packages\fastapi\routing.py", line 115, in app
    await wrap_app_handling_exceptions(app, request)(scope, receive, send)
  File "C:\Users\satta\AppData\Local\Programs\Python\Python314\Lib\site-packages\starlette\_exception_handler.py", line 53, in wrapped_app
    raise exc
  File "C:\Users\satta\AppData\Local\Programs\Python\Python314\Lib\site-packages\starlette\_exception_handler.py", line 42, in wrapped_app
    await app(scope, receive, sender)
  File "C:\Users\satta\AppData\Local\Programs\Python\Python314\Lib\site-packages\fastapi\routing.py", line 101, in app
    response = await f(request)
               ^^^^^^^^^^^^^^^^
  File "C:\Users\satta\AppData\Local\Programs\Python\Python314\Lib\site-packages\fastapi\routing.py", line 355, in app
    raw_response = await run_endpoint_function(
                   ^^^^^^^^^^^^^^^^^^^^^^^^^^^^
  File "C:\Users\satta\AppData\Local\Programs\Python\Python314\Lib\site-packages\fastapi\routing.py", line 245, in run_endpoint_function
    return await run_in_threadpool(dependant.call, **values)
           ^^^^^^^^^^^^^^^^^^^^^^^^^^^^^^^^^^^^^^^^^^^^^^^^^
  File "C:\Users\satta\AppData\Local\Programs\Python\Python314\Lib\site-packages\starlette\concurrency.py", line 32, in run_in_threadpool
    return await anyio.to_thread.run_sync(func)
           ^^^^^^^^^^^^^^^^^^^^^^^^^^^^^^^^^^^^
  File "C:\Users\satta\AppData\Local\Programs\Python\Python314\Lib\site-packages\anyio\to_thread.py", line 63, in run_sync
    return await get_async_backend().run_sync_in_worker_thread(
           ^^^^^^^^^^^^^^^^^^^^^^^^^^^^^^^^^^^^^^^^^^^^^^^^^^^^
  File "C:\Users\satta\AppData\Local\Programs\Python\Python314\Lib\site-packages\anyio\_backends\_asyncio.py", line 2502, in run_sync_in_worker_thread
    return await future
           ^^^^^^^^^^^^
  File "C:\Users\satta\AppData\Local\Programs\Python\Python314\Lib\site-packages\anyio\_backends\_asyncio.py", line 986, in run
    result = context.run(func, *args)
             ^^^^^^^^^^^^^^^^^^^^^^^^
  File "C:\Users\satta\Downloads\koreanguy\manas_os\api\app.py", line 3568, in jobs_get
    conn = db.init_db()
           ^^^^^^^^^^^^
  File "C:\Users\satta\Downloads\koreanguy\manas_os\db\__init__.py", line 61, in init_db
    conn.execute("INSERT OR IGNORE INTO settings (id, data_json) VALUES (1, '{}')")
sqlite3.OperationalError: database is locked
ERROR:    Exception in ASGI application
Traceback (most recent call last):
  File "C:\Users\satta\AppData\Local\Programs\Python\Python314\Lib\site-packages\uvicorn\protocols\http\h11_impl.py", line 410, in run_asgi
    result = await app(  # type: ignore[func-returns-value]
             ^^^^^^^^^^^^^^^^^^^^^^^^^^^^^^^^^^^^^^^^^^^^^^
  File "C:\Users\satta\AppData\Local\Programs\Python\Python314\Lib\site-packages\uvicorn\middleware\proxy_headers.py", line 60, in __call__
    return await self.app(scope, receive, send)
           ^^^^^^^^^^^^^^^^^^^^^^^^^^^^^^^^^^^^
  File "C:\Users\satta\AppData\Local\Programs\Python\Python314\Lib\site-packages\fastapi\applications.py", line 1135, in __call__
    await super().__call__(scope, receive, send)
  File "C:\Users\satta\AppData\Local\Programs\Python\Python314\Lib\site-packages\starlette\applications.py", line 107, in __call__
    await self.middleware_stack(scope, receive, send)
  File "C:\Users\satta\AppData\Local\Programs\Python\Python314\Lib\site-packages\starlette\middleware\errors.py", line 186, in __call__
    raise exc
  File "C:\Users\satta\AppData\Local\Programs\Python\Python314\Lib\site-packages\starlette\middleware\errors.py", line 164, in __call__
    await self.app(scope, receive, _send)
  File "C:\Users\satta\AppData\Local\Programs\Python\Python314\Lib\site-packages\starlette\middleware\cors.py", line 93, in __call__
    await self.simple_response(scope, receive, send, request_headers=headers)
  File "C:\Users\satta\AppData\Local\Programs\Python\Python314\Lib\site-packages\starlette\middleware\cors.py", line 144, in simple_response
    await self.app(scope, receive, send)
  File "C:\Users\satta\AppData\Local\Programs\Python\Python314\Lib\site-packages\starlette\middleware\exceptions.py", line 63, in __call__
    await wrap_app_handling_exceptions(self.app, conn)(scope, receive, send)
  File "C:\Users\satta\AppData\Local\Programs\Python\Python314\Lib\site-packages\starlette\_exception_handler.py", line 53, in wrapped_app
    raise exc
  File "C:\Users\satta\AppData\Local\Programs\Python\Python314\Lib\site-packages\starlette\_exception_handler.py", line 42, in wrapped_app
    await app(scope, receive, sender)
  File "C:\Users\satta\AppData\Local\Programs\Python\Python314\Lib\site-packages\fastapi\middleware\asyncexitstack.py", line 18, in __call__
    await self.app(scope, receive, send)
  File "C:\Users\satta\AppData\Local\Programs\Python\Python314\Lib\site-packages\starlette\routing.py", line 716, in __call__
    await self.middleware_stack(scope, receive, send)
  File "C:\Users\satta\AppData\Local\Programs\Python\Python314\Lib\site-packages\starlette\routing.py", line 736, in app
    await route.handle(scope, receive, send)
  File "C:\Users\satta\AppData\Local\Programs\Python\Python314\Lib\site-packages\starlette\routing.py", line 290, in handle
    await self.app(scope, receive, send)
  File "C:\Users\satta\AppData\Local\Programs\Python\Python314\Lib\site-packages\fastapi\routing.py", line 115, in app
    await wrap_app_handling_exceptions(app, request)(scope, receive, send)
  File "C:\Users\satta\AppData\Local\Programs\Python\Python314\Lib\site-packages\starlette\_exception_handler.py", line 53, in wrapped_app
    raise exc
  File "C:\Users\satta\AppData\Local\Programs\Python\Python314\Lib\site-packages\starlette\_exception_handler.py", line 42, in wrapped_app
    await app(scope, receive, sender)
  File "C:\Users\satta\AppData\Local\Programs\Python\Python314\Lib\site-packages\fastapi\routing.py", line 101, in app
    response = await f(request)
               ^^^^^^^^^^^^^^^^
  File "C:\Users\satta\AppData\Local\Programs\Python\Python314\Lib\site-packages\fastapi\routing.py", line 355, in app
    raw_response = await run_endpoint_function(
                   ^^^^^^^^^^^^^^^^^^^^^^^^^^^^
  File "C:\Users\satta\AppData\Local\Programs\Python\Python314\Lib\site-packages\fastapi\routing.py", line 245, in run_endpoint_function
    return await run_in_threadpool(dependant.call, **values)
           ^^^^^^^^^^^^^^^^^^^^^^^^^^^^^^^^^^^^^^^^^^^^^^^^^
  File "C:\Users\satta\AppData\Local\Programs\Python\Python314\Lib\site-packages\starlette\concurrency.py", line 32, in run_in_threadpool
    return await anyio.to_thread.run_sync(func)
           ^^^^^^^^^^^^^^^^^^^^^^^^^^^^^^^^^^^^
  File "C:\Users\satta\AppData\Local\Programs\Python\Python314\Lib\site-packages\anyio\to_thread.py", line 63, in run_sync
    return await get_async_backend().run_sync_in_worker_thread(
           ^^^^^^^^^^^^^^^^^^^^^^^^^^^^^^^^^^^^^^^^^^^^^^^^^^^^
  File "C:\Users\satta\AppData\Local\Programs\Python\Python314\Lib\site-packages\anyio\_backends\_asyncio.py", line 2502, in run_sync_in_worker_thread
    return await future
           ^^^^^^^^^^^^
  File "C:\Users\satta\AppData\Local\Programs\Python\Python314\Lib\site-packages\anyio\_backends\_asyncio.py", line 986, in run
    result = context.run(func, *args)
             ^^^^^^^^^^^^^^^^^^^^^^^^
  File "C:\Users\satta\Downloads\koreanguy\manas_os\api\app.py", line 3568, in jobs_get
    conn = db.init_db()
           ^^^^^^^^^^^^
  File "C:\Users\satta\Downloads\koreanguy\manas_os\db\__init__.py", line 61, in init_db
    conn.execute("INSERT OR IGNORE INTO settings (id, data_json) VALUES (1, '{}')")
sqlite3.OperationalError: database is locked
ERROR:    Exception in ASGI application
Traceback (most recent call last):
  File "C:\Users\satta\AppData\Local\Programs\Python\Python314\Lib\site-packages\uvicorn\protocols\http\h11_impl.py", line 410, in run_asgi
    result = await app(  # type: ignore[func-returns-value]
             ^^^^^^^^^^^^^^^^^^^^^^^^^^^^^^^^^^^^^^^^^^^^^^
  File "C:\Users\satta\AppData\Local\Programs\Python\Python314\Lib\site-packages\uvicorn\middleware\proxy_headers.py", line 60, in __call__
    return await self.app(scope, receive, send)
           ^^^^^^^^^^^^^^^^^^^^^^^^^^^^^^^^^^^^
  File "C:\Users\satta\AppData\Local\Programs\Python\Python314\Lib\site-packages\fastapi\applications.py", line 1135, in __call__
    await super().__call__(scope, receive, send)
  File "C:\Users\satta\AppData\Local\Programs\Python\Python314\Lib\site-packages\starlette\applications.py", line 107, in __call__
    await self.middleware_stack(scope, receive, send)
  File "C:\Users\satta\AppData\Local\Programs\Python\Python314\Lib\site-packages\starlette\middleware\errors.py", line 186, in __call__
    raise exc
  File "C:\Users\satta\AppData\Local\Programs\Python\Python314\Lib\site-packages\starlette\middleware\errors.py", line 164, in __call__
    await self.app(scope, receive, _send)
  File "C:\Users\satta\AppData\Local\Programs\Python\Python314\Lib\site-packages\starlette\middleware\cors.py", line 93, in __call__
    await self.simple_response(scope, receive, send, request_headers=headers)
  File "C:\Users\satta\AppData\Local\Programs\Python\Python314\Lib\site-packages\starlette\middleware\cors.py", line 144, in simple_response
    await self.app(scope, receive, send)
  File "C:\Users\satta\AppData\Local\Programs\Python\Python314\Lib\site-packages\starlette\middleware\exceptions.py", line 63, in __call__
    await wrap_app_handling_exceptions(self.app, conn)(scope, receive, send)
  File "C:\Users\satta\AppData\Local\Programs\Python\Python314\Lib\site-packages\starlette\_exception_handler.py", line 53, in wrapped_app
    raise exc
  File "C:\Users\satta\AppData\Local\Programs\Python\Python314\Lib\site-packages\starlette\_exception_handler.py", line 42, in wrapped_app
    await app(scope, receive, sender)
  File "C:\Users\satta\AppData\Local\Programs\Python\Python314\Lib\site-packages\fastapi\middleware\asyncexitstack.py", line 18, in __call__
    await self.app(scope, receive, send)
  File "C:\Users\satta\AppData\Local\Programs\Python\Python314\Lib\site-packages\starlette\routing.py", line 716, in __call__
    await self.middleware_stack(scope, receive, send)
  File "C:\Users\satta\AppData\Local\Programs\Python\Python314\Lib\site-packages\starlette\routing.py", line 736, in app
    await route.handle(scope, receive, send)
  File "C:\Users\satta\AppData\Local\Programs\Python\Python314\Lib\site-packages\starlette\routing.py", line 290, in handle
    await self.app(scope, receive, send)
  File "C:\Users\satta\AppData\Local\Programs\Python\Python314\Lib\site-packages\fastapi\routing.py", line 115, in app
    await wrap_app_handling_exceptions(app, request)(scope, receive, send)
  File "C:\Users\satta\AppData\Local\Programs\Python\Python314\Lib\site-packages\starlette\_exception_handler.py", line 53, in wrapped_app
    raise exc
  File "C:\Users\satta\AppData\Local\Programs\Python\Python314\Lib\site-packages\starlette\_exception_handler.py", line 42, in wrapped_app
    await app(scope, receive, sender)
  File "C:\Users\satta\AppData\Local\Programs\Python\Python314\Lib\site-packages\fastapi\routing.py", line 101, in app
    response = await f(request)
               ^^^^^^^^^^^^^^^^
  File "C:\Users\satta\AppData\Local\Programs\Python\Python314\Lib\site-packages\fastapi\routing.py", line 355, in app
    raw_response = await run_endpoint_function(
                   ^^^^^^^^^^^^^^^^^^^^^^^^^^^^
  File "C:\Users\satta\AppData\Local\Programs\Python\Python314\Lib\site-packages\fastapi\routing.py", line 245, in run_endpoint_function
    return await run_in_threadpool(dependant.call, **values)
           ^^^^^^^^^^^^^^^^^^^^^^^^^^^^^^^^^^^^^^^^^^^^^^^^^
  File "C:\Users\satta\AppData\Local\Programs\Python\Python314\Lib\site-packages\starlette\concurrency.py", line 32, in run_in_threadpool
    return await anyio.to_thread.run_sync(func)
           ^^^^^^^^^^^^^^^^^^^^^^^^^^^^^^^^^^^^
  File "C:\Users\satta\AppData\Local\Programs\Python\Python314\Lib\site-packages\anyio\to_thread.py", line 63, in run_sync
    return await get_async_backend().run_sync_in_worker_thread(
           ^^^^^^^^^^^^^^^^^^^^^^^^^^^^^^^^^^^^^^^^^^^^^^^^^^^^
  File "C:\Users\satta\AppData\Local\Programs\Python\Python314\Lib\site-packages\anyio\_backends\_asyncio.py", line 2502, in run_sync_in_worker_thread
    return await future
           ^^^^^^^^^^^^
  File "C:\Users\satta\AppData\Local\Programs\Python\Python314\Lib\site-packages\anyio\_backends\_asyncio.py", line 986, in run
    result = context.run(func, *args)
             ^^^^^^^^^^^^^^^^^^^^^^^^
  File "C:\Users\satta\Downloads\koreanguy\manas_os\api\app.py", line 3568, in jobs_get
    conn = db.init_db()
           ^^^^^^^^^^^^
  File "C:\Users\satta\Downloads\koreanguy\manas_os\db\__init__.py", line 61, in init_db
    conn.execute("INSERT OR IGNORE INTO settings (id, data_json) VALUES (1, '{}')")
sqlite3.OperationalError: database is locked
ERROR:    Exception in ASGI application
Traceback (most recent call last):
  File "C:\Users\satta\AppData\Local\Programs\Python\Python314\Lib\site-packages\uvicorn\protocols\http\h11_impl.py", line 410, in run_asgi
    result = await app(  # type: ignore[func-returns-value]
             ^^^^^^^^^^^^^^^^^^^^^^^^^^^^^^^^^^^^^^^^^^^^^^
  File "C:\Users\satta\AppData\Local\Programs\Python\Python314\Lib\site-packages\uvicorn\middleware\proxy_headers.py", line 60, in __call__
    return await self.app(scope, receive, send)
           ^^^^^^^^^^^^^^^^^^^^^^^^^^^^^^^^^^^^
  File "C:\Users\satta\AppData\Local\Programs\Python\Python314\Lib\site-packages\fastapi\applications.py", line 1135, in __call__
    await super().__call__(scope, receive, send)
  File "C:\Users\satta\AppData\Local\Programs\Python\Python314\Lib\site-packages\starlette\applications.py", line 107, in __call__
    await self.middleware_stack(scope, receive, send)
  File "C:\Users\satta\AppData\Local\Programs\Python\Python314\Lib\site-packages\starlette\middleware\errors.py", line 186, in __call__
    raise exc
  File "C:\Users\satta\AppData\Local\Programs\Python\Python314\Lib\site-packages\starlette\middleware\errors.py", line 164, in __call__
    await self.app(scope, receive, _send)
  File "C:\Users\satta\AppData\Local\Programs\Python\Python314\Lib\site-packages\starlette\middleware\cors.py", line 93, in __call__
    await self.simple_response(scope, receive, send, request_headers=headers)
  File "C:\Users\satta\AppData\Local\Programs\Python\Python314\Lib\site-packages\starlette\middleware\cors.py", line 144, in simple_response
    await self.app(scope, receive, send)
  File "C:\Users\satta\AppData\Local\Programs\Python\Python314\Lib\site-packages\starlette\middleware\exceptions.py", line 63, in __call__
    await wrap_app_handling_exceptions(self.app, conn)(scope, receive, send)
  File "C:\Users\satta\AppData\Local\Programs\Python\Python314\Lib\site-packages\starlette\_exception_handler.py", line 53, in wrapped_app
    raise exc
  File "C:\Users\satta\AppData\Local\Programs\Python\Python314\Lib\site-packages\starlette\_exception_handler.py", line 42, in wrapped_app
    await app(scope, receive, sender)
  File "C:\Users\satta\AppData\Local\Programs\Python\Python314\Lib\site-packages\fastapi\middleware\asyncexitstack.py", line 18, in __call__
    await self.app(scope, receive, send)
  File "C:\Users\satta\AppData\Local\Programs\Python\Python314\Lib\site-packages\starlette\routing.py", line 716, in __call__
    await self.middleware_stack(scope, receive, send)
  File "C:\Users\satta\AppData\Local\Programs\Python\Python314\Lib\site-packages\starlette\routing.py", line 736, in app
    await route.handle(scope, receive, send)
  File "C:\Users\satta\AppData\Local\Programs\Python\Python314\Lib\site-packages\starlette\routing.py", line 290, in handle
    await self.app(scope, receive, send)
  File "C:\Users\satta\AppData\Local\Programs\Python\Python314\Lib\site-packages\fastapi\routing.py", line 115, in app
    await wrap_app_handling_exceptions(app, request)(scope, receive, send)
  File "C:\Users\satta\AppData\Local\Programs\Python\Python314\Lib\site-packages\starlette\_exception_handler.py", line 53, in wrapped_app
    raise exc
  File "C:\Users\satta\AppData\Local\Programs\Python\Python314\Lib\site-packages\starlette\_exception_handler.py", line 42, in wrapped_app
    await app(scope, receive, sender)
  File "C:\Users\satta\AppData\Local\Programs\Python\Python314\Lib\site-packages\fastapi\routing.py", line 101, in app
    response = await f(request)
               ^^^^^^^^^^^^^^^^
  File "C:\Users\satta\AppData\Local\Programs\Python\Python314\Lib\site-packages\fastapi\routing.py", line 355, in app
    raw_response = await run_endpoint_function(
                   ^^^^^^^^^^^^^^^^^^^^^^^^^^^^
  File "C:\Users\satta\AppData\Local\Programs\Python\Python314\Lib\site-packages\fastapi\routing.py", line 245, in run_endpoint_function
    return await run_in_threadpool(dependant.call, **values)
           ^^^^^^^^^^^^^^^^^^^^^^^^^^^^^^^^^^^^^^^^^^^^^^^^^
  File "C:\Users\satta\AppData\Local\Programs\Python\Python314\Lib\site-packages\starlette\concurrency.py", line 32, in run_in_threadpool
    return await anyio.to_thread.run_sync(func)
           ^^^^^^^^^^^^^^^^^^^^^^^^^^^^^^^^^^^^
  File "C:\Users\satta\AppData\Local\Programs\Python\Python314\Lib\site-packages\anyio\to_thread.py", line 63, in run_sync
    return await get_async_backend().run_sync_in_worker_thread(
           ^^^^^^^^^^^^^^^^^^^^^^^^^^^^^^^^^^^^^^^^^^^^^^^^^^^^
  File "C:\Users\satta\AppData\Local\Programs\Python\Python314\Lib\site-packages\anyio\_backends\_asyncio.py", line 2502, in run_sync_in_worker_thread
    return await future
           ^^^^^^^^^^^^
  File "C:\Users\satta\AppData\Local\Programs\Python\Python314\Lib\site-packages\anyio\_backends\_asyncio.py", line 986, in run
    result = context.run(func, *args)
             ^^^^^^^^^^^^^^^^^^^^^^^^
  File "C:\Users\satta\Downloads\koreanguy\manas_os\api\app.py", line 3568, in jobs_get
    conn = db.init_db()
           ^^^^^^^^^^^^
  File "C:\Users\satta\Downloads\koreanguy\manas_os\db\__init__.py", line 61, in init_db
    conn.execute("INSERT OR IGNORE INTO settings (id, data_json) VALUES (1, '{}')")
sqlite3.OperationalError: database is locked
ERROR:    Exception in ASGI application
Traceback (most recent call last):
  File "C:\Users\satta\AppData\Local\Programs\Python\Python314\Lib\site-packages\uvicorn\protocols\http\h11_impl.py", line 410, in run_asgi
    result = await app(  # type: ignore[func-returns-value]
             ^^^^^^^^^^^^^^^^^^^^^^^^^^^^^^^^^^^^^^^^^^^^^^
  File "C:\Users\satta\AppData\Local\Programs\Python\Python314\Lib\site-packages\uvicorn\middleware\proxy_headers.py", line 60, in __call__
    return await self.app(scope, receive, send)
           ^^^^^^^^^^^^^^^^^^^^^^^^^^^^^^^^^^^^
  File "C:\Users\satta\AppData\Local\Programs\Python\Python314\Lib\site-packages\fastapi\applications.py", line 1135, in __call__
    await super().__call__(scope, receive, send)
  File "C:\Users\satta\AppData\Local\Programs\Python\Python314\Lib\site-packages\starlette\applications.py", line 107, in __call__
    await self.middleware_stack(scope, receive, send)
  File "C:\Users\satta\AppData\Local\Programs\Python\Python314\Lib\site-packages\starlette\middleware\errors.py", line 186, in __call__
    raise exc
  File "C:\Users\satta\AppData\Local\Programs\Python\Python314\Lib\site-packages\starlette\middleware\errors.py", line 164, in __call__
    await self.app(scope, receive, _send)
  File "C:\Users\satta\AppData\Local\Programs\Python\Python314\Lib\site-packages\starlette\middleware\cors.py", line 93, in __call__
    await self.simple_response(scope, receive, send, request_headers=headers)
  File "C:\Users\satta\AppData\Local\Programs\Python\Python314\Lib\site-packages\starlette\middleware\cors.py", line 144, in simple_response
    await self.app(scope, receive, send)
  File "C:\Users\satta\AppData\Local\Programs\Python\Python314\Lib\site-packages\starlette\middleware\exceptions.py", line 63, in __call__
    await wrap_app_handling_exceptions(self.app, conn)(scope, receive, send)
  File "C:\Users\satta\AppData\Local\Programs\Python\Python314\Lib\site-packages\starlette\_exception_handler.py", line 53, in wrapped_app
    raise exc
  File "C:\Users\satta\AppData\Local\Programs\Python\Python314\Lib\site-packages\starlette\_exception_handler.py", line 42, in wrapped_app
    await app(scope, receive, sender)
  File "C:\Users\satta\AppData\Local\Programs\Python\Python314\Lib\site-packages\fastapi\middleware\asyncexitstack.py", line 18, in __call__
    await self.app(scope, receive, send)
  File "C:\Users\satta\AppData\Local\Programs\Python\Python314\Lib\site-packages\starlette\routing.py", line 716, in __call__
    await self.middleware_stack(scope, receive, send)
  File "C:\Users\satta\AppData\Local\Programs\Python\Python314\Lib\site-packages\starlette\routing.py", line 736, in app
    await route.handle(scope, receive, send)
  File "C:\Users\satta\AppData\Local\Programs\Python\Python314\Lib\site-packages\starlette\routing.py", line 290, in handle
    await self.app(scope, receive, send)
  File "C:\Users\satta\AppData\Local\Programs\Python\Python314\Lib\site-packages\fastapi\routing.py", line 115, in app
    await wrap_app_handling_exceptions(app, request)(scope, receive, send)
  File "C:\Users\satta\AppData\Local\Programs\Python\Python314\Lib\site-packages\starlette\_exception_handler.py", line 53, in wrapped_app
    raise exc
  File "C:\Users\satta\AppData\Local\Programs\Python\Python314\Lib\site-packages\starlette\_exception_handler.py", line 42, in wrapped_app
    await app(scope, receive, sender)
  File "C:\Users\satta\AppData\Local\Programs\Python\Python314\Lib\site-packages\fastapi\routing.py", line 101, in app
    response = await f(request)
               ^^^^^^^^^^^^^^^^
  File "C:\Users\satta\AppData\Local\Programs\Python\Python314\Lib\site-packages\fastapi\routing.py", line 355, in app
    raw_response = await run_endpoint_function(
                   ^^^^^^^^^^^^^^^^^^^^^^^^^^^^
  File "C:\Users\satta\AppData\Local\Programs\Python\Python314\Lib\site-packages\fastapi\routing.py", line 245, in run_endpoint_function
    return await run_in_threadpool(dependant.call, **values)
           ^^^^^^^^^^^^^^^^^^^^^^^^^^^^^^^^^^^^^^^^^^^^^^^^^
  File "C:\Users\satta\AppData\Local\Programs\Python\Python314\Lib\site-packages\starlette\concurrency.py", line 32, in run_in_threadpool
    return await anyio.to_thread.run_sync(func)
           ^^^^^^^^^^^^^^^^^^^^^^^^^^^^^^^^^^^^
  File "C:\Users\satta\AppData\Local\Programs\Python\Python314\Lib\site-packages\anyio\to_thread.py", line 63, in run_sync
    return await get_async_backend().run_sync_in_worker_thread(
           ^^^^^^^^^^^^^^^^^^^^^^^^^^^^^^^^^^^^^^^^^^^^^^^^^^^^
  File "C:\Users\satta\AppData\Local\Programs\Python\Python314\Lib\site-packages\anyio\_backends\_asyncio.py", line 2502, in run_sync_in_worker_thread
    return await future
           ^^^^^^^^^^^^
  File "C:\Users\satta\AppData\Local\Programs\Python\Python314\Lib\site-packages\anyio\_backends\_asyncio.py", line 986, in run
    result = context.run(func, *args)
             ^^^^^^^^^^^^^^^^^^^^^^^^
  File "C:\Users\satta\Downloads\koreanguy\manas_os\api\app.py", line 3568, in jobs_get
    conn = db.init_db()
           ^^^^^^^^^^^^
  File "C:\Users\satta\Downloads\koreanguy\manas_os\db\__init__.py", line 61, in init_db
    conn.execute("INSERT OR IGNORE INTO settings (id, data_json) VALUES (1, '{}')")
sqlite3.OperationalError: database is locked
ERROR:    Exception in ASGI application
Traceback (most recent call last):
  File "C:\Users\satta\AppData\Local\Programs\Python\Python314\Lib\site-packages\uvicorn\protocols\http\h11_impl.py", line 410, in run_asgi
    result = await app(  # type: ignore[func-returns-value]
             ^^^^^^^^^^^^^^^^^^^^^^^^^^^^^^^^^^^^^^^^^^^^^^
  File "C:\Users\satta\AppData\Local\Programs\Python\Python314\Lib\site-packages\uvicorn\middleware\proxy_headers.py", line 60, in __call__
    return await self.app(scope, receive, send)
           ^^^^^^^^^^^^^^^^^^^^^^^^^^^^^^^^^^^^
  File "C:\Users\satta\AppData\Local\Programs\Python\Python314\Lib\site-packages\fastapi\applications.py", line 1135, in __call__
    await super().__call__(scope, receive, send)
  File "C:\Users\satta\AppData\Local\Programs\Python\Python314\Lib\site-packages\starlette\applications.py", line 107, in __call__
    await self.middleware_stack(scope, receive, send)
  File "C:\Users\satta\AppData\Local\Programs\Python\Python314\Lib\site-packages\starlette\middleware\errors.py", line 186, in __call__
    raise exc
  File "C:\Users\satta\AppData\Local\Programs\Python\Python314\Lib\site-packages\starlette\middleware\errors.py", line 164, in __call__
    await self.app(scope, receive, _send)
  File "C:\Users\satta\AppData\Local\Programs\Python\Python314\Lib\site-packages\starlette\middleware\cors.py", line 93, in __call__
    await self.simple_response(scope, receive, send, request_headers=headers)
  File "C:\Users\satta\AppData\Local\Programs\Python\Python314\Lib\site-packages\starlette\middleware\cors.py", line 144, in simple_response
    await self.app(scope, receive, send)
  File "C:\Users\satta\AppData\Local\Programs\Python\Python314\Lib\site-packages\starlette\middleware\exceptions.py", line 63, in __call__
    await wrap_app_handling_exceptions(self.app, conn)(scope, receive, send)
  File "C:\Users\satta\AppData\Local\Programs\Python\Python314\Lib\site-packages\starlette\_exception_handler.py", line 53, in wrapped_app
    raise exc
  File "C:\Users\satta\AppData\Local\Programs\Python\Python314\Lib\site-packages\starlette\_exception_handler.py", line 42, in wrapped_app
    await app(scope, receive, sender)
  File "C:\Users\satta\AppData\Local\Programs\Python\Python314\Lib\site-packages\fastapi\middleware\asyncexitstack.py", line 18, in __call__
    await self.app(scope, receive, send)
  File "C:\Users\satta\AppData\Local\Programs\Python\Python314\Lib\site-packages\starlette\routing.py", line 716, in __call__
    await self.middleware_stack(scope, receive, send)
  File "C:\Users\satta\AppData\Local\Programs\Python\Python314\Lib\site-packages\starlette\routing.py", line 736, in app
    await route.handle(scope, receive, send)
  File "C:\Users\satta\AppData\Local\Programs\Python\Python314\Lib\site-packages\starlette\routing.py", line 290, in handle
    await self.app(scope, receive, send)
  File "C:\Users\satta\AppData\Local\Programs\Python\Python314\Lib\site-packages\fastapi\routing.py", line 115, in app
    await wrap_app_handling_exceptions(app, request)(scope, receive, send)
  File "C:\Users\satta\AppData\Local\Programs\Python\Python314\Lib\site-packages\starlette\_exception_handler.py", line 53, in wrapped_app
    raise exc
  File "C:\Users\satta\AppData\Local\Programs\Python\Python314\Lib\site-packages\starlette\_exception_handler.py", line 42, in wrapped_app
    await app(scope, receive, sender)
  File "C:\Users\satta\AppData\Local\Programs\Python\Python314\Lib\site-packages\fastapi\routing.py", line 101, in app
    response = await f(request)
               ^^^^^^^^^^^^^^^^
  File "C:\Users\satta\AppData\Local\Programs\Python\Python314\Lib\site-packages\fastapi\routing.py", line 355, in app
    raw_response = await run_endpoint_function(
                   ^^^^^^^^^^^^^^^^^^^^^^^^^^^^
  File "C:\Users\satta\AppData\Local\Programs\Python\Python314\Lib\site-packages\fastapi\routing.py", line 245, in run_endpoint_function
    return await run_in_threadpool(dependant.call, **values)
           ^^^^^^^^^^^^^^^^^^^^^^^^^^^^^^^^^^^^^^^^^^^^^^^^^
  File "C:\Users\satta\AppData\Local\Programs\Python\Python314\Lib\site-packages\starlette\concurrency.py", line 32, in run_in_threadpool
    return await anyio.to_thread.run_sync(func)
           ^^^^^^^^^^^^^^^^^^^^^^^^^^^^^^^^^^^^
  File "C:\Users\satta\AppData\Local\Programs\Python\Python314\Lib\site-packages\anyio\to_thread.py", line 63, in run_sync
    return await get_async_backend().run_sync_in_worker_thread(
           ^^^^^^^^^^^^^^^^^^^^^^^^^^^^^^^^^^^^^^^^^^^^^^^^^^^^
  File "C:\Users\satta\AppData\Local\Programs\Python\Python314\Lib\site-packages\anyio\_backends\_asyncio.py", line 2502, in run_sync_in_worker_thread
    return await future
           ^^^^^^^^^^^^
  File "C:\Users\satta\AppData\Local\Programs\Python\Python314\Lib\site-packages\anyio\_backends\_asyncio.py", line 986, in run
    result = context.run(func, *args)
             ^^^^^^^^^^^^^^^^^^^^^^^^
  File "C:\Users\satta\Downloads\koreanguy\manas_os\api\app.py", line 3568, in jobs_get
    conn = db.init_db()
           ^^^^^^^^^^^^
  File "C:\Users\satta\Downloads\koreanguy\manas_os\db\__init__.py", line 61, in init_db
    conn.execute("INSERT OR IGNORE INTO settings (id, data_json) VALUES (1, '{}')")
sqlite3.OperationalError: database is locked
ERROR:    Exception in ASGI application
Traceback (most recent call last):
  File "C:\Users\satta\AppData\Local\Programs\Python\Python314\Lib\site-packages\uvicorn\protocols\http\h11_impl.py", line 410, in run_asgi
    result = await app(  # type: ignore[func-returns-value]
             ^^^^^^^^^^^^^^^^^^^^^^^^^^^^^^^^^^^^^^^^^^^^^^
  File "C:\Users\satta\AppData\Local\Programs\Python\Python314\Lib\site-packages\uvicorn\middleware\proxy_headers.py", line 60, in __call__
    return await self.app(scope, receive, send)
           ^^^^^^^^^^^^^^^^^^^^^^^^^^^^^^^^^^^^
  File "C:\Users\satta\AppData\Local\Programs\Python\Python314\Lib\site-packages\fastapi\applications.py", line 1135, in __call__
    await super().__call__(scope, receive, send)
  File "C:\Users\satta\AppData\Local\Programs\Python\Python314\Lib\site-packages\starlette\applications.py", line 107, in __call__
    await self.middleware_stack(scope, receive, send)
  File "C:\Users\satta\AppData\Local\Programs\Python\Python314\Lib\site-packages\starlette\middleware\errors.py", line 186, in __call__
    raise exc
  File "C:\Users\satta\AppData\Local\Programs\Python\Python314\Lib\site-packages\starlette\middleware\errors.py", line 164, in __call__
    await self.app(scope, receive, _send)
  File "C:\Users\satta\AppData\Local\Programs\Python\Python314\Lib\site-packages\starlette\middleware\cors.py", line 93, in __call__
    await self.simple_response(scope, receive, send, request_headers=headers)
  File "C:\Users\satta\AppData\Local\Programs\Python\Python314\Lib\site-packages\starlette\middleware\cors.py", line 144, in simple_response
    await self.app(scope, receive, send)
  File "C:\Users\satta\AppData\Local\Programs\Python\Python314\Lib\site-packages\starlette\middleware\exceptions.py", line 63, in __call__
    await wrap_app_handling_exceptions(self.app, conn)(scope, receive, send)
  File "C:\Users\satta\AppData\Local\Programs\Python\Python314\Lib\site-packages\starlette\_exception_handler.py", line 53, in wrapped_app
    raise exc
  File "C:\Users\satta\AppData\Local\Programs\Python\Python314\Lib\site-packages\starlette\_exception_handler.py", line 42, in wrapped_app
    await app(scope, receive, sender)
  File "C:\Users\satta\AppData\Local\Programs\Python\Python314\Lib\site-packages\fastapi\middleware\asyncexitstack.py", line 18, in __call__
    await self.app(scope, receive, send)
  File "C:\Users\satta\AppData\Local\Programs\Python\Python314\Lib\site-packages\starlette\routing.py", line 716, in __call__
    await self.middleware_stack(scope, receive, send)
  File "C:\Users\satta\AppData\Local\Programs\Python\Python314\Lib\site-packages\starlette\routing.py", line 736, in app
    await route.handle(scope, receive, send)
  File "C:\Users\satta\AppData\Local\Programs\Python\Python314\Lib\site-packages\starlette\routing.py", line 290, in handle
    await self.app(scope, receive, send)
  File "C:\Users\satta\AppData\Local\Programs\Python\Python314\Lib\site-packages\fastapi\routing.py", line 115, in app
    await wrap_app_handling_exceptions(app, request)(scope, receive, send)
  File "C:\Users\satta\AppData\Local\Programs\Python\Python314\Lib\site-packages\starlette\_exception_handler.py", line 53, in wrapped_app
    raise exc
  File "C:\Users\satta\AppData\Local\Programs\Python\Python314\Lib\site-packages\starlette\_exception_handler.py", line 42, in wrapped_app
    await app(scope, receive, sender)
  File "C:\Users\satta\AppData\Local\Programs\Python\Python314\Lib\site-packages\fastapi\routing.py", line 101, in app
    response = await f(request)
               ^^^^^^^^^^^^^^^^
  File "C:\Users\satta\AppData\Local\Programs\Python\Python314\Lib\site-packages\fastapi\routing.py", line 355, in app
    raw_response = await run_endpoint_function(
                   ^^^^^^^^^^^^^^^^^^^^^^^^^^^^
  File "C:\Users\satta\AppData\Local\Programs\Python\Python314\Lib\site-packages\fastapi\routing.py", line 245, in run_endpoint_function
    return await run_in_threadpool(dependant.call, **values)
           ^^^^^^^^^^^^^^^^^^^^^^^^^^^^^^^^^^^^^^^^^^^^^^^^^
  File "C:\Users\satta\AppData\Local\Programs\Python\Python314\Lib\site-packages\starlette\concurrency.py", line 32, in run_in_threadpool
    return await anyio.to_thread.run_sync(func)
           ^^^^^^^^^^^^^^^^^^^^^^^^^^^^^^^^^^^^
  File "C:\Users\satta\AppData\Local\Programs\Python\Python314\Lib\site-packages\anyio\to_thread.py", line 63, in run_sync
    return await get_async_backend().run_sync_in_worker_thread(
           ^^^^^^^^^^^^^^^^^^^^^^^^^^^^^^^^^^^^^^^^^^^^^^^^^^^^
  File "C:\Users\satta\AppData\Local\Programs\Python\Python314\Lib\site-packages\anyio\_backends\_asyncio.py", line 2502, in run_sync_in_worker_thread
    return await future
           ^^^^^^^^^^^^
  File "C:\Users\satta\AppData\Local\Programs\Python\Python314\Lib\site-packages\anyio\_backends\_asyncio.py", line 986, in run
    result = context.run(func, *args)
             ^^^^^^^^^^^^^^^^^^^^^^^^
  File "C:\Users\satta\Downloads\koreanguy\manas_os\api\app.py", line 3568, in jobs_get
    conn = db.init_db()
           ^^^^^^^^^^^^
  File "C:\Users\satta\Downloads\koreanguy\manas_os\db\__init__.py", line 61, in init_db
    conn.execute("INSERT OR IGNORE INTO settings (id, data_json) VALUES (1, '{}')")
sqlite3.OperationalError: database is locked
ERROR:    Exception in ASGI application
Traceback (most recent call last):
  File "C:\Users\satta\AppData\Local\Programs\Python\Python314\Lib\site-packages\uvicorn\protocols\http\h11_impl.py", line 410, in run_asgi
    result = await app(  # type: ignore[func-returns-value]
             ^^^^^^^^^^^^^^^^^^^^^^^^^^^^^^^^^^^^^^^^^^^^^^
  File "C:\Users\satta\AppData\Local\Programs\Python\Python314\Lib\site-packages\uvicorn\middleware\proxy_headers.py", line 60, in __call__
    return await self.app(scope, receive, send)
           ^^^^^^^^^^^^^^^^^^^^^^^^^^^^^^^^^^^^
  File "C:\Users\satta\AppData\Local\Programs\Python\Python314\Lib\site-packages\fastapi\applications.py", line 1135, in __call__
    await super().__call__(scope, receive, send)
  File "C:\Users\satta\AppData\Local\Programs\Python\Python314\Lib\site-packages\starlette\applications.py", line 107, in __call__
    await self.middleware_stack(scope, receive, send)
  File "C:\Users\satta\AppData\Local\Programs\Python\Python314\Lib\site-packages\starlette\middleware\errors.py", line 186, in __call__
    raise exc
  File "C:\Users\satta\AppData\Local\Programs\Python\Python314\Lib\site-packages\starlette\middleware\errors.py", line 164, in __call__
    await self.app(scope, receive, _send)
  File "C:\Users\satta\AppData\Local\Programs\Python\Python314\Lib\site-packages\starlette\middleware\cors.py", line 93, in __call__
    await self.simple_response(scope, receive, send, request_headers=headers)
  File "C:\Users\satta\AppData\Local\Programs\Python\Python314\Lib\site-packages\starlette\middleware\cors.py", line 144, in simple_response
    await self.app(scope, receive, send)
  File "C:\Users\satta\AppData\Local\Programs\Python\Python314\Lib\site-packages\starlette\middleware\exceptions.py", line 63, in __call__
    await wrap_app_handling_exceptions(self.app, conn)(scope, receive, send)
  File "C:\Users\satta\AppData\Local\Programs\Python\Python314\Lib\site-packages\starlette\_exception_handler.py", line 53, in wrapped_app
    raise exc
  File "C:\Users\satta\AppData\Local\Programs\Python\Python314\Lib\site-packages\starlette\_exception_handler.py", line 42, in wrapped_app
    await app(scope, receive, sender)
  File "C:\Users\satta\AppData\Local\Programs\Python\Python314\Lib\site-packages\fastapi\middleware\asyncexitstack.py", line 18, in __call__
    await self.app(scope, receive, send)
  File "C:\Users\satta\AppData\Local\Programs\Python\Python314\Lib\site-packages\starlette\routing.py", line 716, in __call__
    await self.middleware_stack(scope, receive, send)
  File "C:\Users\satta\AppData\Local\Programs\Python\Python314\Lib\site-packages\starlette\routing.py", line 736, in app
    await route.handle(scope, receive, send)
  File "C:\Users\satta\AppData\Local\Programs\Python\Python314\Lib\site-packages\starlette\routing.py", line 290, in handle
    await self.app(scope, receive, send)
  File "C:\Users\satta\AppData\Local\Programs\Python\Python314\Lib\site-packages\fastapi\routing.py", line 115, in app
    await wrap_app_handling_exceptions(app, request)(scope, receive, send)
  File "C:\Users\satta\AppData\Local\Programs\Python\Python314\Lib\site-packages\starlette\_exception_handler.py", line 53, in wrapped_app
    raise exc
  File "C:\Users\satta\AppData\Local\Programs\Python\Python314\Lib\site-packages\starlette\_exception_handler.py", line 42, in wrapped_app
    await app(scope, receive, sender)
  File "C:\Users\satta\AppData\Local\Programs\Python\Python314\Lib\site-packages\fastapi\routing.py", line 101, in app
    response = await f(request)
               ^^^^^^^^^^^^^^^^
  File "C:\Users\satta\AppData\Local\Programs\Python\Python314\Lib\site-packages\fastapi\routing.py", line 355, in app
    raw_response = await run_endpoint_function(
                   ^^^^^^^^^^^^^^^^^^^^^^^^^^^^
  File "C:\Users\satta\AppData\Local\Programs\Python\Python314\Lib\site-packages\fastapi\routing.py", line 245, in run_endpoint_function
    return await run_in_threadpool(dependant.call, **values)
           ^^^^^^^^^^^^^^^^^^^^^^^^^^^^^^^^^^^^^^^^^^^^^^^^^
  File "C:\Users\satta\AppData\Local\Programs\Python\Python314\Lib\site-packages\starlette\concurrency.py", line 32, in run_in_threadpool
    return await anyio.to_thread.run_sync(func)
           ^^^^^^^^^^^^^^^^^^^^^^^^^^^^^^^^^^^^
  File "C:\Users\satta\AppData\Local\Programs\Python\Python314\Lib\site-packages\anyio\to_thread.py", line 63, in run_sync
    return await get_async_backend().run_sync_in_worker_thread(
           ^^^^^^^^^^^^^^^^^^^^^^^^^^^^^^^^^^^^^^^^^^^^^^^^^^^^
  File "C:\Users\satta\AppData\Local\Programs\Python\Python314\Lib\site-packages\anyio\_backends\_asyncio.py", line 2502, in run_sync_in_worker_thread
    return await future
           ^^^^^^^^^^^^
  File "C:\Users\satta\AppData\Local\Programs\Python\Python314\Lib\site-packages\anyio\_backends\_asyncio.py", line 986, in run
    result = context.run(func, *args)
             ^^^^^^^^^^^^^^^^^^^^^^^^
  File "C:\Users\satta\Downloads\koreanguy\manas_os\api\app.py", line 3568, in jobs_get
    conn = db.init_db()
           ^^^^^^^^^^^^
  File "C:\Users\satta\Downloads\koreanguy\manas_os\db\__init__.py", line 61, in init_db
    conn.execute("INSERT OR IGNORE INTO settings (id, data_json) VALUES (1, '{}')")
sqlite3.OperationalError: database is locked
ERROR:    Exception in ASGI application
Traceback (most recent call last):
  File "C:\Users\satta\AppData\Local\Programs\Python\Python314\Lib\site-packages\uvicorn\protocols\http\h11_impl.py", line 410, in run_asgi
    result = await app(  # type: ignore[func-returns-value]
             ^^^^^^^^^^^^^^^^^^^^^^^^^^^^^^^^^^^^^^^^^^^^^^
  File "C:\Users\satta\AppData\Local\Programs\Python\Python314\Lib\site-packages\uvicorn\middleware\proxy_headers.py", line 60, in __call__
    return await self.app(scope, receive, send)
           ^^^^^^^^^^^^^^^^^^^^^^^^^^^^^^^^^^^^
  File "C:\Users\satta\AppData\Local\Programs\Python\Python314\Lib\site-packages\fastapi\applications.py", line 1135, in __call__
    await super().__call__(scope, receive, send)
  File "C:\Users\satta\AppData\Local\Programs\Python\Python314\Lib\site-packages\starlette\applications.py", line 107, in __call__
    await self.middleware_stack(scope, receive, send)
  File "C:\Users\satta\AppData\Local\Programs\Python\Python314\Lib\site-packages\starlette\middleware\errors.py", line 186, in __call__
    raise exc
  File "C:\Users\satta\AppData\Local\Programs\Python\Python314\Lib\site-packages\starlette\middleware\errors.py", line 164, in __call__
    await self.app(scope, receive, _send)
  File "C:\Users\satta\AppData\Local\Programs\Python\Python314\Lib\site-packages\starlette\middleware\cors.py", line 93, in __call__
    await self.simple_response(scope, receive, send, request_headers=headers)
  File "C:\Users\satta\AppData\Local\Programs\Python\Python314\Lib\site-packages\starlette\middleware\cors.py", line 144, in simple_response
    await self.app(scope, receive, send)
  File "C:\Users\satta\AppData\Local\Programs\Python\Python314\Lib\site-packages\starlette\middleware\exceptions.py", line 63, in __call__
    await wrap_app_handling_exceptions(self.app, conn)(scope, receive, send)
  File "C:\Users\satta\AppData\Local\Programs\Python\Python314\Lib\site-packages\starlette\_exception_handler.py", line 53, in wrapped_app
    raise exc
  File "C:\Users\satta\AppData\Local\Programs\Python\Python314\Lib\site-packages\starlette\_exception_handler.py", line 42, in wrapped_app
    await app(scope, receive, sender)
  File "C:\Users\satta\AppData\Local\Programs\Python\Python314\Lib\site-packages\fastapi\middleware\asyncexitstack.py", line 18, in __call__
    await self.app(scope, receive, send)
  File "C:\Users\satta\AppData\Local\Programs\Python\Python314\Lib\site-packages\starlette\routing.py", line 716, in __call__
    await self.middleware_stack(scope, receive, send)
  File "C:\Users\satta\AppData\Local\Programs\Python\Python314\Lib\site-packages\starlette\routing.py", line 736, in app
    await route.handle(scope, receive, send)
  File "C:\Users\satta\AppData\Local\Programs\Python\Python314\Lib\site-packages\starlette\routing.py", line 290, in handle
    await self.app(scope, receive, send)
  File "C:\Users\satta\AppData\Local\Programs\Python\Python314\Lib\site-packages\fastapi\routing.py", line 115, in app
    await wrap_app_handling_exceptions(app, request)(scope, receive, send)
  File "C:\Users\satta\AppData\Local\Programs\Python\Python314\Lib\site-packages\starlette\_exception_handler.py", line 53, in wrapped_app
    raise exc
  File "C:\Users\satta\AppData\Local\Programs\Python\Python314\Lib\site-packages\starlette\_exception_handler.py", line 42, in wrapped_app
    await app(scope, receive, sender)
  File "C:\Users\satta\AppData\Local\Programs\Python\Python314\Lib\site-packages\fastapi\routing.py", line 101, in app
    response = await f(request)
               ^^^^^^^^^^^^^^^^
  File "C:\Users\satta\AppData\Local\Programs\Python\Python314\Lib\site-packages\fastapi\routing.py", line 355, in app
    raw_response = await run_endpoint_function(
                   ^^^^^^^^^^^^^^^^^^^^^^^^^^^^
  File "C:\Users\satta\AppData\Local\Programs\Python\Python314\Lib\site-packages\fastapi\routing.py", line 245, in run_endpoint_function
    return await run_in_threadpool(dependant.call, **values)
           ^^^^^^^^^^^^^^^^^^^^^^^^^^^^^^^^^^^^^^^^^^^^^^^^^
  File "C:\Users\satta\AppData\Local\Programs\Python\Python314\Lib\site-packages\starlette\concurrency.py", line 32, in run_in_threadpool
    return await anyio.to_thread.run_sync(func)
           ^^^^^^^^^^^^^^^^^^^^^^^^^^^^^^^^^^^^
  File "C:\Users\satta\AppData\Local\Programs\Python\Python314\Lib\site-packages\anyio\to_thread.py", line 63, in run_sync
    return await get_async_backend().run_sync_in_worker_thread(
           ^^^^^^^^^^^^^^^^^^^^^^^^^^^^^^^^^^^^^^^^^^^^^^^^^^^^
  File "C:\Users\satta\AppData\Local\Programs\Python\Python314\Lib\site-packages\anyio\_backends\_asyncio.py", line 2502, in run_sync_in_worker_thread
    return await future
           ^^^^^^^^^^^^
  File "C:\Users\satta\AppData\Local\Programs\Python\Python314\Lib\site-packages\anyio\_backends\_asyncio.py", line 986, in run
    result = context.run(func, *args)
             ^^^^^^^^^^^^^^^^^^^^^^^^
  File "C:\Users\satta\Downloads\koreanguy\manas_os\api\app.py", line 3568, in jobs_get
    conn = db.init_db()
           ^^^^^^^^^^^^
  File "C:\Users\satta\Downloads\koreanguy\manas_os\db\__init__.py", line 61, in init_db
    conn.execute("INSERT OR IGNORE INTO settings (id, data_json) VALUES (1, '{}')")
sqlite3.OperationalError: database is locked
ERROR:    Exception in ASGI application
Traceback (most recent call last):
  File "C:\Users\satta\AppData\Local\Programs\Python\Python314\Lib\site-packages\uvicorn\protocols\http\h11_impl.py", line 410, in run_asgi
    result = await app(  # type: ignore[func-returns-value]
             ^^^^^^^^^^^^^^^^^^^^^^^^^^^^^^^^^^^^^^^^^^^^^^
  File "C:\Users\satta\AppData\Local\Programs\Python\Python314\Lib\site-packages\uvicorn\middleware\proxy_headers.py", line 60, in __call__
    return await self.app(scope, receive, send)
           ^^^^^^^^^^^^^^^^^^^^^^^^^^^^^^^^^^^^
  File "C:\Users\satta\AppData\Local\Programs\Python\Python314\Lib\site-packages\fastapi\applications.py", line 1135, in __call__
    await super().__call__(scope, receive, send)
  File "C:\Users\satta\AppData\Local\Programs\Python\Python314\Lib\site-packages\starlette\applications.py", line 107, in __call__
    await self.middleware_stack(scope, receive, send)
  File "C:\Users\satta\AppData\Local\Programs\Python\Python314\Lib\site-packages\starlette\middleware\errors.py", line 186, in __call__
    raise exc
  File "C:\Users\satta\AppData\Local\Programs\Python\Python314\Lib\site-packages\starlette\middleware\errors.py", line 164, in __call__
    await self.app(scope, receive, _send)
  File "C:\Users\satta\AppData\Local\Programs\Python\Python314\Lib\site-packages\starlette\middleware\cors.py", line 93, in __call__
    await self.simple_response(scope, receive, send, request_headers=headers)
  File "C:\Users\satta\AppData\Local\Programs\Python\Python314\Lib\site-packages\starlette\middleware\cors.py", line 144, in simple_response
    await self.app(scope, receive, send)
  File "C:\Users\satta\AppData\Local\Programs\Python\Python314\Lib\site-packages\starlette\middleware\exceptions.py", line 63, in __call__
    await wrap_app_handling_exceptions(self.app, conn)(scope, receive, send)
  File "C:\Users\satta\AppData\Local\Programs\Python\Python314\Lib\site-packages\starlette\_exception_handler.py", line 53, in wrapped_app
    raise exc
  File "C:\Users\satta\AppData\Local\Programs\Python\Python314\Lib\site-packages\starlette\_exception_handler.py", line 42, in wrapped_app
    await app(scope, receive, sender)
  File "C:\Users\satta\AppData\Local\Programs\Python\Python314\Lib\site-packages\fastapi\middleware\asyncexitstack.py", line 18, in __call__
    await self.app(scope, receive, send)
  File "C:\Users\satta\AppData\Local\Programs\Python\Python314\Lib\site-packages\starlette\routing.py", line 716, in __call__
    await self.middleware_stack(scope, receive, send)
  File "C:\Users\satta\AppData\Local\Programs\Python\Python314\Lib\site-packages\starlette\routing.py", line 736, in app
    await route.handle(scope, receive, send)
  File "C:\Users\satta\AppData\Local\Programs\Python\Python314\Lib\site-packages\starlette\routing.py", line 290, in handle
    await self.app(scope, receive, send)
  File "C:\Users\satta\AppData\Local\Programs\Python\Python314\Lib\site-packages\fastapi\routing.py", line 115, in app
    await wrap_app_handling_exceptions(app, request)(scope, receive, send)
  File "C:\Users\satta\AppData\Local\Programs\Python\Python314\Lib\site-packages\starlette\_exception_handler.py", line 53, in wrapped_app
    raise exc
  File "C:\Users\satta\AppData\Local\Programs\Python\Python314\Lib\site-packages\starlette\_exception_handler.py", line 42, in wrapped_app
    await app(scope, receive, sender)
  File "C:\Users\satta\AppData\Local\Programs\Python\Python314\Lib\site-packages\fastapi\routing.py", line 101, in app
    response = await f(request)
               ^^^^^^^^^^^^^^^^
  File "C:\Users\satta\AppData\Local\Programs\Python\Python314\Lib\site-packages\fastapi\routing.py", line 355, in app
    raw_response = await run_endpoint_function(
                   ^^^^^^^^^^^^^^^^^^^^^^^^^^^^
  File "C:\Users\satta\AppData\Local\Programs\Python\Python314\Lib\site-packages\fastapi\routing.py", line 245, in run_endpoint_function
    return await run_in_threadpool(dependant.call, **values)
           ^^^^^^^^^^^^^^^^^^^^^^^^^^^^^^^^^^^^^^^^^^^^^^^^^
  File "C:\Users\satta\AppData\Local\Programs\Python\Python314\Lib\site-packages\starlette\concurrency.py", line 32, in run_in_threadpool
    return await anyio.to_thread.run_sync(func)
           ^^^^^^^^^^^^^^^^^^^^^^^^^^^^^^^^^^^^
  File "C:\Users\satta\AppData\Local\Programs\Python\Python314\Lib\site-packages\anyio\to_thread.py", line 63, in run_sync
    return await get_async_backend().run_sync_in_worker_thread(
           ^^^^^^^^^^^^^^^^^^^^^^^^^^^^^^^^^^^^^^^^^^^^^^^^^^^^
  File "C:\Users\satta\AppData\Local\Programs\Python\Python314\Lib\site-packages\anyio\_backends\_asyncio.py", line 2502, in run_sync_in_worker_thread
    return await future
           ^^^^^^^^^^^^
  File "C:\Users\satta\AppData\Local\Programs\Python\Python314\Lib\site-packages\anyio\_backends\_asyncio.py", line 986, in run
    result = context.run(func, *args)
             ^^^^^^^^^^^^^^^^^^^^^^^^
  File "C:\Users\satta\Downloads\koreanguy\manas_os\api\app.py", line 3568, in jobs_get
    conn = db.init_db()
           ^^^^^^^^^^^^
  File "C:\Users\satta\Downloads\koreanguy\manas_os\db\__init__.py", line 61, in init_db
    conn.execute("INSERT OR IGNORE INTO settings (id, data_json) VALUES (1, '{}')")
sqlite3.OperationalError: database is locked
ERROR:    Exception in ASGI application
Traceback (most recent call last):
  File "C:\Users\satta\AppData\Local\Programs\Python\Python314\Lib\site-packages\uvicorn\protocols\http\h11_impl.py", line 410, in run_asgi
    result = await app(  # type: ignore[func-returns-value]
             ^^^^^^^^^^^^^^^^^^^^^^^^^^^^^^^^^^^^^^^^^^^^^^
  File "C:\Users\satta\AppData\Local\Programs\Python\Python314\Lib\site-packages\uvicorn\middleware\proxy_headers.py", line 60, in __call__
    return await self.app(scope, receive, send)
           ^^^^^^^^^^^^^^^^^^^^^^^^^^^^^^^^^^^^
  File "C:\Users\satta\AppData\Local\Programs\Python\Python314\Lib\site-packages\fastapi\applications.py", line 1135, in __call__
    await super().__call__(scope, receive, send)
  File "C:\Users\satta\AppData\Local\Programs\Python\Python314\Lib\site-packages\starlette\applications.py", line 107, in __call__
    await self.middleware_stack(scope, receive, send)
  File "C:\Users\satta\AppData\Local\Programs\Python\Python314\Lib\site-packages\starlette\middleware\errors.py", line 186, in __call__
    raise exc
  File "C:\Users\satta\AppData\Local\Programs\Python\Python314\Lib\site-packages\starlette\middleware\errors.py", line 164, in __call__
    await self.app(scope, receive, _send)
  File "C:\Users\satta\AppData\Local\Programs\Python\Python314\Lib\site-packages\starlette\middleware\cors.py", line 93, in __call__
    await self.simple_response(scope, receive, send, request_headers=headers)
  File "C:\Users\satta\AppData\Local\Programs\Python\Python314\Lib\site-packages\starlette\middleware\cors.py", line 144, in simple_response
    await self.app(scope, receive, send)
  File "C:\Users\satta\AppData\Local\Programs\Python\Python314\Lib\site-packages\starlette\middleware\exceptions.py", line 63, in __call__
    await wrap_app_handling_exceptions(self.app, conn)(scope, receive, send)
  File "C:\Users\satta\AppData\Local\Programs\Python\Python314\Lib\site-packages\starlette\_exception_handler.py", line 53, in wrapped_app
    raise exc
  File "C:\Users\satta\AppData\Local\Programs\Python\Python314\Lib\site-packages\starlette\_exception_handler.py", line 42, in wrapped_app
    await app(scope, receive, sender)
  File "C:\Users\satta\AppData\Local\Programs\Python\Python314\Lib\site-packages\fastapi\middleware\asyncexitstack.py", line 18, in __call__
    await self.app(scope, receive, send)
  File "C:\Users\satta\AppData\Local\Programs\Python\Python314\Lib\site-packages\starlette\routing.py", line 716, in __call__
    await self.middleware_stack(scope, receive, send)
  File "C:\Users\satta\AppData\Local\Programs\Python\Python314\Lib\site-packages\starlette\routing.py", line 736, in app
    await route.handle(scope, receive, send)
  File "C:\Users\satta\AppData\Local\Programs\Python\Python314\Lib\site-packages\starlette\routing.py", line 290, in handle
    await self.app(scope, receive, send)
  File "C:\Users\satta\AppData\Local\Programs\Python\Python314\Lib\site-packages\fastapi\routing.py", line 115, in app
    await wrap_app_handling_exceptions(app, request)(scope, receive, send)
  File "C:\Users\satta\AppData\Local\Programs\Python\Python314\Lib\site-packages\starlette\_exception_handler.py", line 53, in wrapped_app
    raise exc
  File "C:\Users\satta\AppData\Local\Programs\Python\Python314\Lib\site-packages\starlette\_exception_handler.py", line 42, in wrapped_app
    await app(scope, receive, sender)
  File "C:\Users\satta\AppData\Local\Programs\Python\Python314\Lib\site-packages\fastapi\routing.py", line 101, in app
    response = await f(request)
               ^^^^^^^^^^^^^^^^
  File "C:\Users\satta\AppData\Local\Programs\Python\Python314\Lib\site-packages\fastapi\routing.py", line 355, in app
    raw_response = await run_endpoint_function(
                   ^^^^^^^^^^^^^^^^^^^^^^^^^^^^
  File "C:\Users\satta\AppData\Local\Programs\Python\Python314\Lib\site-packages\fastapi\routing.py", line 245, in run_endpoint_function
    return await run_in_threadpool(dependant.call, **values)
           ^^^^^^^^^^^^^^^^^^^^^^^^^^^^^^^^^^^^^^^^^^^^^^^^^
  File "C:\Users\satta\AppData\Local\Programs\Python\Python314\Lib\site-packages\starlette\concurrency.py", line 32, in run_in_threadpool
    return await anyio.to_thread.run_sync(func)
           ^^^^^^^^^^^^^^^^^^^^^^^^^^^^^^^^^^^^
  File "C:\Users\satta\AppData\Local\Programs\Python\Python314\Lib\site-packages\anyio\to_thread.py", line 63, in run_sync
    return await get_async_backend().run_sync_in_worker_thread(
           ^^^^^^^^^^^^^^^^^^^^^^^^^^^^^^^^^^^^^^^^^^^^^^^^^^^^
  File "C:\Users\satta\AppData\Local\Programs\Python\Python314\Lib\site-packages\anyio\_backends\_asyncio.py", line 2502, in run_sync_in_worker_thread
    return await future
           ^^^^^^^^^^^^
  File "C:\Users\satta\AppData\Local\Programs\Python\Python314\Lib\site-packages\anyio\_backends\_asyncio.py", line 986, in run
    result = context.run(func, *args)
             ^^^^^^^^^^^^^^^^^^^^^^^^
  File "C:\Users\satta\Downloads\koreanguy\manas_os\api\app.py", line 3568, in jobs_get
    conn = db.init_db()
           ^^^^^^^^^^^^
  File "C:\Users\satta\Downloads\koreanguy\manas_os\db\__init__.py", line 61, in init_db
    conn.execute("INSERT OR IGNORE INTO settings (id, data_json) VALUES (1, '{}')")
sqlite3.OperationalError: database is locked
ERROR:    Exception in ASGI application
Traceback (most recent call last):
  File "C:\Users\satta\AppData\Local\Programs\Python\Python314\Lib\site-packages\uvicorn\protocols\http\h11_impl.py", line 410, in run_asgi
    result = await app(  # type: ignore[func-returns-value]
             ^^^^^^^^^^^^^^^^^^^^^^^^^^^^^^^^^^^^^^^^^^^^^^
  File "C:\Users\satta\AppData\Local\Programs\Python\Python314\Lib\site-packages\uvicorn\middleware\proxy_headers.py", line 60, in __call__
    return await self.app(scope, receive, send)
           ^^^^^^^^^^^^^^^^^^^^^^^^^^^^^^^^^^^^
  File "C:\Users\satta\AppData\Local\Programs\Python\Python314\Lib\site-packages\fastapi\applications.py", line 1135, in __call__
    await super().__call__(scope, receive, send)
  File "C:\Users\satta\AppData\Local\Programs\Python\Python314\Lib\site-packages\starlette\applications.py", line 107, in __call__
    await self.middleware_stack(scope, receive, send)
  File "C:\Users\satta\AppData\Local\Programs\Python\Python314\Lib\site-packages\starlette\middleware\errors.py", line 186, in __call__
    raise exc
  File "C:\Users\satta\AppData\Local\Programs\Python\Python314\Lib\site-packages\starlette\middleware\errors.py", line 164, in __call__
    await self.app(scope, receive, _send)
  File "C:\Users\satta\AppData\Local\Programs\Python\Python314\Lib\site-packages\starlette\middleware\cors.py", line 93, in __call__
    await self.simple_response(scope, receive, send, request_headers=headers)
  File "C:\Users\satta\AppData\Local\Programs\Python\Python314\Lib\site-packages\starlette\middleware\cors.py", line 144, in simple_response
    await self.app(scope, receive, send)
  File "C:\Users\satta\AppData\Local\Programs\Python\Python314\Lib\site-packages\starlette\middleware\exceptions.py", line 63, in __call__
    await wrap_app_handling_exceptions(self.app, conn)(scope, receive, send)
  File "C:\Users\satta\AppData\Local\Programs\Python\Python314\Lib\site-packages\starlette\_exception_handler.py", line 53, in wrapped_app
    raise exc
  File "C:\Users\satta\AppData\Local\Programs\Python\Python314\Lib\site-packages\starlette\_exception_handler.py", line 42, in wrapped_app
    await app(scope, receive, sender)
  File "C:\Users\satta\AppData\Local\Programs\Python\Python314\Lib\site-packages\fastapi\middleware\asyncexitstack.py", line 18, in __call__
    await self.app(scope, receive, send)
  File "C:\Users\satta\AppData\Local\Programs\Python\Python314\Lib\site-packages\starlette\routing.py", line 716, in __call__
    await self.middleware_stack(scope, receive, send)
  File "C:\Users\satta\AppData\Local\Programs\Python\Python314\Lib\site-packages\starlette\routing.py", line 736, in app
    await route.handle(scope, receive, send)
  File "C:\Users\satta\AppData\Local\Programs\Python\Python314\Lib\site-packages\starlette\routing.py", line 290, in handle
    await self.app(scope, receive, send)
  File "C:\Users\satta\AppData\Local\Programs\Python\Python314\Lib\site-packages\fastapi\routing.py", line 115, in app
    await wrap_app_handling_exceptions(app, request)(scope, receive, send)
  File "C:\Users\satta\AppData\Local\Programs\Python\Python314\Lib\site-packages\starlette\_exception_handler.py", line 53, in wrapped_app
    raise exc
  File "C:\Users\satta\AppData\Local\Programs\Python\Python314\Lib\site-packages\starlette\_exception_handler.py", line 42, in wrapped_app
    await app(scope, receive, sender)
  File "C:\Users\satta\AppData\Local\Programs\Python\Python314\Lib\site-packages\fastapi\routing.py", line 101, in app
    response = await f(request)
               ^^^^^^^^^^^^^^^^
  File "C:\Users\satta\AppData\Local\Programs\Python\Python314\Lib\site-packages\fastapi\routing.py", line 355, in app
    raw_response = await run_endpoint_function(
                   ^^^^^^^^^^^^^^^^^^^^^^^^^^^^
  File "C:\Users\satta\AppData\Local\Programs\Python\Python314\Lib\site-packages\fastapi\routing.py", line 245, in run_endpoint_function
    return await run_in_threadpool(dependant.call, **values)
           ^^^^^^^^^^^^^^^^^^^^^^^^^^^^^^^^^^^^^^^^^^^^^^^^^
  File "C:\Users\satta\AppData\Local\Programs\Python\Python314\Lib\site-packages\starlette\concurrency.py", line 32, in run_in_threadpool
    return await anyio.to_thread.run_sync(func)
           ^^^^^^^^^^^^^^^^^^^^^^^^^^^^^^^^^^^^
  File "C:\Users\satta\AppData\Local\Programs\Python\Python314\Lib\site-packages\anyio\to_thread.py", line 63, in run_sync
    return await get_async_backend().run_sync_in_worker_thread(
           ^^^^^^^^^^^^^^^^^^^^^^^^^^^^^^^^^^^^^^^^^^^^^^^^^^^^
  File "C:\Users\satta\AppData\Local\Programs\Python\Python314\Lib\site-packages\anyio\_backends\_asyncio.py", line 2502, in run_sync_in_worker_thread
    return await future
           ^^^^^^^^^^^^
  File "C:\Users\satta\AppData\Local\Programs\Python\Python314\Lib\site-packages\anyio\_backends\_asyncio.py", line 986, in run
    result = context.run(func, *args)
             ^^^^^^^^^^^^^^^^^^^^^^^^
  File "C:\Users\satta\Downloads\koreanguy\manas_os\api\app.py", line 3568, in jobs_get
    conn = db.init_db()
           ^^^^^^^^^^^^
  File "C:\Users\satta\Downloads\koreanguy\manas_os\db\__init__.py", line 61, in init_db
    conn.execute("INSERT OR IGNORE INTO settings (id, data_json) VALUES (1, '{}')")
sqlite3.OperationalError: database is locked
ERROR:    Exception in ASGI application
Traceback (most recent call last):
  File "C:\Users\satta\AppData\Local\Programs\Python\Python314\Lib\site-packages\uvicorn\protocols\http\h11_impl.py", line 410, in run_asgi
    result = await app(  # type: ignore[func-returns-value]
             ^^^^^^^^^^^^^^^^^^^^^^^^^^^^^^^^^^^^^^^^^^^^^^
  File "C:\Users\satta\AppData\Local\Programs\Python\Python314\Lib\site-packages\uvicorn\middleware\proxy_headers.py", line 60, in __call__
    return await self.app(scope, receive, send)
           ^^^^^^^^^^^^^^^^^^^^^^^^^^^^^^^^^^^^
  File "C:\Users\satta\AppData\Local\Programs\Python\Python314\Lib\site-packages\fastapi\applications.py", line 1135, in __call__
    await super().__call__(scope, receive, send)
  File "C:\Users\satta\AppData\Local\Programs\Python\Python314\Lib\site-packages\starlette\applications.py", line 107, in __call__
    await self.middleware_stack(scope, receive, send)
  File "C:\Users\satta\AppData\Local\Programs\Python\Python314\Lib\site-packages\starlette\middleware\errors.py", line 186, in __call__
    raise exc
  File "C:\Users\satta\AppData\Local\Programs\Python\Python314\Lib\site-packages\starlette\middleware\errors.py", line 164, in __call__
    await self.app(scope, receive, _send)
  File "C:\Users\satta\AppData\Local\Programs\Python\Python314\Lib\site-packages\starlette\middleware\cors.py", line 93, in __call__
    await self.simple_response(scope, receive, send, request_headers=headers)
  File "C:\Users\satta\AppData\Local\Programs\Python\Python314\Lib\site-packages\starlette\middleware\cors.py", line 144, in simple_response
    await self.app(scope, receive, send)
  File "C:\Users\satta\AppData\Local\Programs\Python\Python314\Lib\site-packages\starlette\middleware\exceptions.py", line 63, in __call__
    await wrap_app_handling_exceptions(self.app, conn)(scope, receive, send)
  File "C:\Users\satta\AppData\Local\Programs\Python\Python314\Lib\site-packages\starlette\_exception_handler.py", line 53, in wrapped_app
    raise exc
  File "C:\Users\satta\AppData\Local\Programs\Python\Python314\Lib\site-packages\starlette\_exception_handler.py", line 42, in wrapped_app
    await app(scope, receive, sender)
  File "C:\Users\satta\AppData\Local\Programs\Python\Python314\Lib\site-packages\fastapi\middleware\asyncexitstack.py", line 18, in __call__
    await self.app(scope, receive, send)
  File "C:\Users\satta\AppData\Local\Programs\Python\Python314\Lib\site-packages\starlette\routing.py", line 716, in __call__
    await self.middleware_stack(scope, receive, send)
  File "C:\Users\satta\AppData\Local\Programs\Python\Python314\Lib\site-packages\starlette\routing.py", line 736, in app
    await route.handle(scope, receive, send)
  File "C:\Users\satta\AppData\Local\Programs\Python\Python314\Lib\site-packages\starlette\routing.py", line 290, in handle
    await self.app(scope, receive, send)
  File "C:\Users\satta\AppData\Local\Programs\Python\Python314\Lib\site-packages\fastapi\routing.py", line 115, in app
    await wrap_app_handling_exceptions(app, request)(scope, receive, send)
  File "C:\Users\satta\AppData\Local\Programs\Python\Python314\Lib\site-packages\starlette\_exception_handler.py", line 53, in wrapped_app
    raise exc
  File "C:\Users\satta\AppData\Local\Programs\Python\Python314\Lib\site-packages\starlette\_exception_handler.py", line 42, in wrapped_app
    await app(scope, receive, sender)
  File "C:\Users\satta\AppData\Local\Programs\Python\Python314\Lib\site-packages\fastapi\routing.py", line 101, in app
    response = await f(request)
               ^^^^^^^^^^^^^^^^
  File "C:\Users\satta\AppData\Local\Programs\Python\Python314\Lib\site-packages\fastapi\routing.py", line 355, in app
    raw_response = await run_endpoint_function(
                   ^^^^^^^^^^^^^^^^^^^^^^^^^^^^
  File "C:\Users\satta\AppData\Local\Programs\Python\Python314\Lib\site-packages\fastapi\routing.py", line 245, in run_endpoint_function
    return await run_in_threadpool(dependant.call, **values)
           ^^^^^^^^^^^^^^^^^^^^^^^^^^^^^^^^^^^^^^^^^^^^^^^^^
  File "C:\Users\satta\AppData\Local\Programs\Python\Python314\Lib\site-packages\starlette\concurrency.py", line 32, in run_in_threadpool
    return await anyio.to_thread.run_sync(func)
           ^^^^^^^^^^^^^^^^^^^^^^^^^^^^^^^^^^^^
  File "C:\Users\satta\AppData\Local\Programs\Python\Python314\Lib\site-packages\anyio\to_thread.py", line 63, in run_sync
    return await get_async_backend().run_sync_in_worker_thread(
           ^^^^^^^^^^^^^^^^^^^^^^^^^^^^^^^^^^^^^^^^^^^^^^^^^^^^
  File "C:\Users\satta\AppData\Local\Programs\Python\Python314\Lib\site-packages\anyio\_backends\_asyncio.py", line 2502, in run_sync_in_worker_thread
    return await future
           ^^^^^^^^^^^^
  File "C:\Users\satta\AppData\Local\Programs\Python\Python314\Lib\site-packages\anyio\_backends\_asyncio.py", line 986, in run
    result = context.run(func, *args)
             ^^^^^^^^^^^^^^^^^^^^^^^^
  File "C:\Users\satta\Downloads\koreanguy\manas_os\api\app.py", line 3568, in jobs_get
    conn = db.init_db()
           ^^^^^^^^^^^^
  File "C:\Users\satta\Downloads\koreanguy\manas_os\db\__init__.py", line 61, in init_db
    conn.execute("INSERT OR IGNORE INTO settings (id, data_json) VALUES (1, '{}')")
sqlite3.OperationalError: database is locked
ERROR:    Exception in ASGI application
Traceback (most recent call last):
  File "C:\Users\satta\AppData\Local\Programs\Python\Python314\Lib\site-packages\uvicorn\protocols\http\h11_impl.py", line 410, in run_asgi
    result = await app(  # type: ignore[func-returns-value]
             ^^^^^^^^^^^^^^^^^^^^^^^^^^^^^^^^^^^^^^^^^^^^^^
  File "C:\Users\satta\AppData\Local\Programs\Python\Python314\Lib\site-packages\uvicorn\middleware\proxy_headers.py", line 60, in __call__
    return await self.app(scope, receive, send)
           ^^^^^^^^^^^^^^^^^^^^^^^^^^^^^^^^^^^^
  File "C:\Users\satta\AppData\Local\Programs\Python\Python314\Lib\site-packages\fastapi\applications.py", line 1135, in __call__
    await super().__call__(scope, receive, send)
  File "C:\Users\satta\AppData\Local\Programs\Python\Python314\Lib\site-packages\starlette\applications.py", line 107, in __call__
    await self.middleware_stack(scope, receive, send)
  File "C:\Users\satta\AppData\Local\Programs\Python\Python314\Lib\site-packages\starlette\middleware\errors.py", line 186, in __call__
    raise exc
  File "C:\Users\satta\AppData\Local\Programs\Python\Python314\Lib\site-packages\starlette\middleware\errors.py", line 164, in __call__
    await self.app(scope, receive, _send)
  File "C:\Users\satta\AppData\Local\Programs\Python\Python314\Lib\site-packages\starlette\middleware\cors.py", line 93, in __call__
    await self.simple_response(scope, receive, send, request_headers=headers)
  File "C:\Users\satta\AppData\Local\Programs\Python\Python314\Lib\site-packages\starlette\middleware\cors.py", line 144, in simple_response
    await self.app(scope, receive, send)
  File "C:\Users\satta\AppData\Local\Programs\Python\Python314\Lib\site-packages\starlette\middleware\exceptions.py", line 63, in __call__
    await wrap_app_handling_exceptions(self.app, conn)(scope, receive, send)
  File "C:\Users\satta\AppData\Local\Programs\Python\Python314\Lib\site-packages\starlette\_exception_handler.py", line 53, in wrapped_app
    raise exc
  File "C:\Users\satta\AppData\Local\Programs\Python\Python314\Lib\site-packages\starlette\_exception_handler.py", line 42, in wrapped_app
    await app(scope, receive, sender)
  File "C:\Users\satta\AppData\Local\Programs\Python\Python314\Lib\site-packages\fastapi\middleware\asyncexitstack.py", line 18, in __call__
    await self.app(scope, receive, send)
  File "C:\Users\satta\AppData\Local\Programs\Python\Python314\Lib\site-packages\starlette\routing.py", line 716, in __call__
    await self.middleware_stack(scope, receive, send)
  File "C:\Users\satta\AppData\Local\Programs\Python\Python314\Lib\site-packages\starlette\routing.py", line 736, in app
    await route.handle(scope, receive, send)
  File "C:\Users\satta\AppData\Local\Programs\Python\Python314\Lib\site-packages\starlette\routing.py", line 290, in handle
    await self.app(scope, receive, send)
  File "C:\Users\satta\AppData\Local\Programs\Python\Python314\Lib\site-packages\fastapi\routing.py", line 115, in app
    await wrap_app_handling_exceptions(app, request)(scope, receive, send)
  File "C:\Users\satta\AppData\Local\Programs\Python\Python314\Lib\site-packages\starlette\_exception_handler.py", line 53, in wrapped_app
    raise exc
  File "C:\Users\satta\AppData\Local\Programs\Python\Python314\Lib\site-packages\starlette\_exception_handler.py", line 42, in wrapped_app
    await app(scope, receive, sender)
  File "C:\Users\satta\AppData\Local\Programs\Python\Python314\Lib\site-packages\fastapi\routing.py", line 101, in app
    response = await f(request)
               ^^^^^^^^^^^^^^^^
  File "C:\Users\satta\AppData\Local\Programs\Python\Python314\Lib\site-packages\fastapi\routing.py", line 355, in app
    raw_response = await run_endpoint_function(
                   ^^^^^^^^^^^^^^^^^^^^^^^^^^^^
  File "C:\Users\satta\AppData\Local\Programs\Python\Python314\Lib\site-packages\fastapi\routing.py", line 245, in run_endpoint_function
    return await run_in_threadpool(dependant.call, **values)
           ^^^^^^^^^^^^^^^^^^^^^^^^^^^^^^^^^^^^^^^^^^^^^^^^^
  File "C:\Users\satta\AppData\Local\Programs\Python\Python314\Lib\site-packages\starlette\concurrency.py", line 32, in run_in_threadpool
    return await anyio.to_thread.run_sync(func)
           ^^^^^^^^^^^^^^^^^^^^^^^^^^^^^^^^^^^^
  File "C:\Users\satta\AppData\Local\Programs\Python\Python314\Lib\site-packages\anyio\to_thread.py", line 63, in run_sync
    return await get_async_backend().run_sync_in_worker_thread(
           ^^^^^^^^^^^^^^^^^^^^^^^^^^^^^^^^^^^^^^^^^^^^^^^^^^^^
  File "C:\Users\satta\AppData\Local\Programs\Python\Python314\Lib\site-packages\anyio\_backends\_asyncio.py", line 2502, in run_sync_in_worker_thread
    return await future
           ^^^^^^^^^^^^
  File "C:\Users\satta\AppData\Local\Programs\Python\Python314\Lib\site-packages\anyio\_backends\_asyncio.py", line 986, in run
    result = context.run(func, *args)
             ^^^^^^^^^^^^^^^^^^^^^^^^
  File "C:\Users\satta\Downloads\koreanguy\manas_os\api\app.py", line 3568, in jobs_get
    conn = db.init_db()
           ^^^^^^^^^^^^
  File "C:\Users\satta\Downloads\koreanguy\manas_os\db\__init__.py", line 61, in init_db
    conn.execute("INSERT OR IGNORE INTO settings (id, data_json) VALUES (1, '{}')")
sqlite3.OperationalError: database is locked
ERROR:    Exception in ASGI application
Traceback (most recent call last):
  File "C:\Users\satta\AppData\Local\Programs\Python\Python314\Lib\site-packages\uvicorn\protocols\http\h11_impl.py", line 410, in run_asgi
    result = await app(  # type: ignore[func-returns-value]
             ^^^^^^^^^^^^^^^^^^^^^^^^^^^^^^^^^^^^^^^^^^^^^^
  File "C:\Users\satta\AppData\Local\Programs\Python\Python314\Lib\site-packages\uvicorn\middleware\proxy_headers.py", line 60, in __call__
    return await self.app(scope, receive, send)
           ^^^^^^^^^^^^^^^^^^^^^^^^^^^^^^^^^^^^
  File "C:\Users\satta\AppData\Local\Programs\Python\Python314\Lib\site-packages\fastapi\applications.py", line 1135, in __call__
    await super().__call__(scope, receive, send)
  File "C:\Users\satta\AppData\Local\Programs\Python\Python314\Lib\site-packages\starlette\applications.py", line 107, in __call__
    await self.middleware_stack(scope, receive, send)
  File "C:\Users\satta\AppData\Local\Programs\Python\Python314\Lib\site-packages\starlette\middleware\errors.py", line 186, in __call__
    raise exc
  File "C:\Users\satta\AppData\Local\Programs\Python\Python314\Lib\site-packages\starlette\middleware\errors.py", line 164, in __call__
    await self.app(scope, receive, _send)
  File "C:\Users\satta\AppData\Local\Programs\Python\Python314\Lib\site-packages\starlette\middleware\cors.py", line 93, in __call__
    await self.simple_response(scope, receive, send, request_headers=headers)
  File "C:\Users\satta\AppData\Local\Programs\Python\Python314\Lib\site-packages\starlette\middleware\cors.py", line 144, in simple_response
    await self.app(scope, receive, send)
  File "C:\Users\satta\AppData\Local\Programs\Python\Python314\Lib\site-packages\starlette\middleware\exceptions.py", line 63, in __call__
    await wrap_app_handling_exceptions(self.app, conn)(scope, receive, send)
  File "C:\Users\satta\AppData\Local\Programs\Python\Python314\Lib\site-packages\starlette\_exception_handler.py", line 53, in wrapped_app
    raise exc
  File "C:\Users\satta\AppData\Local\Programs\Python\Python314\Lib\site-packages\starlette\_exception_handler.py", line 42, in wrapped_app
    await app(scope, receive, sender)
  File "C:\Users\satta\AppData\Local\Programs\Python\Python314\Lib\site-packages\fastapi\middleware\asyncexitstack.py", line 18, in __call__
    await self.app(scope, receive, send)
  File "C:\Users\satta\AppData\Local\Programs\Python\Python314\Lib\site-packages\starlette\routing.py", line 716, in __call__
    await self.middleware_stack(scope, receive, send)
  File "C:\Users\satta\AppData\Local\Programs\Python\Python314\Lib\site-packages\starlette\routing.py", line 736, in app
    await route.handle(scope, receive, send)
  File "C:\Users\satta\AppData\Local\Programs\Python\Python314\Lib\site-packages\starlette\routing.py", line 290, in handle
    await self.app(scope, receive, send)
  File "C:\Users\satta\AppData\Local\Programs\Python\Python314\Lib\site-packages\fastapi\routing.py", line 115, in app
    await wrap_app_handling_exceptions(app, request)(scope, receive, send)
  File "C:\Users\satta\AppData\Local\Programs\Python\Python314\Lib\site-packages\starlette\_exception_handler.py", line 53, in wrapped_app
    raise exc
  File "C:\Users\satta\AppData\Local\Programs\Python\Python314\Lib\site-packages\starlette\_exception_handler.py", line 42, in wrapped_app
    await app(scope, receive, sender)
  File "C:\Users\satta\AppData\Local\Programs\Python\Python314\Lib\site-packages\fastapi\routing.py", line 101, in app
    response = await f(request)
               ^^^^^^^^^^^^^^^^
  File "C:\Users\satta\AppData\Local\Programs\Python\Python314\Lib\site-packages\fastapi\routing.py", line 355, in app
    raw_response = await run_endpoint_function(
                   ^^^^^^^^^^^^^^^^^^^^^^^^^^^^
  File "C:\Users\satta\AppData\Local\Programs\Python\Python314\Lib\site-packages\fastapi\routing.py", line 245, in run_endpoint_function
    return await run_in_threadpool(dependant.call, **values)
           ^^^^^^^^^^^^^^^^^^^^^^^^^^^^^^^^^^^^^^^^^^^^^^^^^
  File "C:\Users\satta\AppData\Local\Programs\Python\Python314\Lib\site-packages\starlette\concurrency.py", line 32, in run_in_threadpool
    return await anyio.to_thread.run_sync(func)
           ^^^^^^^^^^^^^^^^^^^^^^^^^^^^^^^^^^^^
  File "C:\Users\satta\AppData\Local\Programs\Python\Python314\Lib\site-packages\anyio\to_thread.py", line 63, in run_sync
    return await get_async_backend().run_sync_in_worker_thread(
           ^^^^^^^^^^^^^^^^^^^^^^^^^^^^^^^^^^^^^^^^^^^^^^^^^^^^
  File "C:\Users\satta\AppData\Local\Programs\Python\Python314\Lib\site-packages\anyio\_backends\_asyncio.py", line 2502, in run_sync_in_worker_thread
    return await future
           ^^^^^^^^^^^^
  File "C:\Users\satta\AppData\Local\Programs\Python\Python314\Lib\site-packages\anyio\_backends\_asyncio.py", line 986, in run
    result = context.run(func, *args)
             ^^^^^^^^^^^^^^^^^^^^^^^^
  File "C:\Users\satta\Downloads\koreanguy\manas_os\api\app.py", line 3568, in jobs_get
    conn = db.init_db()
           ^^^^^^^^^^^^
  File "C:\Users\satta\Downloads\koreanguy\manas_os\db\__init__.py", line 61, in init_db
    conn.execute("INSERT OR IGNORE INTO settings (id, data_json) VALUES (1, '{}')")
sqlite3.OperationalError: database is locked
ERROR:    Exception in ASGI application
Traceback (most recent call last):
  File "C:\Users\satta\AppData\Local\Programs\Python\Python314\Lib\site-packages\uvicorn\protocols\http\h11_impl.py", line 410, in run_asgi
    result = await app(  # type: ignore[func-returns-value]
             ^^^^^^^^^^^^^^^^^^^^^^^^^^^^^^^^^^^^^^^^^^^^^^
  File "C:\Users\satta\AppData\Local\Programs\Python\Python314\Lib\site-packages\uvicorn\middleware\proxy_headers.py", line 60, in __call__
    return await self.app(scope, receive, send)
           ^^^^^^^^^^^^^^^^^^^^^^^^^^^^^^^^^^^^
  File "C:\Users\satta\AppData\Local\Programs\Python\Python314\Lib\site-packages\fastapi\applications.py", line 1135, in __call__
    await super().__call__(scope, receive, send)
  File "C:\Users\satta\AppData\Local\Programs\Python\Python314\Lib\site-packages\starlette\applications.py", line 107, in __call__
    await self.middleware_stack(scope, receive, send)
  File "C:\Users\satta\AppData\Local\Programs\Python\Python314\Lib\site-packages\starlette\middleware\errors.py", line 186, in __call__
    raise exc
  File "C:\Users\satta\AppData\Local\Programs\Python\Python314\Lib\site-packages\starlette\middleware\errors.py", line 164, in __call__
    await self.app(scope, receive, _send)
  File "C:\Users\satta\AppData\Local\Programs\Python\Python314\Lib\site-packages\starlette\middleware\cors.py", line 93, in __call__
    await self.simple_response(scope, receive, send, request_headers=headers)
  File "C:\Users\satta\AppData\Local\Programs\Python\Python314\Lib\site-packages\starlette\middleware\cors.py", line 144, in simple_response
    await self.app(scope, receive, send)
  File "C:\Users\satta\AppData\Local\Programs\Python\Python314\Lib\site-packages\starlette\middleware\exceptions.py", line 63, in __call__
    await wrap_app_handling_exceptions(self.app, conn)(scope, receive, send)
  File "C:\Users\satta\AppData\Local\Programs\Python\Python314\Lib\site-packages\starlette\_exception_handler.py", line 53, in wrapped_app
    raise exc
  File "C:\Users\satta\AppData\Local\Programs\Python\Python314\Lib\site-packages\starlette\_exception_handler.py", line 42, in wrapped_app
    await app(scope, receive, sender)
  File "C:\Users\satta\AppData\Local\Programs\Python\Python314\Lib\site-packages\fastapi\middleware\asyncexitstack.py", line 18, in __call__
    await self.app(scope, receive, send)
  File "C:\Users\satta\AppData\Local\Programs\Python\Python314\Lib\site-packages\starlette\routing.py", line 716, in __call__
    await self.middleware_stack(scope, receive, send)
  File "C:\Users\satta\AppData\Local\Programs\Python\Python314\Lib\site-packages\starlette\routing.py", line 736, in app
    await route.handle(scope, receive, send)
  File "C:\Users\satta\AppData\Local\Programs\Python\Python314\Lib\site-packages\starlette\routing.py", line 290, in handle
    await self.app(scope, receive, send)
  File "C:\Users\satta\AppData\Local\Programs\Python\Python314\Lib\site-packages\fastapi\routing.py", line 115, in app
    await wrap_app_handling_exceptions(app, request)(scope, receive, send)
  File "C:\Users\satta\AppData\Local\Programs\Python\Python314\Lib\site-packages\starlette\_exception_handler.py", line 53, in wrapped_app
    raise exc
  File "C:\Users\satta\AppData\Local\Programs\Python\Python314\Lib\site-packages\starlette\_exception_handler.py", line 42, in wrapped_app
    await app(scope, receive, sender)
  File "C:\Users\satta\AppData\Local\Programs\Python\Python314\Lib\site-packages\fastapi\routing.py", line 101, in app
    response = await f(request)
               ^^^^^^^^^^^^^^^^
  File "C:\Users\satta\AppData\Local\Programs\Python\Python314\Lib\site-packages\fastapi\routing.py", line 355, in app
    raw_response = await run_endpoint_function(
                   ^^^^^^^^^^^^^^^^^^^^^^^^^^^^
  File "C:\Users\satta\AppData\Local\Programs\Python\Python314\Lib\site-packages\fastapi\routing.py", line 245, in run_endpoint_function
    return await run_in_threadpool(dependant.call, **values)
           ^^^^^^^^^^^^^^^^^^^^^^^^^^^^^^^^^^^^^^^^^^^^^^^^^
  File "C:\Users\satta\AppData\Local\Programs\Python\Python314\Lib\site-packages\starlette\concurrency.py", line 32, in run_in_threadpool
    return await anyio.to_thread.run_sync(func)
           ^^^^^^^^^^^^^^^^^^^^^^^^^^^^^^^^^^^^
  File "C:\Users\satta\AppData\Local\Programs\Python\Python314\Lib\site-packages\anyio\to_thread.py", line 63, in run_sync
    return await get_async_backend().run_sync_in_worker_thread(
           ^^^^^^^^^^^^^^^^^^^^^^^^^^^^^^^^^^^^^^^^^^^^^^^^^^^^
  File "C:\Users\satta\AppData\Local\Programs\Python\Python314\Lib\site-packages\anyio\_backends\_asyncio.py", line 2502, in run_sync_in_worker_thread
    return await future
           ^^^^^^^^^^^^
  File "C:\Users\satta\AppData\Local\Programs\Python\Python314\Lib\site-packages\anyio\_backends\_asyncio.py", line 986, in run
    result = context.run(func, *args)
             ^^^^^^^^^^^^^^^^^^^^^^^^
  File "C:\Users\satta\Downloads\koreanguy\manas_os\api\app.py", line 3568, in jobs_get
    conn = db.init_db()
           ^^^^^^^^^^^^
  File "C:\Users\satta\Downloads\koreanguy\manas_os\db\__init__.py", line 61, in init_db
    conn.execute("INSERT OR IGNORE INTO settings (id, data_json) VALUES (1, '{}')")
sqlite3.OperationalError: database is locked
ERROR:    Exception in ASGI application
Traceback (most recent call last):
  File "C:\Users\satta\AppData\Local\Programs\Python\Python314\Lib\site-packages\uvicorn\protocols\http\h11_impl.py", line 410, in run_asgi
    result = await app(  # type: ignore[func-returns-value]
             ^^^^^^^^^^^^^^^^^^^^^^^^^^^^^^^^^^^^^^^^^^^^^^
  File "C:\Users\satta\AppData\Local\Programs\Python\Python314\Lib\site-packages\uvicorn\middleware\proxy_headers.py", line 60, in __call__
    return await self.app(scope, receive, send)
           ^^^^^^^^^^^^^^^^^^^^^^^^^^^^^^^^^^^^
  File "C:\Users\satta\AppData\Local\Programs\Python\Python314\Lib\site-packages\fastapi\applications.py", line 1135, in __call__
    await super().__call__(scope, receive, send)
  File "C:\Users\satta\AppData\Local\Programs\Python\Python314\Lib\site-packages\starlette\applications.py", line 107, in __call__
    await self.middleware_stack(scope, receive, send)
  File "C:\Users\satta\AppData\Local\Programs\Python\Python314\Lib\site-packages\starlette\middleware\errors.py", line 186, in __call__
    raise exc
  File "C:\Users\satta\AppData\Local\Programs\Python\Python314\Lib\site-packages\starlette\middleware\errors.py", line 164, in __call__
    await self.app(scope, receive, _send)
  File "C:\Users\satta\AppData\Local\Programs\Python\Python314\Lib\site-packages\starlette\middleware\cors.py", line 93, in __call__
    await self.simple_response(scope, receive, send, request_headers=headers)
  File "C:\Users\satta\AppData\Local\Programs\Python\Python314\Lib\site-packages\starlette\middleware\cors.py", line 144, in simple_response
    await self.app(scope, receive, send)
  File "C:\Users\satta\AppData\Local\Programs\Python\Python314\Lib\site-packages\starlette\middleware\exceptions.py", line 63, in __call__
    await wrap_app_handling_exceptions(self.app, conn)(scope, receive, send)
  File "C:\Users\satta\AppData\Local\Programs\Python\Python314\Lib\site-packages\starlette\_exception_handler.py", line 53, in wrapped_app
    raise exc
  File "C:\Users\satta\AppData\Local\Programs\Python\Python314\Lib\site-packages\starlette\_exception_handler.py", line 42, in wrapped_app
    await app(scope, receive, sender)
  File "C:\Users\satta\AppData\Local\Programs\Python\Python314\Lib\site-packages\fastapi\middleware\asyncexitstack.py", line 18, in __call__
    await self.app(scope, receive, send)
  File "C:\Users\satta\AppData\Local\Programs\Python\Python314\Lib\site-packages\starlette\routing.py", line 716, in __call__
    await self.middleware_stack(scope, receive, send)
  File "C:\Users\satta\AppData\Local\Programs\Python\Python314\Lib\site-packages\starlette\routing.py", line 736, in app
    await route.handle(scope, receive, send)
  File "C:\Users\satta\AppData\Local\Programs\Python\Python314\Lib\site-packages\starlette\routing.py", line 290, in handle
    await self.app(scope, receive, send)
  File "C:\Users\satta\AppData\Local\Programs\Python\Python314\Lib\site-packages\fastapi\routing.py", line 115, in app
    await wrap_app_handling_exceptions(app, request)(scope, receive, send)
  File "C:\Users\satta\AppData\Local\Programs\Python\Python314\Lib\site-packages\starlette\_exception_handler.py", line 53, in wrapped_app
    raise exc
  File "C:\Users\satta\AppData\Local\Programs\Python\Python314\Lib\site-packages\starlette\_exception_handler.py", line 42, in wrapped_app
    await app(scope, receive, sender)
  File "C:\Users\satta\AppData\Local\Programs\Python\Python314\Lib\site-packages\fastapi\routing.py", line 101, in app
    response = await f(request)
               ^^^^^^^^^^^^^^^^
  File "C:\Users\satta\AppData\Local\Programs\Python\Python314\Lib\site-packages\fastapi\routing.py", line 355, in app
    raw_response = await run_endpoint_function(
                   ^^^^^^^^^^^^^^^^^^^^^^^^^^^^
  File "C:\Users\satta\AppData\Local\Programs\Python\Python314\Lib\site-packages\fastapi\routing.py", line 245, in run_endpoint_function
    return await run_in_threadpool(dependant.call, **values)
           ^^^^^^^^^^^^^^^^^^^^^^^^^^^^^^^^^^^^^^^^^^^^^^^^^
  File "C:\Users\satta\AppData\Local\Programs\Python\Python314\Lib\site-packages\starlette\concurrency.py", line 32, in run_in_threadpool
    return await anyio.to_thread.run_sync(func)
           ^^^^^^^^^^^^^^^^^^^^^^^^^^^^^^^^^^^^
  File "C:\Users\satta\AppData\Local\Programs\Python\Python314\Lib\site-packages\anyio\to_thread.py", line 63, in run_sync
    return await get_async_backend().run_sync_in_worker_thread(
           ^^^^^^^^^^^^^^^^^^^^^^^^^^^^^^^^^^^^^^^^^^^^^^^^^^^^
  File "C:\Users\satta\AppData\Local\Programs\Python\Python314\Lib\site-packages\anyio\_backends\_asyncio.py", line 2502, in run_sync_in_worker_thread
    return await future
           ^^^^^^^^^^^^
  File "C:\Users\satta\AppData\Local\Programs\Python\Python314\Lib\site-packages\anyio\_backends\_asyncio.py", line 986, in run
    result = context.run(func, *args)
             ^^^^^^^^^^^^^^^^^^^^^^^^
  File "C:\Users\satta\Downloads\koreanguy\manas_os\api\app.py", line 3568, in jobs_get
    conn = db.init_db()
           ^^^^^^^^^^^^
  File "C:\Users\satta\Downloads\koreanguy\manas_os\db\__init__.py", line 61, in init_db
    conn.execute("INSERT OR IGNORE INTO settings (id, data_json) VALUES (1, '{}')")
sqlite3.OperationalError: database is locked
ERROR:    Exception in ASGI application
Traceback (most recent call last):
  File "C:\Users\satta\AppData\Local\Programs\Python\Python314\Lib\site-packages\uvicorn\protocols\http\h11_impl.py", line 410, in run_asgi
    result = await app(  # type: ignore[func-returns-value]
             ^^^^^^^^^^^^^^^^^^^^^^^^^^^^^^^^^^^^^^^^^^^^^^
  File "C:\Users\satta\AppData\Local\Programs\Python\Python314\Lib\site-packages\uvicorn\middleware\proxy_headers.py", line 60, in __call__
    return await self.app(scope, receive, send)
           ^^^^^^^^^^^^^^^^^^^^^^^^^^^^^^^^^^^^
  File "C:\Users\satta\AppData\Local\Programs\Python\Python314\Lib\site-packages\fastapi\applications.py", line 1135, in __call__
    await super().__call__(scope, receive, send)
  File "C:\Users\satta\AppData\Local\Programs\Python\Python314\Lib\site-packages\starlette\applications.py", line 107, in __call__
    await self.middleware_stack(scope, receive, send)
  File "C:\Users\satta\AppData\Local\Programs\Python\Python314\Lib\site-packages\starlette\middleware\errors.py", line 186, in __call__
    raise exc
  File "C:\Users\satta\AppData\Local\Programs\Python\Python314\Lib\site-packages\starlette\middleware\errors.py", line 164, in __call__
    await self.app(scope, receive, _send)
  File "C:\Users\satta\AppData\Local\Programs\Python\Python314\Lib\site-packages\starlette\middleware\cors.py", line 93, in __call__
    await self.simple_response(scope, receive, send, request_headers=headers)
  File "C:\Users\satta\AppData\Local\Programs\Python\Python314\Lib\site-packages\starlette\middleware\cors.py", line 144, in simple_response
    await self.app(scope, receive, send)
  File "C:\Users\satta\AppData\Local\Programs\Python\Python314\Lib\site-packages\starlette\middleware\exceptions.py", line 63, in __call__
    await wrap_app_handling_exceptions(self.app, conn)(scope, receive, send)
  File "C:\Users\satta\AppData\Local\Programs\Python\Python314\Lib\site-packages\starlette\_exception_handler.py", line 53, in wrapped_app
    raise exc
  File "C:\Users\satta\AppData\Local\Programs\Python\Python314\Lib\site-packages\starlette\_exception_handler.py", line 42, in wrapped_app
    await app(scope, receive, sender)
  File "C:\Users\satta\AppData\Local\Programs\Python\Python314\Lib\site-packages\fastapi\middleware\asyncexitstack.py", line 18, in __call__
    await self.app(scope, receive, send)
  File "C:\Users\satta\AppData\Local\Programs\Python\Python314\Lib\site-packages\starlette\routing.py", line 716, in __call__
    await self.middleware_stack(scope, receive, send)
  File "C:\Users\satta\AppData\Local\Programs\Python\Python314\Lib\site-packages\starlette\routing.py", line 736, in app
    await route.handle(scope, receive, send)
  File "C:\Users\satta\AppData\Local\Programs\Python\Python314\Lib\site-packages\starlette\routing.py", line 290, in handle
    await self.app(scope, receive, send)
  File "C:\Users\satta\AppData\Local\Programs\Python\Python314\Lib\site-packages\fastapi\routing.py", line 115, in app
    await wrap_app_handling_exceptions(app, request)(scope, receive, send)
  File "C:\Users\satta\AppData\Local\Programs\Python\Python314\Lib\site-packages\starlette\_exception_handler.py", line 53, in wrapped_app
    raise exc
  File "C:\Users\satta\AppData\Local\Programs\Python\Python314\Lib\site-packages\starlette\_exception_handler.py", line 42, in wrapped_app
    await app(scope, receive, sender)
  File "C:\Users\satta\AppData\Local\Programs\Python\Python314\Lib\site-packages\fastapi\routing.py", line 101, in app
    response = await f(request)
               ^^^^^^^^^^^^^^^^
  File "C:\Users\satta\AppData\Local\Programs\Python\Python314\Lib\site-packages\fastapi\routing.py", line 355, in app
    raw_response = await run_endpoint_function(
                   ^^^^^^^^^^^^^^^^^^^^^^^^^^^^
  File "C:\Users\satta\AppData\Local\Programs\Python\Python314\Lib\site-packages\fastapi\routing.py", line 245, in run_endpoint_function
    return await run_in_threadpool(dependant.call, **values)
           ^^^^^^^^^^^^^^^^^^^^^^^^^^^^^^^^^^^^^^^^^^^^^^^^^
  File "C:\Users\satta\AppData\Local\Programs\Python\Python314\Lib\site-packages\starlette\concurrency.py", line 32, in run_in_threadpool
    return await anyio.to_thread.run_sync(func)
           ^^^^^^^^^^^^^^^^^^^^^^^^^^^^^^^^^^^^
  File "C:\Users\satta\AppData\Local\Programs\Python\Python314\Lib\site-packages\anyio\to_thread.py", line 63, in run_sync
    return await get_async_backend().run_sync_in_worker_thread(
           ^^^^^^^^^^^^^^^^^^^^^^^^^^^^^^^^^^^^^^^^^^^^^^^^^^^^
  File "C:\Users\satta\AppData\Local\Programs\Python\Python314\Lib\site-packages\anyio\_backends\_asyncio.py", line 2502, in run_sync_in_worker_thread
    return await future
           ^^^^^^^^^^^^
  File "C:\Users\satta\AppData\Local\Programs\Python\Python314\Lib\site-packages\anyio\_backends\_asyncio.py", line 986, in run
    result = context.run(func, *args)
             ^^^^^^^^^^^^^^^^^^^^^^^^
  File "C:\Users\satta\Downloads\koreanguy\manas_os\api\app.py", line 3568, in jobs_get
    conn = db.init_db()
           ^^^^^^^^^^^^
  File "C:\Users\satta\Downloads\koreanguy\manas_os\db\__init__.py", line 61, in init_db
    conn.execute("INSERT OR IGNORE INTO settings (id, data_json) VALUES (1, '{}')")
sqlite3.OperationalError: database is locked
ERROR:    Exception in ASGI application
Traceback (most recent call last):
  File "C:\Users\satta\AppData\Local\Programs\Python\Python314\Lib\site-packages\uvicorn\protocols\http\h11_impl.py", line 410, in run_asgi
    result = await app(  # type: ignore[func-returns-value]
             ^^^^^^^^^^^^^^^^^^^^^^^^^^^^^^^^^^^^^^^^^^^^^^
  File "C:\Users\satta\AppData\Local\Programs\Python\Python314\Lib\site-packages\uvicorn\middleware\proxy_headers.py", line 60, in __call__
    return await self.app(scope, receive, send)
           ^^^^^^^^^^^^^^^^^^^^^^^^^^^^^^^^^^^^
  File "C:\Users\satta\AppData\Local\Programs\Python\Python314\Lib\site-packages\fastapi\applications.py", line 1135, in __call__
    await super().__call__(scope, receive, send)
  File "C:\Users\satta\AppData\Local\Programs\Python\Python314\Lib\site-packages\starlette\applications.py", line 107, in __call__
    await self.middleware_stack(scope, receive, send)
  File "C:\Users\satta\AppData\Local\Programs\Python\Python314\Lib\site-packages\starlette\middleware\errors.py", line 186, in __call__
    raise exc
  File "C:\Users\satta\AppData\Local\Programs\Python\Python314\Lib\site-packages\starlette\middleware\errors.py", line 164, in __call__
    await self.app(scope, receive, _send)
  File "C:\Users\satta\AppData\Local\Programs\Python\Python314\Lib\site-packages\starlette\middleware\cors.py", line 93, in __call__
    await self.simple_response(scope, receive, send, request_headers=headers)
  File "C:\Users\satta\AppData\Local\Programs\Python\Python314\Lib\site-packages\starlette\middleware\cors.py", line 144, in simple_response
    await self.app(scope, receive, send)
  File "C:\Users\satta\AppData\Local\Programs\Python\Python314\Lib\site-packages\starlette\middleware\exceptions.py", line 63, in __call__
    await wrap_app_handling_exceptions(self.app, conn)(scope, receive, send)
  File "C:\Users\satta\AppData\Local\Programs\Python\Python314\Lib\site-packages\starlette\_exception_handler.py", line 53, in wrapped_app
    raise exc
  File "C:\Users\satta\AppData\Local\Programs\Python\Python314\Lib\site-packages\starlette\_exception_handler.py", line 42, in wrapped_app
    await app(scope, receive, sender)
  File "C:\Users\satta\AppData\Local\Programs\Python\Python314\Lib\site-packages\fastapi\middleware\asyncexitstack.py", line 18, in __call__
    await self.app(scope, receive, send)
  File "C:\Users\satta\AppData\Local\Programs\Python\Python314\Lib\site-packages\starlette\routing.py", line 716, in __call__
    await self.middleware_stack(scope, receive, send)
  File "C:\Users\satta\AppData\Local\Programs\Python\Python314\Lib\site-packages\starlette\routing.py", line 736, in app
    await route.handle(scope, receive, send)
  File "C:\Users\satta\AppData\Local\Programs\Python\Python314\Lib\site-packages\starlette\routing.py", line 290, in handle
    await self.app(scope, receive, send)
  File "C:\Users\satta\AppData\Local\Programs\Python\Python314\Lib\site-packages\fastapi\routing.py", line 115, in app
    await wrap_app_handling_exceptions(app, request)(scope, receive, send)
  File "C:\Users\satta\AppData\Local\Programs\Python\Python314\Lib\site-packages\starlette\_exception_handler.py", line 53, in wrapped_app
    raise exc
  File "C:\Users\satta\AppData\Local\Programs\Python\Python314\Lib\site-packages\starlette\_exception_handler.py", line 42, in wrapped_app
    await app(scope, receive, sender)
  File "C:\Users\satta\AppData\Local\Programs\Python\Python314\Lib\site-packages\fastapi\routing.py", line 101, in app
    response = await f(request)
               ^^^^^^^^^^^^^^^^
  File "C:\Users\satta\AppData\Local\Programs\Python\Python314\Lib\site-packages\fastapi\routing.py", line 355, in app
    raw_response = await run_endpoint_function(
                   ^^^^^^^^^^^^^^^^^^^^^^^^^^^^
  File "C:\Users\satta\AppData\Local\Programs\Python\Python314\Lib\site-packages\fastapi\routing.py", line 245, in run_endpoint_function
    return await run_in_threadpool(dependant.call, **values)
           ^^^^^^^^^^^^^^^^^^^^^^^^^^^^^^^^^^^^^^^^^^^^^^^^^
  File "C:\Users\satta\AppData\Local\Programs\Python\Python314\Lib\site-packages\starlette\concurrency.py", line 32, in run_in_threadpool
    return await anyio.to_thread.run_sync(func)
           ^^^^^^^^^^^^^^^^^^^^^^^^^^^^^^^^^^^^
  File "C:\Users\satta\AppData\Local\Programs\Python\Python314\Lib\site-packages\anyio\to_thread.py", line 63, in run_sync
    return await get_async_backend().run_sync_in_worker_thread(
           ^^^^^^^^^^^^^^^^^^^^^^^^^^^^^^^^^^^^^^^^^^^^^^^^^^^^
  File "C:\Users\satta\AppData\Local\Programs\Python\Python314\Lib\site-packages\anyio\_backends\_asyncio.py", line 2502, in run_sync_in_worker_thread
    return await future
           ^^^^^^^^^^^^
  File "C:\Users\satta\AppData\Local\Programs\Python\Python314\Lib\site-packages\anyio\_backends\_asyncio.py", line 986, in run
    result = context.run(func, *args)
             ^^^^^^^^^^^^^^^^^^^^^^^^
  File "C:\Users\satta\Downloads\koreanguy\manas_os\api\app.py", line 3568, in jobs_get
    conn = db.init_db()
           ^^^^^^^^^^^^
  File "C:\Users\satta\Downloads\koreanguy\manas_os\db\__init__.py", line 61, in init_db
    conn.execute("INSERT OR IGNORE INTO settings (id, data_json) VALUES (1, '{}')")
sqlite3.OperationalError: database is locked
ERROR:    Exception in ASGI application
Traceback (most recent call last):
  File "C:\Users\satta\AppData\Local\Programs\Python\Python314\Lib\site-packages\uvicorn\protocols\http\h11_impl.py", line 410, in run_asgi
    result = await app(  # type: ignore[func-returns-value]
             ^^^^^^^^^^^^^^^^^^^^^^^^^^^^^^^^^^^^^^^^^^^^^^
  File "C:\Users\satta\AppData\Local\Programs\Python\Python314\Lib\site-packages\uvicorn\middleware\proxy_headers.py", line 60, in __call__
    return await self.app(scope, receive, send)
           ^^^^^^^^^^^^^^^^^^^^^^^^^^^^^^^^^^^^
  File "C:\Users\satta\AppData\Local\Programs\Python\Python314\Lib\site-packages\fastapi\applications.py", line 1135, in __call__
    await super().__call__(scope, receive, send)
  File "C:\Users\satta\AppData\Local\Programs\Python\Python314\Lib\site-packages\starlette\applications.py", line 107, in __call__
    await self.middleware_stack(scope, receive, send)
  File "C:\Users\satta\AppData\Local\Programs\Python\Python314\Lib\site-packages\starlette\middleware\errors.py", line 186, in __call__
    raise exc
  File "C:\Users\satta\AppData\Local\Programs\Python\Python314\Lib\site-packages\starlette\middleware\errors.py", line 164, in __call__
    await self.app(scope, receive, _send)
  File "C:\Users\satta\AppData\Local\Programs\Python\Python314\Lib\site-packages\starlette\middleware\cors.py", line 93, in __call__
    await self.simple_response(scope, receive, send, request_headers=headers)
  File "C:\Users\satta\AppData\Local\Programs\Python\Python314\Lib\site-packages\starlette\middleware\cors.py", line 144, in simple_response
    await self.app(scope, receive, send)
  File "C:\Users\satta\AppData\Local\Programs\Python\Python314\Lib\site-packages\starlette\middleware\exceptions.py", line 63, in __call__
    await wrap_app_handling_exceptions(self.app, conn)(scope, receive, send)
  File "C:\Users\satta\AppData\Local\Programs\Python\Python314\Lib\site-packages\starlette\_exception_handler.py", line 53, in wrapped_app
    raise exc
  File "C:\Users\satta\AppData\Local\Programs\Python\Python314\Lib\site-packages\starlette\_exception_handler.py", line 42, in wrapped_app
    await app(scope, receive, sender)
  File "C:\Users\satta\AppData\Local\Programs\Python\Python314\Lib\site-packages\fastapi\middleware\asyncexitstack.py", line 18, in __call__
    await self.app(scope, receive, send)
  File "C:\Users\satta\AppData\Local\Programs\Python\Python314\Lib\site-packages\starlette\routing.py", line 716, in __call__
    await self.middleware_stack(scope, receive, send)
  File "C:\Users\satta\AppData\Local\Programs\Python\Python314\Lib\site-packages\starlette\routing.py", line 736, in app
    await route.handle(scope, receive, send)
  File "C:\Users\satta\AppData\Local\Programs\Python\Python314\Lib\site-packages\starlette\routing.py", line 290, in handle
    await self.app(scope, receive, send)
  File "C:\Users\satta\AppData\Local\Programs\Python\Python314\Lib\site-packages\fastapi\routing.py", line 115, in app
    await wrap_app_handling_exceptions(app, request)(scope, receive, send)
  File "C:\Users\satta\AppData\Local\Programs\Python\Python314\Lib\site-packages\starlette\_exception_handler.py", line 53, in wrapped_app
    raise exc
  File "C:\Users\satta\AppData\Local\Programs\Python\Python314\Lib\site-packages\starlette\_exception_handler.py", line 42, in wrapped_app
    await app(scope, receive, sender)
  File "C:\Users\satta\AppData\Local\Programs\Python\Python314\Lib\site-packages\fastapi\routing.py", line 101, in app
    response = await f(request)
               ^^^^^^^^^^^^^^^^
  File "C:\Users\satta\AppData\Local\Programs\Python\Python314\Lib\site-packages\fastapi\routing.py", line 355, in app
    raw_response = await run_endpoint_function(
                   ^^^^^^^^^^^^^^^^^^^^^^^^^^^^
  File "C:\Users\satta\AppData\Local\Programs\Python\Python314\Lib\site-packages\fastapi\routing.py", line 245, in run_endpoint_function
    return await run_in_threadpool(dependant.call, **values)
           ^^^^^^^^^^^^^^^^^^^^^^^^^^^^^^^^^^^^^^^^^^^^^^^^^
  File "C:\Users\satta\AppData\Local\Programs\Python\Python314\Lib\site-packages\starlette\concurrency.py", line 32, in run_in_threadpool
    return await anyio.to_thread.run_sync(func)
           ^^^^^^^^^^^^^^^^^^^^^^^^^^^^^^^^^^^^
  File "C:\Users\satta\AppData\Local\Programs\Python\Python314\Lib\site-packages\anyio\to_thread.py", line 63, in run_sync
    return await get_async_backend().run_sync_in_worker_thread(
           ^^^^^^^^^^^^^^^^^^^^^^^^^^^^^^^^^^^^^^^^^^^^^^^^^^^^
  File "C:\Users\satta\AppData\Local\Programs\Python\Python314\Lib\site-packages\anyio\_backends\_asyncio.py", line 2502, in run_sync_in_worker_thread
    return await future
           ^^^^^^^^^^^^
  File "C:\Users\satta\AppData\Local\Programs\Python\Python314\Lib\site-packages\anyio\_backends\_asyncio.py", line 986, in run
    result = context.run(func, *args)
             ^^^^^^^^^^^^^^^^^^^^^^^^
  File "C:\Users\satta\Downloads\koreanguy\manas_os\api\app.py", line 3568, in jobs_get
    conn = db.init_db()
           ^^^^^^^^^^^^
  File "C:\Users\satta\Downloads\koreanguy\manas_os\db\__init__.py", line 61, in init_db
    conn.execute("INSERT OR IGNORE INTO settings (id, data_json) VALUES (1, '{}')")
sqlite3.OperationalError: database is locked
ERROR:    Exception in ASGI application
Traceback (most recent call last):
  File "C:\Users\satta\AppData\Local\Programs\Python\Python314\Lib\site-packages\uvicorn\protocols\http\h11_impl.py", line 410, in run_asgi
    result = await app(  # type: ignore[func-returns-value]
             ^^^^^^^^^^^^^^^^^^^^^^^^^^^^^^^^^^^^^^^^^^^^^^
  File "C:\Users\satta\AppData\Local\Programs\Python\Python314\Lib\site-packages\uvicorn\middleware\proxy_headers.py", line 60, in __call__
    return await self.app(scope, receive, send)
           ^^^^^^^^^^^^^^^^^^^^^^^^^^^^^^^^^^^^
  File "C:\Users\satta\AppData\Local\Programs\Python\Python314\Lib\site-packages\fastapi\applications.py", line 1135, in __call__
    await super().__call__(scope, receive, send)
  File "C:\Users\satta\AppData\Local\Programs\Python\Python314\Lib\site-packages\starlette\applications.py", line 107, in __call__
    await self.middleware_stack(scope, receive, send)
  File "C:\Users\satta\AppData\Local\Programs\Python\Python314\Lib\site-packages\starlette\middleware\errors.py", line 186, in __call__
    raise exc
  File "C:\Users\satta\AppData\Local\Programs\Python\Python314\Lib\site-packages\starlette\middleware\errors.py", line 164, in __call__
    await self.app(scope, receive, _send)
  File "C:\Users\satta\AppData\Local\Programs\Python\Python314\Lib\site-packages\starlette\middleware\cors.py", line 93, in __call__
    await self.simple_response(scope, receive, send, request_headers=headers)
  File "C:\Users\satta\AppData\Local\Programs\Python\Python314\Lib\site-packages\starlette\middleware\cors.py", line 144, in simple_response
    await self.app(scope, receive, send)
  File "C:\Users\satta\AppData\Local\Programs\Python\Python314\Lib\site-packages\starlette\middleware\exceptions.py", line 63, in __call__
    await wrap_app_handling_exceptions(self.app, conn)(scope, receive, send)
  File "C:\Users\satta\AppData\Local\Programs\Python\Python314\Lib\site-packages\starlette\_exception_handler.py", line 53, in wrapped_app
    raise exc
  File "C:\Users\satta\AppData\Local\Programs\Python\Python314\Lib\site-packages\starlette\_exception_handler.py", line 42, in wrapped_app
    await app(scope, receive, sender)
  File "C:\Users\satta\AppData\Local\Programs\Python\Python314\Lib\site-packages\fastapi\middleware\asyncexitstack.py", line 18, in __call__
    await self.app(scope, receive, send)
  File "C:\Users\satta\AppData\Local\Programs\Python\Python314\Lib\site-packages\starlette\routing.py", line 716, in __call__
    await self.middleware_stack(scope, receive, send)
  File "C:\Users\satta\AppData\Local\Programs\Python\Python314\Lib\site-packages\starlette\routing.py", line 736, in app
    await route.handle(scope, receive, send)
  File "C:\Users\satta\AppData\Local\Programs\Python\Python314\Lib\site-packages\starlette\routing.py", line 290, in handle
    await self.app(scope, receive, send)
  File "C:\Users\satta\AppData\Local\Programs\Python\Python314\Lib\site-packages\fastapi\routing.py", line 115, in app
    await wrap_app_handling_exceptions(app, request)(scope, receive, send)
  File "C:\Users\satta\AppData\Local\Programs\Python\Python314\Lib\site-packages\starlette\_exception_handler.py", line 53, in wrapped_app
    raise exc
  File "C:\Users\satta\AppData\Local\Programs\Python\Python314\Lib\site-packages\starlette\_exception_handler.py", line 42, in wrapped_app
    await app(scope, receive, sender)
  File "C:\Users\satta\AppData\Local\Programs\Python\Python314\Lib\site-packages\fastapi\routing.py", line 101, in app
    response = await f(request)
               ^^^^^^^^^^^^^^^^
  File "C:\Users\satta\AppData\Local\Programs\Python\Python314\Lib\site-packages\fastapi\routing.py", line 355, in app
    raw_response = await run_endpoint_function(
                   ^^^^^^^^^^^^^^^^^^^^^^^^^^^^
  File "C:\Users\satta\AppData\Local\Programs\Python\Python314\Lib\site-packages\fastapi\routing.py", line 245, in run_endpoint_function
    return await run_in_threadpool(dependant.call, **values)
           ^^^^^^^^^^^^^^^^^^^^^^^^^^^^^^^^^^^^^^^^^^^^^^^^^
  File "C:\Users\satta\AppData\Local\Programs\Python\Python314\Lib\site-packages\starlette\concurrency.py", line 32, in run_in_threadpool
    return await anyio.to_thread.run_sync(func)
           ^^^^^^^^^^^^^^^^^^^^^^^^^^^^^^^^^^^^
  File "C:\Users\satta\AppData\Local\Programs\Python\Python314\Lib\site-packages\anyio\to_thread.py", line 63, in run_sync
    return await get_async_backend().run_sync_in_worker_thread(
           ^^^^^^^^^^^^^^^^^^^^^^^^^^^^^^^^^^^^^^^^^^^^^^^^^^^^
  File "C:\Users\satta\AppData\Local\Programs\Python\Python314\Lib\site-packages\anyio\_backends\_asyncio.py", line 2502, in run_sync_in_worker_thread
    return await future
           ^^^^^^^^^^^^
  File "C:\Users\satta\AppData\Local\Programs\Python\Python314\Lib\site-packages\anyio\_backends\_asyncio.py", line 986, in run
    result = context.run(func, *args)
             ^^^^^^^^^^^^^^^^^^^^^^^^
  File "C:\Users\satta\Downloads\koreanguy\manas_os\api\app.py", line 3568, in jobs_get
    conn = db.init_db()
           ^^^^^^^^^^^^
  File "C:\Users\satta\Downloads\koreanguy\manas_os\db\__init__.py", line 61, in init_db
    conn.execute("INSERT OR IGNORE INTO settings (id, data_json) VALUES (1, '{}')")
sqlite3.OperationalError: database is locked
ERROR:    Exception in ASGI application
Traceback (most recent call last):
  File "C:\Users\satta\AppData\Local\Programs\Python\Python314\Lib\site-packages\uvicorn\protocols\http\h11_impl.py", line 410, in run_asgi
    result = await app(  # type: ignore[func-returns-value]
             ^^^^^^^^^^^^^^^^^^^^^^^^^^^^^^^^^^^^^^^^^^^^^^
  File "C:\Users\satta\AppData\Local\Programs\Python\Python314\Lib\site-packages\uvicorn\middleware\proxy_headers.py", line 60, in __call__
    return await self.app(scope, receive, send)
           ^^^^^^^^^^^^^^^^^^^^^^^^^^^^^^^^^^^^
  File "C:\Users\satta\AppData\Local\Programs\Python\Python314\Lib\site-packages\fastapi\applications.py", line 1135, in __call__
    await super().__call__(scope, receive, send)
  File "C:\Users\satta\AppData\Local\Programs\Python\Python314\Lib\site-packages\starlette\applications.py", line 107, in __call__
    await self.middleware_stack(scope, receive, send)
  File "C:\Users\satta\AppData\Local\Programs\Python\Python314\Lib\site-packages\starlette\middleware\errors.py", line 186, in __call__
    raise exc
  File "C:\Users\satta\AppData\Local\Programs\Python\Python314\Lib\site-packages\starlette\middleware\errors.py", line 164, in __call__
    await self.app(scope, receive, _send)
  File "C:\Users\satta\AppData\Local\Programs\Python\Python314\Lib\site-packages\starlette\middleware\cors.py", line 93, in __call__
    await self.simple_response(scope, receive, send, request_headers=headers)
  File "C:\Users\satta\AppData\Local\Programs\Python\Python314\Lib\site-packages\starlette\middleware\cors.py", line 144, in simple_response
    await self.app(scope, receive, send)
  File "C:\Users\satta\AppData\Local\Programs\Python\Python314\Lib\site-packages\starlette\middleware\exceptions.py", line 63, in __call__
    await wrap_app_handling_exceptions(self.app, conn)(scope, receive, send)
  File "C:\Users\satta\AppData\Local\Programs\Python\Python314\Lib\site-packages\starlette\_exception_handler.py", line 53, in wrapped_app
    raise exc
  File "C:\Users\satta\AppData\Local\Programs\Python\Python314\Lib\site-packages\starlette\_exception_handler.py", line 42, in wrapped_app
    await app(scope, receive, sender)
  File "C:\Users\satta\AppData\Local\Programs\Python\Python314\Lib\site-packages\fastapi\middleware\asyncexitstack.py", line 18, in __call__
    await self.app(scope, receive, send)
  File "C:\Users\satta\AppData\Local\Programs\Python\Python314\Lib\site-packages\starlette\routing.py", line 716, in __call__
    await self.middleware_stack(scope, receive, send)
  File "C:\Users\satta\AppData\Local\Programs\Python\Python314\Lib\site-packages\starlette\routing.py", line 736, in app
    await route.handle(scope, receive, send)
  File "C:\Users\satta\AppData\Local\Programs\Python\Python314\Lib\site-packages\starlette\routing.py", line 290, in handle
    await self.app(scope, receive, send)
  File "C:\Users\satta\AppData\Local\Programs\Python\Python314\Lib\site-packages\fastapi\routing.py", line 115, in app
    await wrap_app_handling_exceptions(app, request)(scope, receive, send)
  File "C:\Users\satta\AppData\Local\Programs\Python\Python314\Lib\site-packages\starlette\_exception_handler.py", line 53, in wrapped_app
    raise exc
  File "C:\Users\satta\AppData\Local\Programs\Python\Python314\Lib\site-packages\starlette\_exception_handler.py", line 42, in wrapped_app
    await app(scope, receive, sender)
  File "C:\Users\satta\AppData\Local\Programs\Python\Python314\Lib\site-packages\fastapi\routing.py", line 101, in app
    response = await f(request)
               ^^^^^^^^^^^^^^^^
  File "C:\Users\satta\AppData\Local\Programs\Python\Python314\Lib\site-packages\fastapi\routing.py", line 355, in app
    raw_response = await run_endpoint_function(
                   ^^^^^^^^^^^^^^^^^^^^^^^^^^^^
  File "C:\Users\satta\AppData\Local\Programs\Python\Python314\Lib\site-packages\fastapi\routing.py", line 245, in run_endpoint_function
    return await run_in_threadpool(dependant.call, **values)
           ^^^^^^^^^^^^^^^^^^^^^^^^^^^^^^^^^^^^^^^^^^^^^^^^^
  File "C:\Users\satta\AppData\Local\Programs\Python\Python314\Lib\site-packages\starlette\concurrency.py", line 32, in run_in_threadpool
    return await anyio.to_thread.run_sync(func)
           ^^^^^^^^^^^^^^^^^^^^^^^^^^^^^^^^^^^^
  File "C:\Users\satta\AppData\Local\Programs\Python\Python314\Lib\site-packages\anyio\to_thread.py", line 63, in run_sync
    return await get_async_backend().run_sync_in_worker_thread(
           ^^^^^^^^^^^^^^^^^^^^^^^^^^^^^^^^^^^^^^^^^^^^^^^^^^^^
  File "C:\Users\satta\AppData\Local\Programs\Python\Python314\Lib\site-packages\anyio\_backends\_asyncio.py", line 2502, in run_sync_in_worker_thread
    return await future
           ^^^^^^^^^^^^
  File "C:\Users\satta\AppData\Local\Programs\Python\Python314\Lib\site-packages\anyio\_backends\_asyncio.py", line 986, in run
    result = context.run(func, *args)
             ^^^^^^^^^^^^^^^^^^^^^^^^
  File "C:\Users\satta\Downloads\koreanguy\manas_os\api\app.py", line 3568, in jobs_get
    conn = db.init_db()
           ^^^^^^^^^^^^
  File "C:\Users\satta\Downloads\koreanguy\manas_os\db\__init__.py", line 61, in init_db
    conn.execute("INSERT OR IGNORE INTO settings (id, data_json) VALUES (1, '{}')")
sqlite3.OperationalError: database is locked
ERROR:    Exception in ASGI application
Traceback (most recent call last):
  File "C:\Users\satta\AppData\Local\Programs\Python\Python314\Lib\site-packages\uvicorn\protocols\http\h11_impl.py", line 410, in run_asgi
    result = await app(  # type: ignore[func-returns-value]
             ^^^^^^^^^^^^^^^^^^^^^^^^^^^^^^^^^^^^^^^^^^^^^^
  File "C:\Users\satta\AppData\Local\Programs\Python\Python314\Lib\site-packages\uvicorn\middleware\proxy_headers.py", line 60, in __call__
    return await self.app(scope, receive, send)
           ^^^^^^^^^^^^^^^^^^^^^^^^^^^^^^^^^^^^
  File "C:\Users\satta\AppData\Local\Programs\Python\Python314\Lib\site-packages\fastapi\applications.py", line 1135, in __call__
    await super().__call__(scope, receive, send)
  File "C:\Users\satta\AppData\Local\Programs\Python\Python314\Lib\site-packages\starlette\applications.py", line 107, in __call__
    await self.middleware_stack(scope, receive, send)
  File "C:\Users\satta\AppData\Local\Programs\Python\Python314\Lib\site-packages\starlette\middleware\errors.py", line 186, in __call__
    raise exc
  File "C:\Users\satta\AppData\Local\Programs\Python\Python314\Lib\site-packages\starlette\middleware\errors.py", line 164, in __call__
    await self.app(scope, receive, _send)
  File "C:\Users\satta\AppData\Local\Programs\Python\Python314\Lib\site-packages\starlette\middleware\cors.py", line 93, in __call__
    await self.simple_response(scope, receive, send, request_headers=headers)
  File "C:\Users\satta\AppData\Local\Programs\Python\Python314\Lib\site-packages\starlette\middleware\cors.py", line 144, in simple_response
    await self.app(scope, receive, send)
  File "C:\Users\satta\AppData\Local\Programs\Python\Python314\Lib\site-packages\starlette\middleware\exceptions.py", line 63, in __call__
    await wrap_app_handling_exceptions(self.app, conn)(scope, receive, send)
  File "C:\Users\satta\AppData\Local\Programs\Python\Python314\Lib\site-packages\starlette\_exception_handler.py", line 53, in wrapped_app
    raise exc
  File "C:\Users\satta\AppData\Local\Programs\Python\Python314\Lib\site-packages\starlette\_exception_handler.py", line 42, in wrapped_app
    await app(scope, receive, sender)
  File "C:\Users\satta\AppData\Local\Programs\Python\Python314\Lib\site-packages\fastapi\middleware\asyncexitstack.py", line 18, in __call__
    await self.app(scope, receive, send)
  File "C:\Users\satta\AppData\Local\Programs\Python\Python314\Lib\site-packages\starlette\routing.py", line 716, in __call__
    await self.middleware_stack(scope, receive, send)
  File "C:\Users\satta\AppData\Local\Programs\Python\Python314\Lib\site-packages\starlette\routing.py", line 736, in app
    await route.handle(scope, receive, send)
  File "C:\Users\satta\AppData\Local\Programs\Python\Python314\Lib\site-packages\starlette\routing.py", line 290, in handle
    await self.app(scope, receive, send)
  File "C:\Users\satta\AppData\Local\Programs\Python\Python314\Lib\site-packages\fastapi\routing.py", line 115, in app
    await wrap_app_handling_exceptions(app, request)(scope, receive, send)
  File "C:\Users\satta\AppData\Local\Programs\Python\Python314\Lib\site-packages\starlette\_exception_handler.py", line 53, in wrapped_app
    raise exc
  File "C:\Users\satta\AppData\Local\Programs\Python\Python314\Lib\site-packages\starlette\_exception_handler.py", line 42, in wrapped_app
    await app(scope, receive, sender)
  File "C:\Users\satta\AppData\Local\Programs\Python\Python314\Lib\site-packages\fastapi\routing.py", line 101, in app
    response = await f(request)
               ^^^^^^^^^^^^^^^^
  File "C:\Users\satta\AppData\Local\Programs\Python\Python314\Lib\site-packages\fastapi\routing.py", line 355, in app
    raw_response = await run_endpoint_function(
                   ^^^^^^^^^^^^^^^^^^^^^^^^^^^^
  File "C:\Users\satta\AppData\Local\Programs\Python\Python314\Lib\site-packages\fastapi\routing.py", line 245, in run_endpoint_function
    return await run_in_threadpool(dependant.call, **values)
           ^^^^^^^^^^^^^^^^^^^^^^^^^^^^^^^^^^^^^^^^^^^^^^^^^
  File "C:\Users\satta\AppData\Local\Programs\Python\Python314\Lib\site-packages\starlette\concurrency.py", line 32, in run_in_threadpool
    return await anyio.to_thread.run_sync(func)
           ^^^^^^^^^^^^^^^^^^^^^^^^^^^^^^^^^^^^
  File "C:\Users\satta\AppData\Local\Programs\Python\Python314\Lib\site-packages\anyio\to_thread.py", line 63, in run_sync
    return await get_async_backend().run_sync_in_worker_thread(
           ^^^^^^^^^^^^^^^^^^^^^^^^^^^^^^^^^^^^^^^^^^^^^^^^^^^^
  File "C:\Users\satta\AppData\Local\Programs\Python\Python314\Lib\site-packages\anyio\_backends\_asyncio.py", line 2502, in run_sync_in_worker_thread
    return await future
           ^^^^^^^^^^^^
  File "C:\Users\satta\AppData\Local\Programs\Python\Python314\Lib\site-packages\anyio\_backends\_asyncio.py", line 986, in run
    result = context.run(func, *args)
             ^^^^^^^^^^^^^^^^^^^^^^^^
  File "C:\Users\satta\Downloads\koreanguy\manas_os\api\app.py", line 3568, in jobs_get
    conn = db.init_db()
           ^^^^^^^^^^^^
  File "C:\Users\satta\Downloads\koreanguy\manas_os\db\__init__.py", line 61, in init_db
    conn.execute("INSERT OR IGNORE INTO settings (id, data_json) VALUES (1, '{}')")
sqlite3.OperationalError: database is locked
ERROR:    Exception in ASGI application
Traceback (most recent call last):
  File "C:\Users\satta\AppData\Local\Programs\Python\Python314\Lib\site-packages\uvicorn\protocols\http\h11_impl.py", line 410, in run_asgi
    result = await app(  # type: ignore[func-returns-value]
             ^^^^^^^^^^^^^^^^^^^^^^^^^^^^^^^^^^^^^^^^^^^^^^
  File "C:\Users\satta\AppData\Local\Programs\Python\Python314\Lib\site-packages\uvicorn\middleware\proxy_headers.py", line 60, in __call__
    return await self.app(scope, receive, send)
           ^^^^^^^^^^^^^^^^^^^^^^^^^^^^^^^^^^^^
  File "C:\Users\satta\AppData\Local\Programs\Python\Python314\Lib\site-packages\fastapi\applications.py", line 1135, in __call__
    await super().__call__(scope, receive, send)
  File "C:\Users\satta\AppData\Local\Programs\Python\Python314\Lib\site-packages\starlette\applications.py", line 107, in __call__
    await self.middleware_stack(scope, receive, send)
  File "C:\Users\satta\AppData\Local\Programs\Python\Python314\Lib\site-packages\starlette\middleware\errors.py", line 186, in __call__
    raise exc
  File "C:\Users\satta\AppData\Local\Programs\Python\Python314\Lib\site-packages\starlette\middleware\errors.py", line 164, in __call__
    await self.app(scope, receive, _send)
  File "C:\Users\satta\AppData\Local\Programs\Python\Python314\Lib\site-packages\starlette\middleware\cors.py", line 93, in __call__
    await self.simple_response(scope, receive, send, request_headers=headers)
  File "C:\Users\satta\AppData\Local\Programs\Python\Python314\Lib\site-packages\starlette\middleware\cors.py", line 144, in simple_response
    await self.app(scope, receive, send)
  File "C:\Users\satta\AppData\Local\Programs\Python\Python314\Lib\site-packages\starlette\middleware\exceptions.py", line 63, in __call__
    await wrap_app_handling_exceptions(self.app, conn)(scope, receive, send)
  File "C:\Users\satta\AppData\Local\Programs\Python\Python314\Lib\site-packages\starlette\_exception_handler.py", line 53, in wrapped_app
    raise exc
  File "C:\Users\satta\AppData\Local\Programs\Python\Python314\Lib\site-packages\starlette\_exception_handler.py", line 42, in wrapped_app
    await app(scope, receive, sender)
  File "C:\Users\satta\AppData\Local\Programs\Python\Python314\Lib\site-packages\fastapi\middleware\asyncexitstack.py", line 18, in __call__
    await self.app(scope, receive, send)
  File "C:\Users\satta\AppData\Local\Programs\Python\Python314\Lib\site-packages\starlette\routing.py", line 716, in __call__
    await self.middleware_stack(scope, receive, send)
  File "C:\Users\satta\AppData\Local\Programs\Python\Python314\Lib\site-packages\starlette\routing.py", line 736, in app
    await route.handle(scope, receive, send)
  File "C:\Users\satta\AppData\Local\Programs\Python\Python314\Lib\site-packages\starlette\routing.py", line 290, in handle
    await self.app(scope, receive, send)
  File "C:\Users\satta\AppData\Local\Programs\Python\Python314\Lib\site-packages\fastapi\routing.py", line 115, in app
    await wrap_app_handling_exceptions(app, request)(scope, receive, send)
  File "C:\Users\satta\AppData\Local\Programs\Python\Python314\Lib\site-packages\starlette\_exception_handler.py", line 53, in wrapped_app
    raise exc
  File "C:\Users\satta\AppData\Local\Programs\Python\Python314\Lib\site-packages\starlette\_exception_handler.py", line 42, in wrapped_app
    await app(scope, receive, sender)
  File "C:\Users\satta\AppData\Local\Programs\Python\Python314\Lib\site-packages\fastapi\routing.py", line 101, in app
    response = await f(request)
               ^^^^^^^^^^^^^^^^
  File "C:\Users\satta\AppData\Local\Programs\Python\Python314\Lib\site-packages\fastapi\routing.py", line 355, in app
    raw_response = await run_endpoint_function(
                   ^^^^^^^^^^^^^^^^^^^^^^^^^^^^
  File "C:\Users\satta\AppData\Local\Programs\Python\Python314\Lib\site-packages\fastapi\routing.py", line 245, in run_endpoint_function
    return await run_in_threadpool(dependant.call, **values)
           ^^^^^^^^^^^^^^^^^^^^^^^^^^^^^^^^^^^^^^^^^^^^^^^^^
  File "C:\Users\satta\AppData\Local\Programs\Python\Python314\Lib\site-packages\starlette\concurrency.py", line 32, in run_in_threadpool
    return await anyio.to_thread.run_sync(func)
           ^^^^^^^^^^^^^^^^^^^^^^^^^^^^^^^^^^^^
  File "C:\Users\satta\AppData\Local\Programs\Python\Python314\Lib\site-packages\anyio\to_thread.py", line 63, in run_sync
    return await get_async_backend().run_sync_in_worker_thread(
           ^^^^^^^^^^^^^^^^^^^^^^^^^^^^^^^^^^^^^^^^^^^^^^^^^^^^
  File "C:\Users\satta\AppData\Local\Programs\Python\Python314\Lib\site-packages\anyio\_backends\_asyncio.py", line 2502, in run_sync_in_worker_thread
    return await future
           ^^^^^^^^^^^^
  File "C:\Users\satta\AppData\Local\Programs\Python\Python314\Lib\site-packages\anyio\_backends\_asyncio.py", line 986, in run
    result = context.run(func, *args)
             ^^^^^^^^^^^^^^^^^^^^^^^^
  File "C:\Users\satta\Downloads\koreanguy\manas_os\api\app.py", line 3568, in jobs_get
    conn = db.init_db()
           ^^^^^^^^^^^^
  File "C:\Users\satta\Downloads\koreanguy\manas_os\db\__init__.py", line 61, in init_db
    conn.execute("INSERT OR IGNORE INTO settings (id, data_json) VALUES (1, '{}')")
sqlite3.OperationalError: database is locked
ERROR:    Exception in ASGI application
Traceback (most recent call last):
  File "C:\Users\satta\AppData\Local\Programs\Python\Python314\Lib\site-packages\uvicorn\protocols\http\h11_impl.py", line 410, in run_asgi
    result = await app(  # type: ignore[func-returns-value]
             ^^^^^^^^^^^^^^^^^^^^^^^^^^^^^^^^^^^^^^^^^^^^^^
  File "C:\Users\satta\AppData\Local\Programs\Python\Python314\Lib\site-packages\uvicorn\middleware\proxy_headers.py", line 60, in __call__
    return await self.app(scope, receive, send)
           ^^^^^^^^^^^^^^^^^^^^^^^^^^^^^^^^^^^^
  File "C:\Users\satta\AppData\Local\Programs\Python\Python314\Lib\site-packages\fastapi\applications.py", line 1135, in __call__
    await super().__call__(scope, receive, send)
  File "C:\Users\satta\AppData\Local\Programs\Python\Python314\Lib\site-packages\starlette\applications.py", line 107, in __call__
    await self.middleware_stack(scope, receive, send)
  File "C:\Users\satta\AppData\Local\Programs\Python\Python314\Lib\site-packages\starlette\middleware\errors.py", line 186, in __call__
    raise exc
  File "C:\Users\satta\AppData\Local\Programs\Python\Python314\Lib\site-packages\starlette\middleware\errors.py", line 164, in __call__
    await self.app(scope, receive, _send)
  File "C:\Users\satta\AppData\Local\Programs\Python\Python314\Lib\site-packages\starlette\middleware\cors.py", line 93, in __call__
    await self.simple_response(scope, receive, send, request_headers=headers)
  File "C:\Users\satta\AppData\Local\Programs\Python\Python314\Lib\site-packages\starlette\middleware\cors.py", line 144, in simple_response
    await self.app(scope, receive, send)
  File "C:\Users\satta\AppData\Local\Programs\Python\Python314\Lib\site-packages\starlette\middleware\exceptions.py", line 63, in __call__
    await wrap_app_handling_exceptions(self.app, conn)(scope, receive, send)
  File "C:\Users\satta\AppData\Local\Programs\Python\Python314\Lib\site-packages\starlette\_exception_handler.py", line 53, in wrapped_app
    raise exc
  File "C:\Users\satta\AppData\Local\Programs\Python\Python314\Lib\site-packages\starlette\_exception_handler.py", line 42, in wrapped_app
    await app(scope, receive, sender)
  File "C:\Users\satta\AppData\Local\Programs\Python\Python314\Lib\site-packages\fastapi\middleware\asyncexitstack.py", line 18, in __call__
    await self.app(scope, receive, send)
  File "C:\Users\satta\AppData\Local\Programs\Python\Python314\Lib\site-packages\starlette\routing.py", line 716, in __call__
    await self.middleware_stack(scope, receive, send)
  File "C:\Users\satta\AppData\Local\Programs\Python\Python314\Lib\site-packages\starlette\routing.py", line 736, in app
    await route.handle(scope, receive, send)
  File "C:\Users\satta\AppData\Local\Programs\Python\Python314\Lib\site-packages\starlette\routing.py", line 290, in handle
    await self.app(scope, receive, send)
  File "C:\Users\satta\AppData\Local\Programs\Python\Python314\Lib\site-packages\fastapi\routing.py", line 115, in app
    await wrap_app_handling_exceptions(app, request)(scope, receive, send)
  File "C:\Users\satta\AppData\Local\Programs\Python\Python314\Lib\site-packages\starlette\_exception_handler.py", line 53, in wrapped_app
    raise exc
  File "C:\Users\satta\AppData\Local\Programs\Python\Python314\Lib\site-packages\starlette\_exception_handler.py", line 42, in wrapped_app
    await app(scope, receive, sender)
  File "C:\Users\satta\AppData\Local\Programs\Python\Python314\Lib\site-packages\fastapi\routing.py", line 101, in app
    response = await f(request)
               ^^^^^^^^^^^^^^^^
  File "C:\Users\satta\AppData\Local\Programs\Python\Python314\Lib\site-packages\fastapi\routing.py", line 355, in app
    raw_response = await run_endpoint_function(
                   ^^^^^^^^^^^^^^^^^^^^^^^^^^^^
  File "C:\Users\satta\AppData\Local\Programs\Python\Python314\Lib\site-packages\fastapi\routing.py", line 245, in run_endpoint_function
    return await run_in_threadpool(dependant.call, **values)
           ^^^^^^^^^^^^^^^^^^^^^^^^^^^^^^^^^^^^^^^^^^^^^^^^^
  File "C:\Users\satta\AppData\Local\Programs\Python\Python314\Lib\site-packages\starlette\concurrency.py", line 32, in run_in_threadpool
    return await anyio.to_thread.run_sync(func)
           ^^^^^^^^^^^^^^^^^^^^^^^^^^^^^^^^^^^^
  File "C:\Users\satta\AppData\Local\Programs\Python\Python314\Lib\site-packages\anyio\to_thread.py", line 63, in run_sync
    return await get_async_backend().run_sync_in_worker_thread(
           ^^^^^^^^^^^^^^^^^^^^^^^^^^^^^^^^^^^^^^^^^^^^^^^^^^^^
  File "C:\Users\satta\AppData\Local\Programs\Python\Python314\Lib\site-packages\anyio\_backends\_asyncio.py", line 2502, in run_sync_in_worker_thread
    return await future
           ^^^^^^^^^^^^
  File "C:\Users\satta\AppData\Local\Programs\Python\Python314\Lib\site-packages\anyio\_backends\_asyncio.py", line 986, in run
    result = context.run(func, *args)
             ^^^^^^^^^^^^^^^^^^^^^^^^
  File "C:\Users\satta\Downloads\koreanguy\manas_os\api\app.py", line 3568, in jobs_get
    conn = db.init_db()
           ^^^^^^^^^^^^
  File "C:\Users\satta\Downloads\koreanguy\manas_os\db\__init__.py", line 61, in init_db
    conn.execute("INSERT OR IGNORE INTO settings (id, data_json) VALUES (1, '{}')")
sqlite3.OperationalError: database is locked
ERROR:    Exception in ASGI application
Traceback (most recent call last):
  File "C:\Users\satta\AppData\Local\Programs\Python\Python314\Lib\site-packages\uvicorn\protocols\http\h11_impl.py", line 410, in run_asgi
    result = await app(  # type: ignore[func-returns-value]
             ^^^^^^^^^^^^^^^^^^^^^^^^^^^^^^^^^^^^^^^^^^^^^^
  File "C:\Users\satta\AppData\Local\Programs\Python\Python314\Lib\site-packages\uvicorn\middleware\proxy_headers.py", line 60, in __call__
    return await self.app(scope, receive, send)
           ^^^^^^^^^^^^^^^^^^^^^^^^^^^^^^^^^^^^
  File "C:\Users\satta\AppData\Local\Programs\Python\Python314\Lib\site-packages\fastapi\applications.py", line 1135, in __call__
    await super().__call__(scope, receive, send)
  File "C:\Users\satta\AppData\Local\Programs\Python\Python314\Lib\site-packages\starlette\applications.py", line 107, in __call__
    await self.middleware_stack(scope, receive, send)
  File "C:\Users\satta\AppData\Local\Programs\Python\Python314\Lib\site-packages\starlette\middleware\errors.py", line 186, in __call__
    raise exc
  File "C:\Users\satta\AppData\Local\Programs\Python\Python314\Lib\site-packages\starlette\middleware\errors.py", line 164, in __call__
    await self.app(scope, receive, _send)
  File "C:\Users\satta\AppData\Local\Programs\Python\Python314\Lib\site-packages\starlette\middleware\cors.py", line 93, in __call__
    await self.simple_response(scope, receive, send, request_headers=headers)
  File "C:\Users\satta\AppData\Local\Programs\Python\Python314\Lib\site-packages\starlette\middleware\cors.py", line 144, in simple_response
    await self.app(scope, receive, send)
  File "C:\Users\satta\AppData\Local\Programs\Python\Python314\Lib\site-packages\starlette\middleware\exceptions.py", line 63, in __call__
    await wrap_app_handling_exceptions(self.app, conn)(scope, receive, send)
  File "C:\Users\satta\AppData\Local\Programs\Python\Python314\Lib\site-packages\starlette\_exception_handler.py", line 53, in wrapped_app
    raise exc
  File "C:\Users\satta\AppData\Local\Programs\Python\Python314\Lib\site-packages\starlette\_exception_handler.py", line 42, in wrapped_app
    await app(scope, receive, sender)
  File "C:\Users\satta\AppData\Local\Programs\Python\Python314\Lib\site-packages\fastapi\middleware\asyncexitstack.py", line 18, in __call__
    await self.app(scope, receive, send)
  File "C:\Users\satta\AppData\Local\Programs\Python\Python314\Lib\site-packages\starlette\routing.py", line 716, in __call__
    await self.middleware_stack(scope, receive, send)
  File "C:\Users\satta\AppData\Local\Programs\Python\Python314\Lib\site-packages\starlette\routing.py", line 736, in app
    await route.handle(scope, receive, send)
  File "C:\Users\satta\AppData\Local\Programs\Python\Python314\Lib\site-packages\starlette\routing.py", line 290, in handle
    await self.app(scope, receive, send)
  File "C:\Users\satta\AppData\Local\Programs\Python\Python314\Lib\site-packages\fastapi\routing.py", line 115, in app
    await wrap_app_handling_exceptions(app, request)(scope, receive, send)
  File "C:\Users\satta\AppData\Local\Programs\Python\Python314\Lib\site-packages\starlette\_exception_handler.py", line 53, in wrapped_app
    raise exc
  File "C:\Users\satta\AppData\Local\Programs\Python\Python314\Lib\site-packages\starlette\_exception_handler.py", line 42, in wrapped_app
    await app(scope, receive, sender)
  File "C:\Users\satta\AppData\Local\Programs\Python\Python314\Lib\site-packages\fastapi\routing.py", line 101, in app
    response = await f(request)
               ^^^^^^^^^^^^^^^^
  File "C:\Users\satta\AppData\Local\Programs\Python\Python314\Lib\site-packages\fastapi\routing.py", line 355, in app
    raw_response = await run_endpoint_function(
                   ^^^^^^^^^^^^^^^^^^^^^^^^^^^^
  File "C:\Users\satta\AppData\Local\Programs\Python\Python314\Lib\site-packages\fastapi\routing.py", line 245, in run_endpoint_function
    return await run_in_threadpool(dependant.call, **values)
           ^^^^^^^^^^^^^^^^^^^^^^^^^^^^^^^^^^^^^^^^^^^^^^^^^
  File "C:\Users\satta\AppData\Local\Programs\Python\Python314\Lib\site-packages\starlette\concurrency.py", line 32, in run_in_threadpool
    return await anyio.to_thread.run_sync(func)
           ^^^^^^^^^^^^^^^^^^^^^^^^^^^^^^^^^^^^
  File "C:\Users\satta\AppData\Local\Programs\Python\Python314\Lib\site-packages\anyio\to_thread.py", line 63, in run_sync
    return await get_async_backend().run_sync_in_worker_thread(
           ^^^^^^^^^^^^^^^^^^^^^^^^^^^^^^^^^^^^^^^^^^^^^^^^^^^^
  File "C:\Users\satta\AppData\Local\Programs\Python\Python314\Lib\site-packages\anyio\_backends\_asyncio.py", line 2502, in run_sync_in_worker_thread
    return await future
           ^^^^^^^^^^^^
  File "C:\Users\satta\AppData\Local\Programs\Python\Python314\Lib\site-packages\anyio\_backends\_asyncio.py", line 986, in run
    result = context.run(func, *args)
             ^^^^^^^^^^^^^^^^^^^^^^^^
  File "C:\Users\satta\Downloads\koreanguy\manas_os\api\app.py", line 3568, in jobs_get
    conn = db.init_db()
           ^^^^^^^^^^^^
  File "C:\Users\satta\Downloads\koreanguy\manas_os\db\__init__.py", line 61, in init_db
    conn.execute("INSERT OR IGNORE INTO settings (id, data_json) VALUES (1, '{}')")
sqlite3.OperationalError: database is locked
ERROR:    Exception in ASGI application
Traceback (most recent call last):
  File "C:\Users\satta\AppData\Local\Programs\Python\Python314\Lib\site-packages\uvicorn\protocols\http\h11_impl.py", line 410, in run_asgi
    result = await app(  # type: ignore[func-returns-value]
             ^^^^^^^^^^^^^^^^^^^^^^^^^^^^^^^^^^^^^^^^^^^^^^
  File "C:\Users\satta\AppData\Local\Programs\Python\Python314\Lib\site-packages\uvicorn\middleware\proxy_headers.py", line 60, in __call__
    return await self.app(scope, receive, send)
           ^^^^^^^^^^^^^^^^^^^^^^^^^^^^^^^^^^^^
  File "C:\Users\satta\AppData\Local\Programs\Python\Python314\Lib\site-packages\fastapi\applications.py", line 1135, in __call__
    await super().__call__(scope, receive, send)
  File "C:\Users\satta\AppData\Local\Programs\Python\Python314\Lib\site-packages\starlette\applications.py", line 107, in __call__
    await self.middleware_stack(scope, receive, send)
  File "C:\Users\satta\AppData\Local\Programs\Python\Python314\Lib\site-packages\starlette\middleware\errors.py", line 186, in __call__
    raise exc
  File "C:\Users\satta\AppData\Local\Programs\Python\Python314\Lib\site-packages\starlette\middleware\errors.py", line 164, in __call__
    await self.app(scope, receive, _send)
  File "C:\Users\satta\AppData\Local\Programs\Python\Python314\Lib\site-packages\starlette\middleware\cors.py", line 93, in __call__
    await self.simple_response(scope, receive, send, request_headers=headers)
  File "C:\Users\satta\AppData\Local\Programs\Python\Python314\Lib\site-packages\starlette\middleware\cors.py", line 144, in simple_response
    await self.app(scope, receive, send)
  File "C:\Users\satta\AppData\Local\Programs\Python\Python314\Lib\site-packages\starlette\middleware\exceptions.py", line 63, in __call__
    await wrap_app_handling_exceptions(self.app, conn)(scope, receive, send)
  File "C:\Users\satta\AppData\Local\Programs\Python\Python314\Lib\site-packages\starlette\_exception_handler.py", line 53, in wrapped_app
    raise exc
  File "C:\Users\satta\AppData\Local\Programs\Python\Python314\Lib\site-packages\starlette\_exception_handler.py", line 42, in wrapped_app
    await app(scope, receive, sender)
  File "C:\Users\satta\AppData\Local\Programs\Python\Python314\Lib\site-packages\fastapi\middleware\asyncexitstack.py", line 18, in __call__
    await self.app(scope, receive, send)
  File "C:\Users\satta\AppData\Local\Programs\Python\Python314\Lib\site-packages\starlette\routing.py", line 716, in __call__
    await self.middleware_stack(scope, receive, send)
  File "C:\Users\satta\AppData\Local\Programs\Python\Python314\Lib\site-packages\starlette\routing.py", line 736, in app
    await route.handle(scope, receive, send)
  File "C:\Users\satta\AppData\Local\Programs\Python\Python314\Lib\site-packages\starlette\routing.py", line 290, in handle
    await self.app(scope, receive, send)
  File "C:\Users\satta\AppData\Local\Programs\Python\Python314\Lib\site-packages\fastapi\routing.py", line 115, in app
    await wrap_app_handling_exceptions(app, request)(scope, receive, send)
  File "C:\Users\satta\AppData\Local\Programs\Python\Python314\Lib\site-packages\starlette\_exception_handler.py", line 53, in wrapped_app
    raise exc
  File "C:\Users\satta\AppData\Local\Programs\Python\Python314\Lib\site-packages\starlette\_exception_handler.py", line 42, in wrapped_app
    await app(scope, receive, sender)
  File "C:\Users\satta\AppData\Local\Programs\Python\Python314\Lib\site-packages\fastapi\routing.py", line 101, in app
    response = await f(request)
               ^^^^^^^^^^^^^^^^
  File "C:\Users\satta\AppData\Local\Programs\Python\Python314\Lib\site-packages\fastapi\routing.py", line 355, in app
    raw_response = await run_endpoint_function(
                   ^^^^^^^^^^^^^^^^^^^^^^^^^^^^
  File "C:\Users\satta\AppData\Local\Programs\Python\Python314\Lib\site-packages\fastapi\routing.py", line 245, in run_endpoint_function
    return await run_in_threadpool(dependant.call, **values)
           ^^^^^^^^^^^^^^^^^^^^^^^^^^^^^^^^^^^^^^^^^^^^^^^^^
  File "C:\Users\satta\AppData\Local\Programs\Python\Python314\Lib\site-packages\starlette\concurrency.py", line 32, in run_in_threadpool
    return await anyio.to_thread.run_sync(func)
           ^^^^^^^^^^^^^^^^^^^^^^^^^^^^^^^^^^^^
  File "C:\Users\satta\AppData\Local\Programs\Python\Python314\Lib\site-packages\anyio\to_thread.py", line 63, in run_sync
    return await get_async_backend().run_sync_in_worker_thread(
           ^^^^^^^^^^^^^^^^^^^^^^^^^^^^^^^^^^^^^^^^^^^^^^^^^^^^
  File "C:\Users\satta\AppData\Local\Programs\Python\Python314\Lib\site-packages\anyio\_backends\_asyncio.py", line 2502, in run_sync_in_worker_thread
    return await future
           ^^^^^^^^^^^^
  File "C:\Users\satta\AppData\Local\Programs\Python\Python314\Lib\site-packages\anyio\_backends\_asyncio.py", line 986, in run
    result = context.run(func, *args)
             ^^^^^^^^^^^^^^^^^^^^^^^^
  File "C:\Users\satta\Downloads\koreanguy\manas_os\api\app.py", line 3568, in jobs_get
    conn = db.init_db()
           ^^^^^^^^^^^^
  File "C:\Users\satta\Downloads\koreanguy\manas_os\db\__init__.py", line 61, in init_db
    conn.execute("INSERT OR IGNORE INTO settings (id, data_json) VALUES (1, '{}')")
sqlite3.OperationalError: database is locked
ERROR:    Exception in ASGI application
Traceback (most recent call last):
  File "C:\Users\satta\AppData\Local\Programs\Python\Python314\Lib\site-packages\uvicorn\protocols\http\h11_impl.py", line 410, in run_asgi
    result = await app(  # type: ignore[func-returns-value]
             ^^^^^^^^^^^^^^^^^^^^^^^^^^^^^^^^^^^^^^^^^^^^^^
  File "C:\Users\satta\AppData\Local\Programs\Python\Python314\Lib\site-packages\uvicorn\middleware\proxy_headers.py", line 60, in __call__
    return await self.app(scope, receive, send)
           ^^^^^^^^^^^^^^^^^^^^^^^^^^^^^^^^^^^^
  File "C:\Users\satta\AppData\Local\Programs\Python\Python314\Lib\site-packages\fastapi\applications.py", line 1135, in __call__
    await super().__call__(scope, receive, send)
  File "C:\Users\satta\AppData\Local\Programs\Python\Python314\Lib\site-packages\starlette\applications.py", line 107, in __call__
    await self.middleware_stack(scope, receive, send)
  File "C:\Users\satta\AppData\Local\Programs\Python\Python314\Lib\site-packages\starlette\middleware\errors.py", line 186, in __call__
    raise exc
  File "C:\Users\satta\AppData\Local\Programs\Python\Python314\Lib\site-packages\starlette\middleware\errors.py", line 164, in __call__
    await self.app(scope, receive, _send)
  File "C:\Users\satta\AppData\Local\Programs\Python\Python314\Lib\site-packages\starlette\middleware\cors.py", line 93, in __call__
    await self.simple_response(scope, receive, send, request_headers=headers)
  File "C:\Users\satta\AppData\Local\Programs\Python\Python314\Lib\site-packages\starlette\middleware\cors.py", line 144, in simple_response
    await self.app(scope, receive, send)
  File "C:\Users\satta\AppData\Local\Programs\Python\Python314\Lib\site-packages\starlette\middleware\exceptions.py", line 63, in __call__
    await wrap_app_handling_exceptions(self.app, conn)(scope, receive, send)
  File "C:\Users\satta\AppData\Local\Programs\Python\Python314\Lib\site-packages\starlette\_exception_handler.py", line 53, in wrapped_app
    raise exc
  File "C:\Users\satta\AppData\Local\Programs\Python\Python314\Lib\site-packages\starlette\_exception_handler.py", line 42, in wrapped_app
    await app(scope, receive, sender)
  File "C:\Users\satta\AppData\Local\Programs\Python\Python314\Lib\site-packages\fastapi\middleware\asyncexitstack.py", line 18, in __call__
    await self.app(scope, receive, send)
  File "C:\Users\satta\AppData\Local\Programs\Python\Python314\Lib\site-packages\starlette\routing.py", line 716, in __call__
    await self.middleware_stack(scope, receive, send)
  File "C:\Users\satta\AppData\Local\Programs\Python\Python314\Lib\site-packages\starlette\routing.py", line 736, in app
    await route.handle(scope, receive, send)
  File "C:\Users\satta\AppData\Local\Programs\Python\Python314\Lib\site-packages\starlette\routing.py", line 290, in handle
    await self.app(scope, receive, send)
  File "C:\Users\satta\AppData\Local\Programs\Python\Python314\Lib\site-packages\fastapi\routing.py", line 115, in app
    await wrap_app_handling_exceptions(app, request)(scope, receive, send)
  File "C:\Users\satta\AppData\Local\Programs\Python\Python314\Lib\site-packages\starlette\_exception_handler.py", line 53, in wrapped_app
    raise exc
  File "C:\Users\satta\AppData\Local\Programs\Python\Python314\Lib\site-packages\starlette\_exception_handler.py", line 42, in wrapped_app
    await app(scope, receive, sender)
  File "C:\Users\satta\AppData\Local\Programs\Python\Python314\Lib\site-packages\fastapi\routing.py", line 101, in app
    response = await f(request)
               ^^^^^^^^^^^^^^^^
  File "C:\Users\satta\AppData\Local\Programs\Python\Python314\Lib\site-packages\fastapi\routing.py", line 355, in app
    raw_response = await run_endpoint_function(
                   ^^^^^^^^^^^^^^^^^^^^^^^^^^^^
  File "C:\Users\satta\AppData\Local\Programs\Python\Python314\Lib\site-packages\fastapi\routing.py", line 245, in run_endpoint_function
    return await run_in_threadpool(dependant.call, **values)
           ^^^^^^^^^^^^^^^^^^^^^^^^^^^^^^^^^^^^^^^^^^^^^^^^^
  File "C:\Users\satta\AppData\Local\Programs\Python\Python314\Lib\site-packages\starlette\concurrency.py", line 32, in run_in_threadpool
    return await anyio.to_thread.run_sync(func)
           ^^^^^^^^^^^^^^^^^^^^^^^^^^^^^^^^^^^^
  File "C:\Users\satta\AppData\Local\Programs\Python\Python314\Lib\site-packages\anyio\to_thread.py", line 63, in run_sync
    return await get_async_backend().run_sync_in_worker_thread(
           ^^^^^^^^^^^^^^^^^^^^^^^^^^^^^^^^^^^^^^^^^^^^^^^^^^^^
  File "C:\Users\satta\AppData\Local\Programs\Python\Python314\Lib\site-packages\anyio\_backends\_asyncio.py", line 2502, in run_sync_in_worker_thread
    return await future
           ^^^^^^^^^^^^
  File "C:\Users\satta\AppData\Local\Programs\Python\Python314\Lib\site-packages\anyio\_backends\_asyncio.py", line 986, in run
    result = context.run(func, *args)
             ^^^^^^^^^^^^^^^^^^^^^^^^
  File "C:\Users\satta\Downloads\koreanguy\manas_os\api\app.py", line 3568, in jobs_get
    conn = db.init_db()
           ^^^^^^^^^^^^
  File "C:\Users\satta\Downloads\koreanguy\manas_os\db\__init__.py", line 61, in init_db
    conn.execute("INSERT OR IGNORE INTO settings (id, data_json) VALUES (1, '{}')")
sqlite3.OperationalError: database is locked
ERROR:    Exception in ASGI application
Traceback (most recent call last):
  File "C:\Users\satta\AppData\Local\Programs\Python\Python314\Lib\site-packages\uvicorn\protocols\http\h11_impl.py", line 410, in run_asgi
    result = await app(  # type: ignore[func-returns-value]
             ^^^^^^^^^^^^^^^^^^^^^^^^^^^^^^^^^^^^^^^^^^^^^^
  File "C:\Users\satta\AppData\Local\Programs\Python\Python314\Lib\site-packages\uvicorn\middleware\proxy_headers.py", line 60, in __call__
    return await self.app(scope, receive, send)
           ^^^^^^^^^^^^^^^^^^^^^^^^^^^^^^^^^^^^
  File "C:\Users\satta\AppData\Local\Programs\Python\Python314\Lib\site-packages\fastapi\applications.py", line 1135, in __call__
    await super().__call__(scope, receive, send)
  File "C:\Users\satta\AppData\Local\Programs\Python\Python314\Lib\site-packages\starlette\applications.py", line 107, in __call__
    await self.middleware_stack(scope, receive, send)
  File "C:\Users\satta\AppData\Local\Programs\Python\Python314\Lib\site-packages\starlette\middleware\errors.py", line 186, in __call__
    raise exc
  File "C:\Users\satta\AppData\Local\Programs\Python\Python314\Lib\site-packages\starlette\middleware\errors.py", line 164, in __call__
    await self.app(scope, receive, _send)
  File "C:\Users\satta\AppData\Local\Programs\Python\Python314\Lib\site-packages\starlette\middleware\cors.py", line 93, in __call__
    await self.simple_response(scope, receive, send, request_headers=headers)
  File "C:\Users\satta\AppData\Local\Programs\Python\Python314\Lib\site-packages\starlette\middleware\cors.py", line 144, in simple_response
    await self.app(scope, receive, send)
  File "C:\Users\satta\AppData\Local\Programs\Python\Python314\Lib\site-packages\starlette\middleware\exceptions.py", line 63, in __call__
    await wrap_app_handling_exceptions(self.app, conn)(scope, receive, send)
  File "C:\Users\satta\AppData\Local\Programs\Python\Python314\Lib\site-packages\starlette\_exception_handler.py", line 53, in wrapped_app
    raise exc
  File "C:\Users\satta\AppData\Local\Programs\Python\Python314\Lib\site-packages\starlette\_exception_handler.py", line 42, in wrapped_app
    await app(scope, receive, sender)
  File "C:\Users\satta\AppData\Local\Programs\Python\Python314\Lib\site-packages\fastapi\middleware\asyncexitstack.py", line 18, in __call__
    await self.app(scope, receive, send)
  File "C:\Users\satta\AppData\Local\Programs\Python\Python314\Lib\site-packages\starlette\routing.py", line 716, in __call__
    await self.middleware_stack(scope, receive, send)
  File "C:\Users\satta\AppData\Local\Programs\Python\Python314\Lib\site-packages\starlette\routing.py", line 736, in app
    await route.handle(scope, receive, send)
  File "C:\Users\satta\AppData\Local\Programs\Python\Python314\Lib\site-packages\starlette\routing.py", line 290, in handle
    await self.app(scope, receive, send)
  File "C:\Users\satta\AppData\Local\Programs\Python\Python314\Lib\site-packages\fastapi\routing.py", line 115, in app
    await wrap_app_handling_exceptions(app, request)(scope, receive, send)
  File "C:\Users\satta\AppData\Local\Programs\Python\Python314\Lib\site-packages\starlette\_exception_handler.py", line 53, in wrapped_app
    raise exc
  File "C:\Users\satta\AppData\Local\Programs\Python\Python314\Lib\site-packages\starlette\_exception_handler.py", line 42, in wrapped_app
    await app(scope, receive, sender)
  File "C:\Users\satta\AppData\Local\Programs\Python\Python314\Lib\site-packages\fastapi\routing.py", line 101, in app
    response = await f(request)
               ^^^^^^^^^^^^^^^^
  File "C:\Users\satta\AppData\Local\Programs\Python\Python314\Lib\site-packages\fastapi\routing.py", line 355, in app
    raw_response = await run_endpoint_function(
                   ^^^^^^^^^^^^^^^^^^^^^^^^^^^^
  File "C:\Users\satta\AppData\Local\Programs\Python\Python314\Lib\site-packages\fastapi\routing.py", line 245, in run_endpoint_function
    return await run_in_threadpool(dependant.call, **values)
           ^^^^^^^^^^^^^^^^^^^^^^^^^^^^^^^^^^^^^^^^^^^^^^^^^
  File "C:\Users\satta\AppData\Local\Programs\Python\Python314\Lib\site-packages\starlette\concurrency.py", line 32, in run_in_threadpool
    return await anyio.to_thread.run_sync(func)
           ^^^^^^^^^^^^^^^^^^^^^^^^^^^^^^^^^^^^
  File "C:\Users\satta\AppData\Local\Programs\Python\Python314\Lib\site-packages\anyio\to_thread.py", line 63, in run_sync
    return await get_async_backend().run_sync_in_worker_thread(
           ^^^^^^^^^^^^^^^^^^^^^^^^^^^^^^^^^^^^^^^^^^^^^^^^^^^^
  File "C:\Users\satta\AppData\Local\Programs\Python\Python314\Lib\site-packages\anyio\_backends\_asyncio.py", line 2502, in run_sync_in_worker_thread
    return await future
           ^^^^^^^^^^^^
  File "C:\Users\satta\AppData\Local\Programs\Python\Python314\Lib\site-packages\anyio\_backends\_asyncio.py", line 986, in run
    result = context.run(func, *args)
             ^^^^^^^^^^^^^^^^^^^^^^^^
  File "C:\Users\satta\Downloads\koreanguy\manas_os\api\app.py", line 3568, in jobs_get
    conn = db.init_db()
           ^^^^^^^^^^^^
  File "C:\Users\satta\Downloads\koreanguy\manas_os\db\__init__.py", line 61, in init_db
    conn.execute("INSERT OR IGNORE INTO settings (id, data_json) VALUES (1, '{}')")
sqlite3.OperationalError: database is locked
ERROR:    Exception in ASGI application
Traceback (most recent call last):
  File "C:\Users\satta\AppData\Local\Programs\Python\Python314\Lib\site-packages\uvicorn\protocols\http\h11_impl.py", line 410, in run_asgi
    result = await app(  # type: ignore[func-returns-value]
             ^^^^^^^^^^^^^^^^^^^^^^^^^^^^^^^^^^^^^^^^^^^^^^
  File "C:\Users\satta\AppData\Local\Programs\Python\Python314\Lib\site-packages\uvicorn\middleware\proxy_headers.py", line 60, in __call__
    return await self.app(scope, receive, send)
           ^^^^^^^^^^^^^^^^^^^^^^^^^^^^^^^^^^^^
  File "C:\Users\satta\AppData\Local\Programs\Python\Python314\Lib\site-packages\fastapi\applications.py", line 1135, in __call__
    await super().__call__(scope, receive, send)
  File "C:\Users\satta\AppData\Local\Programs\Python\Python314\Lib\site-packages\starlette\applications.py", line 107, in __call__
    await self.middleware_stack(scope, receive, send)
  File "C:\Users\satta\AppData\Local\Programs\Python\Python314\Lib\site-packages\starlette\middleware\errors.py", line 186, in __call__
    raise exc
  File "C:\Users\satta\AppData\Local\Programs\Python\Python314\Lib\site-packages\starlette\middleware\errors.py", line 164, in __call__
    await self.app(scope, receive, _send)
  File "C:\Users\satta\AppData\Local\Programs\Python\Python314\Lib\site-packages\starlette\middleware\cors.py", line 93, in __call__
    await self.simple_response(scope, receive, send, request_headers=headers)
  File "C:\Users\satta\AppData\Local\Programs\Python\Python314\Lib\site-packages\starlette\middleware\cors.py", line 144, in simple_response
    await self.app(scope, receive, send)
  File "C:\Users\satta\AppData\Local\Programs\Python\Python314\Lib\site-packages\starlette\middleware\exceptions.py", line 63, in __call__
    await wrap_app_handling_exceptions(self.app, conn)(scope, receive, send)
  File "C:\Users\satta\AppData\Local\Programs\Python\Python314\Lib\site-packages\starlette\_exception_handler.py", line 53, in wrapped_app
    raise exc
  File "C:\Users\satta\AppData\Local\Programs\Python\Python314\Lib\site-packages\starlette\_exception_handler.py", line 42, in wrapped_app
    await app(scope, receive, sender)
  File "C:\Users\satta\AppData\Local\Programs\Python\Python314\Lib\site-packages\fastapi\middleware\asyncexitstack.py", line 18, in __call__
    await self.app(scope, receive, send)
  File "C:\Users\satta\AppData\Local\Programs\Python\Python314\Lib\site-packages\starlette\routing.py", line 716, in __call__
    await self.middleware_stack(scope, receive, send)
  File "C:\Users\satta\AppData\Local\Programs\Python\Python314\Lib\site-packages\starlette\routing.py", line 736, in app
    await route.handle(scope, receive, send)
  File "C:\Users\satta\AppData\Local\Programs\Python\Python314\Lib\site-packages\starlette\routing.py", line 290, in handle
    await self.app(scope, receive, send)
  File "C:\Users\satta\AppData\Local\Programs\Python\Python314\Lib\site-packages\fastapi\routing.py", line 115, in app
    await wrap_app_handling_exceptions(app, request)(scope, receive, send)
  File "C:\Users\satta\AppData\Local\Programs\Python\Python314\Lib\site-packages\starlette\_exception_handler.py", line 53, in wrapped_app
    raise exc
  File "C:\Users\satta\AppData\Local\Programs\Python\Python314\Lib\site-packages\starlette\_exception_handler.py", line 42, in wrapped_app
    await app(scope, receive, sender)
  File "C:\Users\satta\AppData\Local\Programs\Python\Python314\Lib\site-packages\fastapi\routing.py", line 101, in app
    response = await f(request)
               ^^^^^^^^^^^^^^^^
  File "C:\Users\satta\AppData\Local\Programs\Python\Python314\Lib\site-packages\fastapi\routing.py", line 355, in app
    raw_response = await run_endpoint_function(
                   ^^^^^^^^^^^^^^^^^^^^^^^^^^^^
  File "C:\Users\satta\AppData\Local\Programs\Python\Python314\Lib\site-packages\fastapi\routing.py", line 245, in run_endpoint_function
    return await run_in_threadpool(dependant.call, **values)
           ^^^^^^^^^^^^^^^^^^^^^^^^^^^^^^^^^^^^^^^^^^^^^^^^^
  File "C:\Users\satta\AppData\Local\Programs\Python\Python314\Lib\site-packages\starlette\concurrency.py", line 32, in run_in_threadpool
    return await anyio.to_thread.run_sync(func)
           ^^^^^^^^^^^^^^^^^^^^^^^^^^^^^^^^^^^^
  File "C:\Users\satta\AppData\Local\Programs\Python\Python314\Lib\site-packages\anyio\to_thread.py", line 63, in run_sync
    return await get_async_backend().run_sync_in_worker_thread(
           ^^^^^^^^^^^^^^^^^^^^^^^^^^^^^^^^^^^^^^^^^^^^^^^^^^^^
  File "C:\Users\satta\AppData\Local\Programs\Python\Python314\Lib\site-packages\anyio\_backends\_asyncio.py", line 2502, in run_sync_in_worker_thread
    return await future
           ^^^^^^^^^^^^
  File "C:\Users\satta\AppData\Local\Programs\Python\Python314\Lib\site-packages\anyio\_backends\_asyncio.py", line 986, in run
    result = context.run(func, *args)
             ^^^^^^^^^^^^^^^^^^^^^^^^
  File "C:\Users\satta\Downloads\koreanguy\manas_os\api\app.py", line 3568, in jobs_get
    conn = db.init_db()
           ^^^^^^^^^^^^
  File "C:\Users\satta\Downloads\koreanguy\manas_os\db\__init__.py", line 61, in init_db
    conn.execute("INSERT OR IGNORE INTO settings (id, data_json) VALUES (1, '{}')")
sqlite3.OperationalError: database is locked
ERROR:    Exception in ASGI application
Traceback (most recent call last):
  File "C:\Users\satta\AppData\Local\Programs\Python\Python314\Lib\site-packages\uvicorn\protocols\http\h11_impl.py", line 410, in run_asgi
    result = await app(  # type: ignore[func-returns-value]
             ^^^^^^^^^^^^^^^^^^^^^^^^^^^^^^^^^^^^^^^^^^^^^^
  File "C:\Users\satta\AppData\Local\Programs\Python\Python314\Lib\site-packages\uvicorn\middleware\proxy_headers.py", line 60, in __call__
    return await self.app(scope, receive, send)
           ^^^^^^^^^^^^^^^^^^^^^^^^^^^^^^^^^^^^
  File "C:\Users\satta\AppData\Local\Programs\Python\Python314\Lib\site-packages\fastapi\applications.py", line 1135, in __call__
    await super().__call__(scope, receive, send)
  File "C:\Users\satta\AppData\Local\Programs\Python\Python314\Lib\site-packages\starlette\applications.py", line 107, in __call__
    await self.middleware_stack(scope, receive, send)
  File "C:\Users\satta\AppData\Local\Programs\Python\Python314\Lib\site-packages\starlette\middleware\errors.py", line 186, in __call__
    raise exc
  File "C:\Users\satta\AppData\Local\Programs\Python\Python314\Lib\site-packages\starlette\middleware\errors.py", line 164, in __call__
    await self.app(scope, receive, _send)
  File "C:\Users\satta\AppData\Local\Programs\Python\Python314\Lib\site-packages\starlette\middleware\cors.py", line 93, in __call__
    await self.simple_response(scope, receive, send, request_headers=headers)
  File "C:\Users\satta\AppData\Local\Programs\Python\Python314\Lib\site-packages\starlette\middleware\cors.py", line 144, in simple_response
    await self.app(scope, receive, send)
  File "C:\Users\satta\AppData\Local\Programs\Python\Python314\Lib\site-packages\starlette\middleware\exceptions.py", line 63, in __call__
    await wrap_app_handling_exceptions(self.app, conn)(scope, receive, send)
  File "C:\Users\satta\AppData\Local\Programs\Python\Python314\Lib\site-packages\starlette\_exception_handler.py", line 53, in wrapped_app
    raise exc
  File "C:\Users\satta\AppData\Local\Programs\Python\Python314\Lib\site-packages\starlette\_exception_handler.py", line 42, in wrapped_app
    await app(scope, receive, sender)
  File "C:\Users\satta\AppData\Local\Programs\Python\Python314\Lib\site-packages\fastapi\middleware\asyncexitstack.py", line 18, in __call__
    await self.app(scope, receive, send)
  File "C:\Users\satta\AppData\Local\Programs\Python\Python314\Lib\site-packages\starlette\routing.py", line 716, in __call__
    await self.middleware_stack(scope, receive, send)
  File "C:\Users\satta\AppData\Local\Programs\Python\Python314\Lib\site-packages\starlette\routing.py", line 736, in app
    await route.handle(scope, receive, send)
  File "C:\Users\satta\AppData\Local\Programs\Python\Python314\Lib\site-packages\starlette\routing.py", line 290, in handle
    await self.app(scope, receive, send)
  File "C:\Users\satta\AppData\Local\Programs\Python\Python314\Lib\site-packages\fastapi\routing.py", line 115, in app
    await wrap_app_handling_exceptions(app, request)(scope, receive, send)
  File "C:\Users\satta\AppData\Local\Programs\Python\Python314\Lib\site-packages\starlette\_exception_handler.py", line 53, in wrapped_app
    raise exc
  File "C:\Users\satta\AppData\Local\Programs\Python\Python314\Lib\site-packages\starlette\_exception_handler.py", line 42, in wrapped_app
    await app(scope, receive, sender)
  File "C:\Users\satta\AppData\Local\Programs\Python\Python314\Lib\site-packages\fastapi\routing.py", line 101, in app
    response = await f(request)
               ^^^^^^^^^^^^^^^^
  File "C:\Users\satta\AppData\Local\Programs\Python\Python314\Lib\site-packages\fastapi\routing.py", line 355, in app
    raw_response = await run_endpoint_function(
                   ^^^^^^^^^^^^^^^^^^^^^^^^^^^^
  File "C:\Users\satta\AppData\Local\Programs\Python\Python314\Lib\site-packages\fastapi\routing.py", line 245, in run_endpoint_function
    return await run_in_threadpool(dependant.call, **values)
           ^^^^^^^^^^^^^^^^^^^^^^^^^^^^^^^^^^^^^^^^^^^^^^^^^
  File "C:\Users\satta\AppData\Local\Programs\Python\Python314\Lib\site-packages\starlette\concurrency.py", line 32, in run_in_threadpool
    return await anyio.to_thread.run_sync(func)
           ^^^^^^^^^^^^^^^^^^^^^^^^^^^^^^^^^^^^
  File "C:\Users\satta\AppData\Local\Programs\Python\Python314\Lib\site-packages\anyio\to_thread.py", line 63, in run_sync
    return await get_async_backend().run_sync_in_worker_thread(
           ^^^^^^^^^^^^^^^^^^^^^^^^^^^^^^^^^^^^^^^^^^^^^^^^^^^^
  File "C:\Users\satta\AppData\Local\Programs\Python\Python314\Lib\site-packages\anyio\_backends\_asyncio.py", line 2502, in run_sync_in_worker_thread
    return await future
           ^^^^^^^^^^^^
  File "C:\Users\satta\AppData\Local\Programs\Python\Python314\Lib\site-packages\anyio\_backends\_asyncio.py", line 986, in run
    result = context.run(func, *args)
             ^^^^^^^^^^^^^^^^^^^^^^^^
  File "C:\Users\satta\Downloads\koreanguy\manas_os\api\app.py", line 3568, in jobs_get
    conn = db.init_db()
           ^^^^^^^^^^^^
  File "C:\Users\satta\Downloads\koreanguy\manas_os\db\__init__.py", line 61, in init_db
    conn.execute("INSERT OR IGNORE INTO settings (id, data_json) VALUES (1, '{}')")
sqlite3.OperationalError: database is locked
