trade_date,universe_count,up_count,down_count,pct_up_4_5,pct_down_4_5,ratio_4_5,pct_above_sma10,pct_above_ema10,ma10_count,pct_above_sma20,pct_above_ema20,ma20_count,pct_above_sma50,pct_above_ema50,ma50_count,pct_above_sma200,pct_above_ema200,ma200_count,hl_count,pct_52w_high,pct_52w_low
2021-07-12,0,0,0,,,,,,0,,,0,,,0,,,0,0,,
2021-07-13,302,17,6,5.6291,1.9868,283.32,,,0,,,0,,,0,,,0,0,,
2021-07-14,302,10,4,3.3113,1.3245,250.0,,,0,,,0,,,0,,,0,0,,
2021-07-15,302,21,5,6.9536,1.6556,420.0,,,0,,,0,,,0,,,0,0,,
2021-07-16,302,22,0,7.2848,0.0,,,,0,,,0,,,0,,,0,0,,
2021-07-19,302,11,6,3.6424,1.9868,183.33,,,0,,,0,,,0,,,0,0,,
2021-07-20,303,7,16,2.3102,5.2805,43.75,,,0,,,0,,,0,,,0,0,,
2021-07-22,303,33,4,10.8911,1.3201,825.02,,,0,,,0,,,0,,,0,0,,
2021-07-23,303,19,11,6.2706,3.6304,172.72,,,0,,,0,,,0,,,0,0,,
2021-07-26,303,22,8,7.2607,2.6403,275.0,45.6954,47.6821,302,,,0,,,0,,,0,0,,
2021-07-27,303,19,7,6.2706,2.3102,271.43,39.0728,40.3974,302,,,0,,,0,,,0,0,,
2021-07-28,303,15,6,4.9505,1.9802,250.0,35.4305,35.4305,302,,,0,,,0,,,0,0,,
2021-07-29,303,22,5,7.2607,1.6502,439.99,44.0397,44.702,302,,,0,,,0,,,0,0,,
2021-07-30,303,21,3,6.9307,0.9901,700.0,53.6424,54.6358,302,,,0,,,0,,,0,0,,
2021-08-02,303,28,0,9.2409,0.0,,63.0363,61.0561,303,,,0,,,0,,,0,0,,
2021-08-03,303,18,4,5.9406,1.3201,450.01,66.9967,65.6766,303,,,0,,,0,,,0,0,,
2021-08-04,303,6,16,1.9802,5.2805,37.5,50.495,47.5248,303,,,0,,,0,,,0,0,,
2021-08-05,303,5,10,1.6502,3.3003,50.0,41.9142,40.9241,303,,,0,,,0,,,0,0,,
2021-08-06,303,12,2,3.9604,0.6601,599.97,43.8944,43.2343,303,,,0,,,0,,,0,0,,
2021-08-09,303,9,13,2.9703,4.2904,69.23,32.3432,32.0132,303,38.7417,38.4106,302,,,0,,,0,0,,
2021-08-10,303,4,53,1.3201,17.4917,7.55,19.4719,19.802,303,27.1523,25.1656,302,,,0,,,0,0,,
2021-08-11,303,13,6,4.2904,1.9802,216.66,18.8119,20.132,303,25.8278,24.8344,302,,,0,,,0,0,,
2021-08-12,303,47,1,15.5116,0.33,4700.48,28.0528,37.6238,303,35.4305,36.0927,302,,,0,,,0,0,,
2021-08-13,303,10,4,3.3003,1.3201,250.0,33.6634,39.2739,303,34.4371,36.755,302,,,0,,,0,0,,
2021-08-16,303,8,7,2.6403,2.3102,114.29,32.0132,33.0033,303,31.0231,33.3333,303,,,0,,,0,0,,
2021-08-17,304,12,8,3.9474,2.6316,150.0,33.3333,33.9934,303,31.0231,34.3234,303,,,0,,,0,0,,
2021-08-18,304,6,8,1.9737,2.6316,75.0,34.6535,34.6535,303,31.6832,32.6733,303,,,0,,,0,0,,
2021-08-20,304,5,45,1.6447,14.8026,11.11,19.802,18.8119,303,23.7624,23.1023,303,,,0,,,0,0,,
2021-08-23,305,7,54,2.2951,17.7049,12.96,16.1716,16.1716,303,17.4917,17.4917,303,,,0,,,0,0,,
2021-08-24,306,50,2,16.3399,0.6536,2499.98,24.4224,24.4224,303,23.4323,23.7624,303,,,0,,,0,0,,
2021-08-25,307,24,2,7.8176,0.6515,1199.94,34.3234,33.9934,303,25.4125,28.7129,303,,,0,,,0,0,,
2021-08-26,307,19,6,6.1889,1.9544,316.66,35.9736,36.3036,303,28.3828,32.3432,303,,,0,,,0,0,,
2021-08-27,307,14,3,4.5603,0.9772,466.67,46.5347,46.5347,303,33.0033,36.6337,303,,,0,,,0,0,,
2021-08-30,307,32,0,10.4235,0.0,,71.3816,69.7368,304,43.8944,50.165,303,,,0,,,0,0,,
2021-08-31,307,16,2,5.2117,0.6515,799.95,78.6184,68.75,304,51.1551,54.4554,303,,,0,,,0,0,,
2021-09-01,307,18,0,5.8632,0.0,,80.5921,65.4605,304,54.4554,54.7855,303,,,0,,,0,0,,
2021-09-02,307,21,1,6.8404,0.3257,2100.21,86.8852,75.082,305,64.0264,62.3762,303,,,0,,,0,0,,
2021-09-03,307,18,1,5.8632,0.3257,1800.18,86.9281,79.085,306,69.3069,68.3168,303,,,0,,,0,0,,
2021-09-06,307,19,1,6.1889,0.3257,1900.18,81.4332,76.2215,307,74.5875,69.637,303,,,0,,,0,0,,
2021-09-07,307,12,5,3.9088,1.6287,240.0,70.3583,65.798,307,70.297,64.6865,303,,,0,,,0,0,,
2021-09-08,307,19,0,6.1889,0.0,,69.7068,67.4267,307,70.9571,65.0165,303,,,0,,,0,0,,
2021-09-09,307,19,0,6.1889,0.0,,71.3355,73.6156,307,75.9076,71.6172,303,,,0,,,0,0,,
2021-09-13,307,21,3,6.8404,0.9772,700.0,69.7068,74.2671,307,76.8977,71.9472,303,,,0,,,0,0,,
2021-09-14,307,19,0,6.1889,0.0,,77.1987,81.4332,307,83.2237,79.6053,304,,,0,,,0,0,,
2021-09-15,309,20,1,6.4725,0.3236,2000.15,79.8046,85.342,307,89.1447,83.8816,304,,,0,,,0,0,,
2021-09-16,309,18,5,5.8252,1.6181,360.0,74.5928,81.1075,307,86.5132,81.9079,304,,,0,,,0,0,,
2021-09-17,309,6,13,1.9417,4.2071,46.15,55.3746,58.3062,307,79.3443,69.5082,305,,,0,,,0,0,,
2021-09-20,309,4,38,1.2945,12.2977,10.53,33.8762,34.8534,307,55.5556,47.3856,306,,,0,,,0,0,,
2021-09-21,309,16,4,5.178,1.2945,400.0,33.8762,36.4821,307,57.329,50.1629,307,,,0,,,0,0,,
2021-09-22,309,31,0,10.0324,0.0,,45.9283,49.5114,307,60.9121,55.7003,307,60.2649,59.9338,302,,,0,0,,
2021-09-23,309,20,2,6.4725,0.6472,1000.08,52.443,63.1922,307,68.0782,65.798,307,64.2384,65.2318,302,,,0,0,,
2021-09-24,309,14,1,4.5307,0.3236,1400.09,43.6482,49.8371,307,59.9349,60.5863,307,61.2583,61.2583,302,,,0,0,,
2021-09-27,309,17,1,5.5016,0.3236,1700.12,45.3074,50.1618,309,56.3518,56.6775,307,60.596,59.6026,302,,,0,0,,
2021-09-28,309,14,6,4.5307,1.9417,233.34,41.1003,43.6893,309,51.1401,51.1401,307,58.9404,58.6093,302,,,0,0,,
2021-09-29,309,24,4,7.767,1.2945,600.0,50.1618,53.3981,309,53.4202,55.3746,307,61.0561,59.4059,303,,,0,0,,
2021-09-30,309,19,1,6.1489,0.3236,1900.15,53.0744,55.9871,309,55.0489,60.2606,307,64.0264,64.0264,303,,,0,0,,
2021-10-01,309,19,1,6.1489,0.3236,1900.15,59.8706,58.5761,309,57.6547,62.215,307,64.6865,63.6964,303,,,0,0,,
2021-10-04,309,33,0,10.6796,0.0,,72.4919,74.11,309,67.4267,74.2671,307,70.9571,71.9472,303,,,0,0,,
2021-10-05,309,12,1,3.8835,0.3236,1200.09,74.7573,76.0518,309,73.6156,77.8502,307,75.2475,74.5875,303,,,0,0,,
2021-10-06,309,9,10,2.9126,3.2362,90.0,60.1942,57.9288,309,64.8208,66.4495,307,72.9373,70.297,303,,,0,0,,
2021-10-07,309,30,1,9.7087,0.3236,3000.22,75.0809,75.0809,309,73.9414,76.5472,307,77.5578,75.5776,303,,,0,0,,
2021-10-08,309,24,1,7.767,0.3236,2400.19,75.0809,73.7864,309,75.8958,78.1759,307,77.5578,76.8977,303,,,0,0,,
2021-10-11,309,25,3,8.0906,0.9709,833.31,75.4045,74.11,309,75.4045,79.6117,309,78.2178,76.2376,303,,,0,0,,
2021-10-12,310,24,3,7.7419,0.9677,800.03,72.4919,72.8155,309,76.0518,79.288,309,79.2079,76.2376,303,,,0,0,,
2021-10-13,310,28,1,9.0323,0.3226,2799.85,74.4337,75.0809,309,77.9935,79.288,309,81.5182,79.538,303,,,0,0,,
2021-10-14,310,21,2,6.7742,0.6452,1049.94,70.8738,73.7864,309,77.9935,77.6699,309,82.1782,80.8581,303,,,0,0,,
2021-10-18,310,25,2,8.0645,0.6452,1249.92,73.7864,74.11,309,79.6117,78.9644,309,82.5083,81.5182,303,,,0,0,,
2021-10-19,310,8,53,2.5806,17.0968,15.09,47.8964,46.9256,309,67.3139,64.0777,309,75.9076,70.297,303,,,0,0,,
2021-10-20,310,2,35,0.6452,11.2903,5.71,25.5663,26.8608,309,46.6019,45.3074,309,69.637,61.7162,303,,,0,0,,
2021-10-21,310,16,21,5.1613,6.7742,76.19,24.9191,29.1262,309,44.3366,42.3948,309,64.3564,58.0858,303,,,0,0,,
2021-10-22,310,13,18,4.1935,5.8065,72.22,19.0939,23.301,309,36.8932,36.5696,309,60.396,51.1551,303,,,0,0,,
2021-10-25,310,6,36,1.9355,11.6129,16.67,14.5161,16.7742,310,27.1845,27.1845,309,49.835,43.8944,303,,,0,0,,
2021-10-26,310,45,1,14.5161,0.3226,4499.72,22.5806,31.9355,310,37.8641,38.835,309,57.7558,51.1551,303,,,0,0,,
2021-10-27,310,16,2,5.1613,0.6452,799.95,30.3226,38.7097,310,38.1877,42.7184,309,59.5395,52.9605,304,,,0,0,,
2021-10-28,310,8,26,2.5806,8.3871,30.77,20.6452,23.871,310,26.8608,31.7152,309,50.6579,46.0526,304,,,0,0,,
2021-10-29,310,10,7,3.2258,2.2581,142.85,22.2581,22.2581,310,26.2136,29.4498,309,49.3421,44.0789,304,,,0,0,,
2021-11-01,310,30,2,9.6774,0.6452,1499.91,42.5806,43.5484,310,32.6861,40.7767,309,52.7869,50.1639,305,,,0,0,,
2021-11-02,310,24,4,7.7419,1.2903,600.01,54.8387,53.2258,310,38.835,45.9547,309,56.5359,54.2484,306,,,0,0,,
2021-11-03,310,9,6,2.9032,1.9355,150.0,51.6129,42.5806,310,36.5696,42.0712,309,53.4202,50.4886,307,,,0,0,,
2021-11-04,310,7,0,2.2581,0.0,,71.6129,66.129,310,46.2783,55.3398,309,58.6319,59.2834,307,,,0,0,,
2021-11-08,310,24,4,7.7419,1.2903,600.01,73.871,66.7742,310,53.3981,62.1359,309,61.8893,62.5407,307,,,0,0,,
2021-11-09,310,19,1,6.129,0.3226,1899.88,77.7419,74.5161,310,56.4516,67.0968,310,64.1694,65.798,307,,,0,0,,
2021-11-10,310,14,4,4.5161,1.2903,350.0,73.5484,67.4194,310,56.7742,62.5806,310,61.8893,63.1922,307,,,0,0,,
2021-11-11,311,13,8,4.1801,2.5723,162.5,58.0645,53.5484,310,51.2903,54.1935,310,57.6547,60.2606,307,,,0,0,,
2021-11-12,311,12,7,3.8585,2.2508,171.43,61.2903,56.4516,310,54.8387,56.7742,310,58.9577,60.2606,307,,,0,0,,
2021-11-15,311,17,15,5.4662,4.8232,113.33,48.0645,44.8387,310,49.6774,47.0968,310,54.3974,57.329,307,,,0,0,,
2021-11-16,312,22,2,7.0513,0.641,1100.05,44.5161,43.871,310,52.2581,47.0968,310,55.0489,56.3518,307,,,0,0,,
2021-11-17,312,10,4,3.2051,1.2821,249.99,38.3871,40.0,310,50.0,45.8065,310,52.443,54.0717,307,,,0,0,,
2021-11-18,312,6,12,1.9231,3.8462,50.0,24.1935,24.1935,310,38.0645,31.6129,310,42.9967,44.9511,307,,,0,0,,
2021-11-22,314,4,70,1.2739,22.293,5.71,12.9032,13.871,310,20.9677,19.0323,310,32.5733,29.6417,307,,,0,0,,
2021-11-23,314,40,1,12.7389,0.3185,3999.65,20.6452,23.2258,310,28.0645,26.129,310,37.785,37.4593,307,,,0,0,,
2021-11-24,315,22,0,6.9841,0.0,,22.508,26.045,311,27.0968,25.1613,310,38.7622,38.4365,307,,,0,0,,
2021-11-25,315,29,0,9.2063,0.0,,35.3698,38.9068,311,34.5161,34.8387,310,41.4239,41.4239,309,,,0,0,,
2021-11-26,315,7,79,2.2222,25.0794,8.86,19.2926,19.9357,311,22.5806,21.9355,310,25.5663,25.2427,309,,,0,0,,
2021-11-29,315,9,51,2.8571,16.1905,17.65,14.1026,15.0641,312,17.0968,15.8065,310,21.0356,21.3592,309,,,0,0,,
2021-11-30,315,30,2,9.5238,0.6349,1500.05,25.0,27.2436,312,26.4516,25.4839,310,26.5372,27.5081,309,,,0,0,,
2021-12-01,315,19,3,6.0317,0.9524,633.32,29.1667,29.4872,312,26.4516,27.4194,310,26.5372,29.4498,309,,,0,0,,
2021-12-02,315,20,1,6.3492,0.3175,1999.75,46.8153,43.3121,314,29.6774,31.9355,310,30.7443,33.657,309,,,0,0,,
2021-12-03,315,15,5,4.7619,1.5873,300.0,50.9554,43.6306,314,29.3548,34.5161,310,30.4207,35.9223,309,,,0,0,,
2021-12-06,315,10,12,3.1746,3.8095,83.33,35.5556,27.3016,315,24.5161,25.8065,310,26.5372,29.1262,309,,,0,302,3.3113,7.2848
2021-12-07,315,22,3,6.9841,0.9524,733.32,53.0159,44.4444,315,32.5806,34.8387,310,31.7152,35.2751,309,,,0,302,2.9801,1.6556
2021-12-08,315,19,3,6.0317,0.9524,633.32,74.2857,69.2063,315,43.0868,48.2315,311,33.0097,42.0712,309,,,0,302,3.9735,0.6623
2021-12-09,315,18,3,5.7143,0.9524,599.99,79.0476,71.1111,315,51.1254,55.3055,311,36.8932,47.5728,309,,,0,302,3.9735,0.3311
2021-12-10,315,21,2,6.6667,0.6349,1050.04,81.5873,75.873,315,60.1286,59.4855,311,43.3657,53.0744,309,,,0,302,4.6358,0.6623
2021-12-13,316,15,4,4.7468,1.2658,375.0,71.4286,67.3016,315,59.6154,57.0513,312,42.3948,53.0744,309,,,0,303,5.6106,1.6502
2021-12-14,317,17,5,5.3628,1.5773,340.0,68.254,62.5397,315,61.5385,55.7692,312,41.1003,51.4563,309,,,0,303,5.9406,2.6403
2021-12-15,318,13,7,4.0881,2.2013,185.71,54.6032,49.8413,315,56.0897,51.6026,312,38.1877,48.5437,309,,,0,303,3.3003,2.9703
2021-12-16,318,3,8,0.9434,2.5157,37.5,39.0476,37.7778,315,50.3185,44.2675,314,36.246,43.0421,309,,,0,303,2.3102,3.9604
2021-12-17,318,1,39,0.3145,12.2642,2.56,19.3651,18.0952,315,31.5287,25.7962,314,29.4498,32.3625,309,,,0,303,0.9901,9.571
2021-12-20,318,0,95,0.0,29.8742,0.0,6.3492,6.3492,315,13.0159,11.4286,315,18.7702,18.4466,309,,,0,303,0.33,20.462
2021-12-21,318,25,3,7.8616,0.9434,833.33,10.7937,14.2857,315,19.0476,16.8254,315,25.2427,25.89,309,,,0,303,0.9901,6.9307
2021-12-22,319,28,1,8.7774,0.3135,2799.81,24.7619,31.4286,315,32.381,31.4286,315,30.6452,31.9355,310,,,0,303,1.6502,1.3201
2021-12-23,319,19,1,5.9561,0.3135,1899.87,36.7089,48.7342,316,42.2222,39.3651,315,35.1613,36.129,310,,,0,303,1.9802,1.3201
2021-12-24,319,5,4,1.5674,1.2539,125.0,30.5994,35.3312,317,34.2857,33.0159,315,31.9355,33.2258,310,,,0,303,2.3102,1.6502
2021-12-27,320,17,2,5.3125,0.625,850.0,38.0503,38.6792,318,37.1429,35.2381,315,34.1935,35.4839,310,,,0,303,3.6304,2.3102
2021-12-28,320,28,1,8.75,0.3125,2800.0,61.3208,60.6918,318,48.8889,48.5714,315,39.6774,41.2903,310,,,0,303,3.3003,0.9901
2021-12-29,320,19,2,5.9375,0.625,950.0,70.1258,63.2075,318,51.1111,51.1111,315,43.5484,47.7419,310,,,0,303,3.6304,0.6601
2021-12-30,320,14,1,4.375,0.3125,1400.0,72.6415,55.9748,318,49.5238,53.6508,315,46.4516,48.3871,310,,,0,303,3.9604,0.9901
2021-12-31,320,14,0,4.375,0.0,,85.2201,73.5849,318,62.2222,64.127,315,50.6452,53.871,310,,,0,303,4.6205,0.33
2022-01-03,320,23,1,7.1875,0.3125,2300.0,89.9687,86.8339,319,71.746,75.873,315,54.5161,58.7097,310,,,0,303,7.5908,0.0
2022-01-04,320,13,1,4.0625,0.3125,1300.0,86.2069,82.4451,319,74.2857,79.0476,315,55.8065,59.0323,310,,,0,303,5.9406,0.0
2022-01-05,320,17,1,5.3125,0.3125,1700.0,82.4451,80.2508,319,78.0952,78.7302,315,60.0,63.2258,310,,,0,303,4.9505,0.33
2022-01-06,320,11,2,3.4375,0.625,550.0,75.0,71.25,320,75.3165,75.3165,316,58.7097,62.5806,310,,,0,303,4.6205,0.0
2022-01-07,320,21,1,6.5625,0.3125,2100.0,73.4375,72.8125,320,75.7098,72.2397,317,60.6452,62.2581,310,,,0,304,5.5921,0.3289
2022-01-10,320,34,2,10.625,0.625,1700.0,77.8125,79.375,320,83.0189,82.0755,318,66.129,72.9032,310,,,0,304,5.9211,0.0
2022-01-11,320,17,4,5.3125,1.25,425.0,72.8125,72.5,320,82.0755,77.3585,318,63.5484,67.7419,310,,,0,304,6.25,0.6579
2022-01-12,320,22,3,6.875,0.9375,733.33,74.0625,77.1875,320,86.478,83.9623,318,70.3226,74.1935,310,,,0,305,5.9016,0.6557
2022-01-13,320,17,4,5.3125,1.25,425.0,73.75,79.0625,320,87.1069,83.9623,318,75.1613,76.4516,310,,,0,306,5.2288,0.6536
2022-01-14,320,17,1,5.3125,0.3125,1700.0,70.9375,76.875,320,87.1069,83.0189,318,76.7742,74.5161,310,,,0,307,6.8404,0.6515
2022-01-17,320,26,3,8.125,0.9375,866.67,75.9375,79.6875,320,86.5204,84.0125,319,78.3871,78.7097,310,,,0,307,8.1433,0.6515
2022-01-18,320,1,29,0.3125,9.0625,3.45,50.625,51.875,320,71.7868,64.8903,319,68.0645,68.0645,310,,,0,307,0.9772,1.9544
2022-01-19,320,12,10,3.75,3.125,120.0,43.75,49.0625,320,67.7116,63.3229,319,67.2026,65.9164,311,,,0,307,3.9088,2.6059
2022-01-20,320,16,4,5.0,1.25,400.0,36.875,41.875,320,63.125,57.1875,320,63.6656,61.7363,311,,,0,307,5.5375,3.9088
2022-01-21,320,4,27,1.25,8.4375,14.81,20.625,23.4375,320,40.9375,36.25,320,55.3055,50.8039,311,,,0,307,0.9772,4.886
2022-01-24,320,0,142,0.0,44.375,0.0,4.6875,5.3125,320,16.25,13.125,320,32.3718,27.8846,312,,,0,307,0.0,12.3779
2022-01-25,320,24,7,7.5,2.1875,342.86,10.9375,14.375,320,21.5625,21.875,320,41.3462,34.6154,312,,,0,307,0.9772,4.2345
2022-01-27,320,17,14,5.3125,4.375,121.43,14.6875,18.75,320,22.5,22.8125,320,39.4231,34.2949,312,,,0,307,0.9772,8.1433
2022-01-28,320,22,4,6.875,1.25,550.0,21.25,26.875,320,27.8125,29.6875,320,43.6306,37.8981,314,,,0,307,1.3029,3.2573
2022-01-31,320,26,5,8.125,1.5625,520.0,32.5,41.25,320,33.125,40.3125,320,48.7261,44.2675,314,,,0,307,1.9544,1.6287
2022-02-01,320,25,4,7.8125,1.25,625.0,47.8125,51.25,320,36.5625,46.5625,320,51.1111,47.3016,315,,,0,307,2.2801,0.6515
2022-02-02,320,33,0,10.3125,0.0,,66.875,66.25,320,45.9375,60.0,320,58.0952,55.2381,315,,,0,307,4.5603,0.3257
2022-02-03,320,15,4,4.6875,1.25,375.0,65.3125,58.125,320,43.75,52.5,320,55.5556,52.0635,315,,,0,307,3.5831,1.3029
2022-02-04,320,10,10,3.125,3.125,100.0,62.1875,45.0,320,37.8125,44.375,320,51.746,46.3492,315,,,0,309,2.9126,2.589
2022-02-07,320,7,19,2.1875,5.9375,36.84,49.375,33.4375,320,30.0,35.9375,320,45.7143,42.2222,315,,,0,309,2.9126,6.7961
2022-02-08,320,2,15,0.625,4.6875,13.33,32.1875,22.5,320,25.0,28.4375,320,40.0,38.0952,315,,,0,309,0.0,6.7961
2022-02-09,321,12,4,3.7383,1.2461,300.0,38.4375,35.9375,320,30.9375,36.875,320,44.127,43.4921,315,,,0,309,1.9417,3.8835
2022-02-10,321,8,5,2.4922,1.5576,160.0,38.125,39.0625,320,32.8125,36.25,320,42.5397,42.8571,315,,,0,309,1.2945,3.8835
2022-02-11,321,5,21,1.5576,6.5421,23.81,17.8125,19.0625,320,22.8125,23.4375,320,36.5079,32.6984,315,,,0,309,0.6472,6.7961
2022-02-14,321,0,130,0.0,40.4984,0.0,4.6875,4.6875,320,8.75,8.125,320,19.6825,16.5079,315,,,0,309,0.3236,19.0939
2022-02-15,321,49,3,15.2648,0.9346,1633.3,13.4375,15.9375,320,16.875,15.9375,320,26.6667,24.7619,315,,,0,309,0.3236,5.5016
2022-02-16,321,14,3,4.3614,0.9346,466.66,21.25,25.0,320,20.9375,20.9375,320,28.5714,26.9841,315,,,0,309,0.9709,3.8835
2022-02-17,321,3,4,0.9346,1.2461,75.0,20.625,20.0,320,20.0,18.4375,320,24.7619,24.127,315,,,0,309,0.3236,5.5016
2022-02-18,321,2,2,0.6231,0.6231,100.0,19.375,19.0625,320,18.4375,16.25,320,24.3671,22.4684,316,,,0,309,0.0,11.0032
2022-02-21,321,3,35,0.9346,10.9034,8.57,12.1495,11.5265,321,12.5,10.625,320,17.6656,16.4038,317,,,0,309,0.3236,22.0065
2022-02-22,321,3,25,0.9346,7.7882,12.0,6.8536,6.5421,321,8.4375,8.125,320,14.4654,12.5786,318,,,0,309,0.0,24.5955
2022-02-23,321,25,1,7.7882,0.3115,2500.22,11.838,11.838,321,11.25,11.875,320,17.6101,16.3522,318,,,0,309,0.0,10.0324
2022-02-24,321,0,229,0.0,71.3396,0.0,1.2461,0.9346,321,2.1875,1.875,320,6.2893,4.717,318,,,0,309,0.0,39.1586
2022-02-25,321,129,3,40.1869,0.9346,4299.9,15.8879,14.3302,321,9.0625,10.625,320,11.9497,11.3208,318,,,0,309,0.0,1.2945
2022-02-28,321,23,3,7.1651,0.9346,766.65,25.8567,24.2991,321,12.8125,14.6875,320,14.7799,14.4654,318,,,0,309,0.3236,2.9126
2022-03-02,321,23,7,7.1651,2.1807,328.57,30.5296,28.3489,321,13.4375,14.6875,320,13.4796,13.1661,319,,,0,309,0.6472,4.5307
2022-03-03,321,19,10,5.919,3.1153,190.0,41.433,34.5794,321,18.75,20.9375,320,13.4796,14.7335,319,,,0,309,1.6181,6.1489
2022-03-04,321,2,26,0.6231,8.0997,7.69,29.595,22.4299,321,14.375,15.9375,320,11.2853,11.9122,319,,,0,310,0.6452,11.9355
2022-03-07,321,6,59,1.8692,18.3801,10.17,21.4953,14.6417,321,10.9375,10.3125,320,7.8125,8.125,320,,,0,310,0.3226,18.0645
2022-03-08,321,25,3,7.7882,0.9346,833.32,36.4486,25.8567,321,16.1994,16.5109,321,9.6875,13.125,320,,,0,310,0.0,6.129
2022-03-09,321,45,1,14.0187,0.3115,4500.39,63.2399,55.1402,321,28.3489,28.0374,321,12.5,16.25,320,,,0,310,0.0,0.9677
2022-03-10,321,26,4,8.0997,1.2461,650.0,75.0779,69.7819,321,39.5639,36.1371,321,14.6875,19.0625,320,,,0,310,0.6452,0.6452
2022-03-11,321,18,0,5.6075,0.0,,74.4548,70.0935,321,49.5327,45.4829,321,17.8125,24.375,320,,,0,310,1.9355,0.6452
2022-03-14,321,17,5,5.296,1.5576,340.01,68.8474,63.5514,321,49.5327,42.3676,321,18.4375,23.75,320,,,0,310,2.5806,1.9355
2022-03-15,321,10,17,3.1153,5.296,58.82,58.567,47.352,321,44.5483,35.514,321,15.3125,23.4375,320,,,0,310,0.9677,1.2903
2022-03-16,321,27,1,8.4112,0.3115,2700.22,73.2087,70.0935,321,59.19,51.4019,321,21.875,30.3125,320,,,0,310,1.6129,0.6452
2022-03-17,321,33,4,10.2804,1.2461,825.01,79.7508,77.2586,321,71.3396,62.3053,321,27.8125,35.3125,320,,,0,310,1.6129,0.3226
2022-03-21,321,14,6,4.3614,1.8692,233.33,75.0779,70.7165,321,72.5857,58.567,321,28.4375,34.6875,320,,,0,310,2.2581,0.6452
2022-03-22,321,9,1,2.8037,0.3115,900.06,69.1589,68.5358,321,71.3396,58.567,321,32.1875,38.4375,320,,,0,310,1.6129,1.6129
2022-03-23,321,10,3,3.1153,0.9346,333.33,65.7321,67.6012,321,73.8318,59.8131,321,33.4375,39.375,320,,,0,310,1.9355,1.6129
2022-03-24,321,11,1,3.4268,0.3115,1100.1,60.4361,63.5514,321,73.5202,58.8785,321,34.6875,40.3125,320,,,0,310,1.6129,1.6129
2022-03-25,321,9,3,2.8037,0.9346,299.99,53.5826,55.7632,321,69.1589,53.8941,321,34.0625,39.375,320,,,0,310,3.2258,1.6129
2022-03-28,321,11,8,3.4268,2.4922,137.5,42.9907,43.6137,321,57.6324,46.4174,321,33.75,35.9375,320,,,0,310,4.1935,5.8065
2022-03-29,322,27,7,8.3851,2.1739,385.72,47.0405,49.8442,321,57.6324,49.8442,321,37.1875,39.6875,320,,,0,310,3.5484,4.8387
2022-03-30,322,25,3,7.764,0.9317,833.32,53.5826,60.7477,321,67.6012,59.8131,321,40.3125,43.4375,320,,,0,310,2.5806,1.6129
2022-03-31,322,15,2,4.6584,0.6211,750.02,54.5171,59.5016,321,65.4206,57.3209,321,45.9375,46.25,320,,,0,310,2.9032,2.5806
2022-04-01,322,45,0,13.9752,0.0,,81.3084,86.9159,321,84.1121,79.4393,321,54.6875,55.3125,320,,,0,310,2.2581,0.0
2022-04-04,322,33,0,10.2484,0.0,,92.8349,94.081,321,93.1464,91.9003,321,64.6875,66.25,320,,,0,311,3.537,0.0
2022-04-05,322,36,1,11.1801,0.3106,3599.52,94.081,94.3925,321,94.3925,94.3925,321,75.625,76.25,320,,,0,311,4.8232,0.0
2022-04-06,322,20,3,6.2112,0.9317,666.65,89.7196,90.3427,321,93.7695,92.5234,321,79.0625,78.125,320,,,0,311,5.4662,0.3215
2022-04-07,322,16,9,4.9689,2.795,177.78,79.1277,80.3738,321,89.7196,87.5389,321,77.5,74.6875,320,,,0,312,3.8462,0.0
2022-04-08,322,17,3,5.2795,0.9317,566.65,84.1615,87.8882,322,91.9003,91.5888,321,81.5625,80.0,320,,,0,312,4.8077,0.0
2022-04-11,323,25,2,7.7399,0.6192,1249.98,81.0559,85.7143,322,90.0312,90.3427,321,81.875,77.8125,320,,,0,312,5.7692,0.0
2022-04-12,323,5,12,1.548,3.7152,41.67,64.2857,65.2174,322,80.6854,78.1931,321,74.375,67.8125,320,,,0,314,2.5478,0.3185
2022-04-13,323,18,5,5.5728,1.548,360.0,58.6957,63.354,322,79.1277,78.1931,321,74.0625,68.75,320,,,0,314,4.7771,0.0
2022-04-18,323,14,12,4.3344,3.7152,116.67,39.1304,45.0311,322,67.2897,64.1745,321,70.0,62.8125,320,,,0,315,4.4444,0.3175
2022-04-19,323,8,13,2.4768,4.0248,61.54,27.0186,37.5776,322,56.6978,49.5327,321,63.4375,54.375,320,,,0,315,2.8571,0.3175
2022-04-20,323,15,3,4.644,0.9288,500.0,31.677,43.7888,322,59.8131,56.6978,321,68.125,57.1875,320,,,0,315,2.5397,0.9524
2022-04-21,323,28,3,8.6687,0.9288,933.32,46.8944,62.7329,322,68.8474,68.5358,321,75.3125,67.5,320,,,0,315,4.7619,0.0
2022-04-22,323,10,4,3.096,1.2384,250.0,42.236,49.6894,322,61.6822,61.0592,321,72.5857,62.3053,321,,,0,315,4.4444,0.0
2022-04-25,323,3,26,0.9288,8.0495,11.54,22.9102,27.8638,323,43.6137,43.3022,321,61.0592,48.9097,321,,,0,315,1.9048,1.2698
2022-04-26,323,24,2,7.4303,0.6192,1199.98,37.1517,42.4149,323,50.0,50.6211,322,66.6667,55.1402,321,,,0,315,1.5873,1.2698
2022-04-27,323,13,7,4.0248,2.1672,185.71,31.8885,34.9845,323,40.0621,43.4783,322,62.6168,50.7788,321,,,0,315,1.2698,0.6349
2022-04-28,323,11,3,3.4056,0.9288,366.67,42.4149,44.582,323,42.8571,49.3789,322,65.109,52.0249,321,,,0,315,1.9048,0.3175
2022-04-29,323,6,9,1.8576,2.7864,66.67,37.4613,35.2941,323,36.0248,45.0311,322,60.4361,45.1713,321,,,0,315,1.9048,0.9524
2022-05-02,323,9,12,2.7864,3.7152,75.0,30.3406,27.5542,323,31.677,37.8882,322,54.8287,42.6791,321,46.6887,48.3444,302,315,2.2222,1.5873
2022-05-04,323,3,34,0.9288,10.5263,8.82,15.1703,14.8607,323,17.3913,22.3602,322,45.1713,33.6449,321,40.7285,39.7351,302,315,0.3175,4.4444
2022-05-05,323,8,11,2.4768,3.4056,72.73,14.2415,15.4799,323,15.2174,20.4969,322,43.3022,33.3333,321,39.404,39.0728,302,315,0.0,3.8095
2022-05-06,323,3,37,0.9288,11.4551,8.11,8.6687,8.6687,323,9.9379,12.1118,322,31.1526,23.053,321,33.7748,34.4371,302,316,0.0,7.5949
2022-05-09,323,3,31,0.9288,9.5975,9.68,4.9536,5.5728,323,6.8323,8.0745,322,24.9221,16.8224,321,29.4702,29.8013,302,317,0.0,9.4637
2022-05-10,323,3,36,0.9288,11.1455,8.33,2.7864,3.7152,323,4.644,6.5015,323,21.8069,14.0187,321,27.0627,26.4026,303,318,0.0,16.6667
2022-05-11,324,8,51,2.4691,15.7407,15.69,3.4056,4.0248,323,3.4056,4.9536,323,16.8224,9.3458,321,25.4125,23.7624,303,318,0.0,17.2956
2022-05-12,324,3,50,0.9259,15.4321,6.0,1.2384,1.2384,323,1.8576,2.1672,323,10.5919,6.5421,321,23.4323,20.462,303,318,0.0,19.4969
2022-05-13,324,38,7,11.7284,2.1605,542.86,7.4303,6.8111,323,4.644,6.5015,323,16.5109,9.9688,321,26.0726,23.1023,303,318,0.0,8.805
2022-05-16,324,38,9,11.7284,2.7778,422.22,20.1238,21.0526,323,9.5975,15.1703,323,20.5607,14.9533,321,27.0627,25.4125,303,318,0.0,5.9748
2022-05-17,324,67,0,20.679,0.0,,52.9412,48.6068,323,17.6471,24.4582,323,25.5452,22.7414,321,30.033,31.0231,303,319,0.627,1.2539
2022-05-18,325,21,7,6.4615,2.1538,300.0,64.0867,51.7028,323,22.6006,28.7926,323,28.3489,23.9875,321,31.6832,32.6733,303,319,2.1944,1.5674
2022-05-19,325,3,51,0.9231,15.6923,5.88,38.0805,26.6254,323,14.5511,17.9567,323,20.5607,18.6916,321,29.703,30.6931,303,319,0.627,9.0909
2022-05-20,325,44,1,13.5385,0.3077,4399.9,68.7307,52.6316,323,29.4118,32.8173,323,27.1028,26.1682,321,33.3333,35.3135,303,320,2.1875,1.25
2022-05-23,325,13,19,4.0,5.8462,68.42,66.0494,43.8272,324,29.4118,33.1269,323,26.7913,27.1028,321,32.3432,33.3333,303,320,0.625,4.375
2022-05-24,325,0,20,0.0,6.1538,0.0,48.4568,32.716,324,25.0774,26.3158,323,21.1838,21.1838,321,31.0231,29.703,303,320,0.625,6.875
2022-05-25,326,6,67,1.8405,20.5521,8.96,25.3086,14.5062,324,17.6471,14.8607,323,16.1994,15.2648,321,25.0825,25.4125,303,320,0.0,16.875
2022-05-26,326,30,7,9.2025,2.1472,428.58,33.3333,28.7037,324,23.839,22.6006,323,19.9377,18.6916,321,28.0528,27.7228,303,320,0.0,6.5625
2022-05-27,326,31,3,9.5092,0.9202,1033.38,45.0617,45.9877,324,35.6037,33.1269,323,23.053,22.1184,321,29.703,29.703,303,320,0.0,1.25
2022-05-30,327,47,3,14.3731,0.9174,1566.72,63.3846,67.6923,325,54.7988,49.8452,323,28.6604,31.1526,321,32.6733,32.3432,303,320,1.25,1.25
2022-05-31,327,29,5,8.8685,1.5291,579.98,68.9231,69.5385,325,59.1331,50.774,323,32.0872,35.514,321,33.0033,33.9934,303,320,2.1875,1.5625
2022-06-01,327,21,3,6.422,0.9174,700.02,72.6154,68.6154,325,65.6347,53.5604,323,31.4642,36.1371,321,34.6535,35.6436,303,320,2.8125,0.3125
2022-06-02,327,18,1,5.5046,0.3058,1800.07,73.5385,71.3846,325,71.517,60.0619,323,36.4486,39.8754,321,34.6535,35.6436,303,320,1.5625,0.625
2022-06-03,327,6,8,1.8349,2.4465,75.0,65.2308,56.9231,325,65.3251,49.226,323,30.2181,31.7757,321,33.3333,32.6733,303,320,0.625,3.125
2022-06-06,327,10,6,3.0581,1.8349,166.66,58.2822,50.9202,326,59.8765,47.5309,324,28.0374,31.4642,321,32.2368,33.2237,304,320,1.5625,3.75
2022-06-07,327,4,2,1.2232,0.6116,200.0,46.319,34.0491,326,54.9383,35.4938,324,26.4798,27.7259,321,29.2763,31.25,304,320,1.875,5.0
2022-06-08,327,7,3,2.1407,0.9174,233.34,37.7301,38.0368,326,51.2346,37.963,324,25.4658,27.6398,322,28.9474,30.2632,304,320,0.9375,4.6875
2022-06-09,327,16,1,4.893,0.3058,1600.07,39.7554,44.0367,327,53.0864,41.358,324,26.087,30.1242,322,29.8361,30.4918,305,320,1.25,2.8125
2022-06-10,327,5,6,1.5291,1.8349,83.33,27.2171,33.3333,327,43.5185,33.3333,324,23.6025,29.1925,322,28.1046,28.7582,306,320,0.3125,3.75
2022-06-13,327,0,79,0.0,24.159,0.0,7.6453,8.8685,327,20.6154,14.4615,325,14.5963,16.7702,322,22.4756,22.8013,307,320,0.0,11.5625
2022-06-14,327,6,8,1.8349,2.4465,75.0,8.5627,11.0092,327,20.0,12.9231,325,14.2857,16.1491,322,22.4756,21.4984,307,320,0.625,10.3125
2022-06-15,327,9,1,2.7523,0.3058,900.03,14.9847,19.5719,327,24.3077,18.1538,325,15.2174,17.3913,322,23.7785,23.4528,307,320,0.625,5.625
2022-06-16,327,0,66,0.0,20.1835,0.0,5.8104,6.422,327,8.9231,8.6154,325,9.3168,8.6957,322,17.2638,18.241,307,320,0.3125,18.4375
2022-06-17,327,5,19,1.5291,5.8104,26.32,8.2569,9.4801,327,10.1538,9.5385,325,9.9379,10.2484,322,16.6124,17.2638,307,320,0.3125,20.3125
2022-06-20,327,2,85,0.6116,25.9939,2.35,5.8104,6.1162,327,5.5215,4.6012,326,6.8323,6.5217,322,14.3322,12.3779,307,320,0.3125,26.25
2022-06-21,327,82,1,25.0765,0.3058,8200.29,18.6544,18.3486,327,12.8834,13.4969,326,10.5263,11.4551,323,15.9609,16.6124,307,320,0.0,1.25
2022-06-22,327,4,16,1.2232,4.893,25.0,17.4312,15.5963,327,7.6687,8.8957,326,10.2167,9.9071,323,16.6124,16.2866,307,320,0.3125,6.25
2022-06-23,327,18,2,5.5046,0.6116,900.03,34.8624,30.581,327,16.208,17.737,327,12.3839,12.6935,323,16.9381,17.2638,307,320,0.3125,2.1875
2022-06-24,327,21,1,6.422,0.3058,2100.07,60.5505,54.1284,327,24.4648,31.8043,327,15.1703,17.6471,323,18.8925,19.8697,307,320,0.0,1.25
2022-06-27,327,17,0,5.1988,0.0,,76.7584,68.5015,327,37.3089,43.4251,327,20.743,22.9102,323,21.1726,22.4756,307,320,0.0,0.625
2022-06-28,327,17,2,5.1988,0.6116,850.03,78.8991,67.5841,327,38.8379,45.8716,327,25.0774,25.6966,323,22.4756,23.7785,307,320,0.3125,1.5625
2022-06-29,327,6,4,1.8349,1.2232,150.01,76.1468,55.0459,327,39.4495,40.9786,327,23.2198,24.4582,323,22.8013,22.4756,307,320,0.625,1.875
2022-06-30,327,3,2,0.9174,0.6116,150.0,66.3609,45.5657,327,35.474,34.8624,327,25.0774,26.0062,323,20.8469,22.1498,307,320,0.0,3.4375
2022-07-01,327,6,4,1.8349,1.2232,150.01,69.7248,53.5168,327,44.9541,41.2844,327,26.0062,26.3158,323,22.3301,22.6537,309,320,0.625,2.1875
2022-07-04,327,16,2,4.893,0.6116,800.03,69.7248,65.1376,327,56.2691,52.5994,327,32.1981,31.8885,323,22.0065,23.301,309,321,0.9346,1.2461
2022-07-05,327,7,5,2.1407,1.5291,140.0,68.5015,63.9144,327,58.7156,53.5168,327,31.8885,34.9845,323,22.3301,24.5955,309,321,0.0,2.4922
2022-07-06,327,21,4,6.422,1.2232,525.02,74.0061,74.0061,327,68.5015,61.4679,327,39.9381,39.9381,323,24.2718,25.89,309,321,1.8692,0.9346
2022-07-07,327,32,0,9.7859,0.0,,84.4037,86.5443,327,82.8746,77.0642,327,48.2972,47.3684,323,26.2136,28.8026,309,321,2.1807,0.6231
2022-07-08,327,8,0,2.4465,0.0,,82.263,84.0979,327,83.4862,75.2294,327,50.1548,47.9876,323,26.8608,28.8026,309,321,0.9346,0.3115
2022-07-11,327,25,0,7.6453,0.0,,86.5443,86.8502,327,86.8502,80.4281,327,55.1084,54.1796,323,27.8317,31.068,309,321,3.1153,0.3115
2022-07-12,327,4,3,1.2232,0.9174,133.33,77.0642,76.1468,327,84.0979,75.2294,327,52.9412,49.8452,323,28.1553,30.4207,309,321,1.2461,0.6231
2022-07-13,327,7,2,2.1407,0.6116,350.02,76.4526,74.9235,327,85.6269,75.5352,327,56.0372,52.322,323,28.8026,33.0097,309,321,0.0,0.6231
2022-07-14,327,4,4,1.2232,1.2232,100.0,64.2202,61.1621,327,80.1223,65.7492,327,55.1084,47.0588,323,27.8317,31.7152,309,321,0.6231,1.8692
2022-07-15,327,13,1,3.9755,0.3058,1300.03,60.2446,64.8318,327,79.2049,66.6667,327,56.3467,52.0124,323,29.4498,34.6278,309,321,1.8692,1.2461
2022-07-18,327,24,0,7.3394,0.0,,77.9817,83.4862,327,86.5443,80.7339,327,68.5185,59.8765,324,31.3916,35.5987,309,321,2.1807,0.0
2022-07-19,327,21,0,6.422,0.0,,79.8165,83.792,327,89.6024,84.0979,327,70.9877,64.5062,324,33.3333,40.4531,309,321,3.4268,0.0
2022-07-20,327,19,1,5.8104,0.3058,1900.07,77.9817,83.792,327,88.3792,87.7676,327,76.5432,69.7531,324,34.6278,40.4531,309,321,0.9346,0.0
2022-07-21,327,17,2,5.1988,0.6116,850.03,85.6269,88.3792,327,90.5199,91.1315,327,78.7037,73.4568,324,38.1877,44.9838,309,321,2.4922,0.3115
2022-07-22,327,8,2,2.4465,0.6116,400.02,82.5688,85.3211,327,90.5199,89.9083,327,78.7037,73.4568,324,36.8932,46.6019,309,321,2.1807,0.6231
2022-07-25,327,6,3,1.8349,0.9174,200.01,73.0887,74.6177,327,86.2385,80.7339,327,77.8462,67.3846,325,37.2168,45.9547,309,321,3.1153,0.6231
2022-07-26,327,5,12,1.5291,3.6697,41.67,54.4343,54.1284,327,72.4771,68.5015,327,70.1538,60.9231,325,33.9806,42.7184,309,321,1.5576,0.9346
2022-07-27,327,8,0,2.4465,0.0,,58.104,62.3853,327,76.7584,74.3119,327,73.5385,64.3077,325,36.246,44.3366,309,321,2.1807,0.9346
2022-07-28,327,8,2,2.4465,0.6116,400.02,62.0795,69.419,327,76.7584,78.8991,327,77.5385,70.7692,325,39.3548,45.4839,310,321,1.8692,0.9346
2022-07-29,327,25,3,7.6453,0.9174,833.37,72.4771,80.7339,327,82.5688,84.4037,327,83.0769,76.0,325,42.9032,50.3226,310,321,3.4268,0.0
2022-08-01,327,34,2,10.3976,0.6116,1700.07,81.3456,87.156,327,88.3792,89.2966,327,88.9571,84.0491,326,46.7742,56.4516,310,321,4.6729,0.0
2022-08-02,327,18,4,5.5046,1.2232,450.02,78.2875,83.1804,327,86.8502,87.7676,327,90.4908,85.5828,326,48.0645,54.8387,310,321,4.0498,0.0
2022-08-03,327,10,6,3.0581,1.8349,166.66,70.3364,72.4771,327,77.9817,82.263,327,87.1166,80.6748,326,47.7419,53.5484,310,321,2.1807,0.3115
2022-08-04,327,14,3,4.2813,0.9174,466.68,64.8318,68.8073,327,76.7584,78.5933,327,86.5443,80.4281,327,47.7419,54.5161,310,321,2.1807,0.0
2022-08-05,327,12,6,3.6697,1.8349,199.99,65.7492,67.8899,327,73.3945,76.1468,327,84.4037,79.5107,327,47.0968,53.5484,310,321,3.4268,0.0
2022-08-08,327,15,5,4.5872,1.5291,299.99,67.5841,68.1957,327,72.7829,76.7584,327,82.8746,78.5933,327,48.7097,55.1613,310,321,4.0498,0.3115
2022-08-10,327,11,9,3.3639,2.7523,122.22,55.3517,60.2446,327,71.5596,74.9235,327,82.8746,78.5933,327,47.0968,52.9032,310,321,3.4268,0.0
2022-08-11,327,18,5,5.5046,1.5291,359.99,59.9388,63.9144,327,71.8654,75.2294,327,85.3211,79.5107,327,51.6129,55.8065,310,321,3.7383,0.0
2022-08-12,327,9,4,2.7523,1.2232,225.01,61.7737,69.1131,327,71.8654,76.1468,327,84.7095,79.8165,327,50.6452,56.129,310,321,4.0498,0.0
2022-08-16,327,19,4,5.8104,1.2232,475.02,68.1957,77.0642,327,76.4526,79.2049,327,86.8502,80.1223,327,53.871,59.3548,310,321,4.9844,0.0
2022-08-17,327,11,2,3.3639,0.6116,550.02,73.3945,79.8165,327,80.1223,84.7095,327,87.7676,85.6269,327,56.129,62.5806,310,321,1.8692,0.0
2022-08-18,327,6,0,1.8349,0.0,,74.6177,77.6758,327,80.4281,84.4037,327,87.7676,85.9327,327,58.3871,64.1935,310,321,1.5576,0.0
2022-08-19,327,4,5,1.2232,1.5291,79.99,58.104,58.104,327,69.7248,72.7829,327,85.6269,80.7339,327,55.8065,60.9677,310,322,1.5528,0.0
2022-08-22,327,8,11,2.4465,3.3639,72.73,33.6391,34.8624,327,51.3761,52.5994,327,80.4281,70.6422,327,50.3226,55.8065,310,322,1.5528,0.3106
2022-08-23,327,18,3,5.5046,0.9174,600.02,42.8135,48.318,327,58.7156,61.4679,327,82.8746,73.3945,327,55.1613,58.0645,310,322,2.1739,0.3106
2022-08-24,327,11,0,3.3639,0.0,,53.211,57.1865,327,62.0795,66.055,327,83.4862,76.7584,327,56.129,59.6774,310,322,2.795,0.3106
2022-08-25,327,14,3,4.2813,0.9174,466.68,55.6575,60.8563,327,62.3853,69.7248,327,84.4037,78.8991,327,59.0323,61.9355,310,322,2.4845,0.0
2022-08-26,327,14,3,4.2813,0.9174,466.68,59.9388,65.4434,327,67.2783,73.0887,327,85.6269,80.1223,327,59.6774,63.2258,310,322,2.4845,0.0
2022-08-29,328,13,4,3.9634,1.2195,325.0,45.8716,51.682,327,58.104,63.6086,327,82.263,76.1468,327,59.164,60.7717,311,322,3.7267,0.9317
2022-08-30,328,22,1,6.7073,0.3049,2199.84,69.7248,75.2294,327,71.8654,79.2049,327,84.4037,81.0398,327,62.0579,64.3087,311,322,7.1429,0.0
2022-09-01,328,21,4,6.4024,1.2195,525.0,73.0887,73.0887,327,70.6422,77.37,327,84.4037,82.263,327,62.0579,66.5595,311,322,6.2112,0.6211
2022-09-02,328,17,0,5.1829,0.0,,67.2783,63.6086,327,69.419,72.1713,327,83.1804,80.1223,327,60.2564,64.1026,312,323,5.2632,0.9288
2022-09-05,328,15,2,4.5732,0.6098,749.95,70.3364,68.5015,327,73.0887,75.841,327,85.0153,81.3456,327,62.1795,66.3462,312,323,8.6687,0.3096
2022-09-06,328,12,4,3.6585,1.2195,300.0,72.4771,69.7248,327,70.948,74.9235,327,83.792,81.6514,327,62.5,66.6667,312,323,4.3344,0.6192
2022-09-07,328,19,0,5.7927,0.0,,76.4526,75.841,327,75.2294,77.37,327,85.0153,84.4037,327,65.2866,68.4713,314,323,7.1207,0.3096
2022-09-08,328,13,1,3.9634,0.3049,1299.9,75.5352,77.6758,327,77.0642,81.0398,327,84.4037,85.0153,327,67.1975,71.9745,314,323,7.1207,0.3096
2022-09-09,328,7,6,2.1341,1.8293,116.66,70.7317,72.2561,328,74.9235,77.6758,327,82.8746,83.792,327,66.6667,70.1587,315,323,6.192,0.3096
2022-09-12,328,14,2,4.2683,0.6098,699.95,74.3902,76.2195,328,78.2875,81.9572,327,85.9327,86.5443,327,69.5238,72.381,315,323,5.2632,0.0
2022-09-13,328,12,4,3.6585,1.2195,300.0,72.561,77.439,328,79.5107,83.792,327,87.7676,87.4618,327,69.8413,73.0159,315,323,6.5015,0.0
2022-09-14,328,14,2,4.2683,0.6098,699.95,60.061,62.8049,328,74.6177,77.0642,327,85.9327,85.3211,327,69.8413,70.7937,315,323,5.8824,0.0
2022-09-15,328,16,5,4.878,1.5244,319.99,60.3659,64.3293,328,71.5596,73.3945,327,82.8746,80.4281,327,70.1587,71.1111,315,323,7.7399,0.3096
2022-09-16,328,6,56,1.8293,17.0732,10.71,32.3171,33.5366,328,51.682,50.4587,327,70.0306,70.0306,327,62.2222,62.5397,315,323,2.7864,2.4768
2022-09-19,328,13,3,3.9634,0.9146,433.35,29.2683,31.0976,328,47.0948,45.5657,327,68.1957,64.526,327,61.9048,63.1746,315,323,4.3344,2.4768
2022-09-20,328,10,1,3.0488,0.3049,999.93,40.8537,48.7805,328,55.6575,57.7982,327,71.8654,70.948,327,65.0794,66.0317,315,323,3.7152,0.3096
2022-09-21,328,6,9,1.8293,2.7439,66.67,31.7073,38.7195,328,47.7064,49.2355,327,67.5841,68.1957,327,63.4921,62.8571,315,323,2.7864,1.2384
2022-09-22,328,15,1,4.5732,0.3049,1499.9,38.7195,43.9024,328,48.9297,54.4343,327,70.3364,69.419,327,63.8095,64.7619,315,323,5.5728,0.9288
2022-09-23,328,3,15,0.9146,4.5732,20.0,19.5122,22.8659,328,31.4024,32.3171,328,58.104,58.4098,327,59.0476,58.0952,315,323,0.9288,2.1672
2022-09-26,328,2,95,0.6098,28.9634,2.11,8.2317,7.9268,328,15.8537,15.8537,328,39.1437,36.0856,327,49.5238,47.9365,315,323,0.3096,4.0248
2022-09-27,328,13,2,3.9634,0.6098,649.95,13.1098,13.1098,328,18.9024,21.9512,328,44.0367,40.9786,327,50.1587,49.5238,315,323,0.3096,1.8576
2022-09-28,328,6,2,1.8293,0.6098,299.98,13.7195,15.5488,328,19.2073,21.0366,328,39.7554,40.6728,327,49.6835,48.7342,316,323,0.3096,2.7864
2022-09-29,328,7,3,2.1341,0.9146,233.34,23.7805,23.4756,328,22.8659,27.1341,328,43.1193,44.3425,327,51.1041,48.8959,317,324,0.9259,1.8519
2022-09-30,328,22,2,6.7073,0.6098,1099.92,37.5,40.5488,328,30.4878,39.939,328,51.0703,51.9878,327,53.7736,53.1447,318,324,3.7037,0.0
2022-10-03,328,7,11,2.1341,3.3537,63.63,31.4024,31.7073,328,26.5244,33.2317,328,44.0367,45.8716,327,52.8302,50.3145,318,324,2.4691,1.5432
2022-10-04,328,30,0,9.1463,0.0,,61.2805,59.1463,328,37.1951,47.561,328,52.2936,54.4343,327,59.1195,54.4025,318,324,5.2469,0.0
2022-10-06,328,18,0,5.4878,0.0,,79.5732,73.1707,328,46.9512,56.4024,328,56.5749,60.2446,327,60.0629,57.2327,318,324,5.2469,0.0
2022-10-07,328,10,0,3.0488,0.0,,80.1829,69.5122,328,48.4756,57.3171,328,56.2691,60.5505,327,59.434,57.5472,318,325,5.8462,0.3077
2022-10-10,328,7,3,2.1341,0.9146,233.34,70.4268,53.9634,328,42.9878,48.4756,328,53.5168,53.5168,327,57.0533,54.5455,319,325,3.3846,0.6154
2022-10-11,328,1,15,0.3049,4.5732,6.67,43.9024,32.0122,328,34.1463,37.5,328,44.9541,48.0122,327,53.2915,51.4107,319,325,1.5385,2.1538
2022-10-12,328,10,0,3.0488,0.0,,46.6463,35.9756,328,35.3659,38.1098,328,48.0122,49.5413,327,55.1724,52.0376,319,325,2.7692,2.1538
2022-10-13,328,4,3,1.2195,0.9146,133.34,35.061,32.0122,328,32.0122,32.9268,328,42.8135,45.8716,327,53.4375,49.6875,320,325,1.2308,2.4615
2022-10-14,328,5,0,1.5244,0.0,,34.4512,33.8415,328,35.3659,33.2317,328,39.4495,42.8135,327,52.5,49.6875,320,326,1.227,1.8405
2022-10-17,328,14,3,4.2683,0.9146,466.68,36.5854,38.4146,328,38.7195,37.8049,328,43.4251,45.5657,327,52.8125,51.5625,320,326,4.2945,2.454
2022-10-18,328,14,2,4.2683,0.6098,699.95,47.561,56.0976,328,51.2195,47.8659,328,46.1774,52.2936,327,55.3125,55.0,320,326,4.908,1.227
2022-10-19,328,9,5,2.7439,1.5244,180.0,48.4756,52.7439,328,51.2195,48.7805,328,46.4832,53.5168,327,57.1875,56.875,320,327,4.5872,1.5291
2022-10-20,329,11,8,3.3435,2.4316,137.5,54.2683,53.9634,328,53.3537,50.0,328,48.0122,53.5168,327,55.3125,54.6875,320,327,3.6697,1.2232
2022-10-21,329,8,16,2.4316,4.8632,50.0,45.4268,43.2927,328,49.6951,43.5976,328,44.9541,50.4587,327,55.3125,53.75,320,327,2.7523,3.3639
2022-10-24,329,3,1,0.9119,0.304,299.97,64.3293,58.5366,328,59.7561,51.5244,328,47.7064,53.8226,327,56.875,55.3125,320,327,3.9755,0.0
2022-10-25,329,16,3,4.8632,0.9119,533.3,53.3537,51.8293,328,53.9634,49.6951,328,48.9297,55.0459,327,57.1875,55.0,320,327,3.6697,1.5291
2022-10-27,329,10,7,3.0395,2.1277,142.85,60.061,57.9268,328,57.3171,56.4024,328,51.9878,57.4924,327,57.8125,57.1875,320,327,5.8104,2.4465
2022-10-28,329,3,9,0.9119,2.7356,33.33,48.4756,46.0366,328,50.9146,49.0854,328,50.1529,56.2691,327,57.8125,56.5625,320,327,3.3639,2.4465
2022-10-31,329,12,9,3.6474,2.7356,133.33,55.4878,57.9268,328,56.0976,56.4024,328,52.2936,59.0214,327,60.0,58.4375,320,327,4.893,1.2232
2022-11-01,329,10,6,3.0395,1.8237,166.67,61.5854,63.7195,328,60.061,60.061,328,56.8807,64.2202,327,60.9375,60.625,320,327,2.4465,0.6116
2022-11-02,329,8,2,2.4316,0.6079,400.0,61.7021,61.3982,329,58.5366,60.6707,328,57.4924,63.3028,327,61.5625,61.5625,320,327,3.6697,1.2232
2022-11-03,329,15,3,4.5593,0.9119,499.98,62.614,60.4863,329,59.1463,60.9756,328,53.5168,60.5505,327,61.875,62.5,320,327,4.2813,1.2232
2022-11-04,329,21,4,6.383,1.2158,525.0,62.9179,60.4863,329,60.061,60.061,328,55.6575,63.9144,327,62.5,63.4375,320,327,6.422,1.2232
2022-11-07,329,19,1,5.7751,0.304,1899.7,62.0061,63.8298,329,63.7195,63.7195,328,56.5749,63.9144,327,64.375,63.4375,320,327,8.5627,1.5291
2022-11-09,329,13,12,3.9514,3.6474,108.33,54.4073,55.0152,329,59.1463,56.7073,328,54.5732,60.6707,328,63.4375,61.25,320,327,6.7278,0.6116
2022-11-10,329,7,21,2.1277,6.383,33.33,45.5927,45.8967,329,52.7439,52.1341,328,50.0,57.0122,328,63.4375,59.0625,320,327,2.4465,3.0581
2022-11-11,329,19,2,5.7751,0.6079,950.01,53.1915,53.4954,329,55.4878,54.878,328,53.6585,58.8415,328,62.5,59.375,320,327,3.6697,0.6116
2022-11-14,329,22,7,6.6869,2.1277,314.28,55.3191,55.6231,329,56.7073,57.0122,328,54.2683,58.8415,328,65.3125,63.125,320,327,3.9755,1.5291
2022-11-15,329,13,4,3.9514,1.2158,325.0,50.152,52.8875,329,56.7073,56.4024,328,55.1829,59.1463,328,65.0,63.4375,320,327,4.893,0.9174
2022-11-16,329,6,3,1.8237,0.9119,199.99,43.769,46.5046,329,52.7439,49.3902,328,52.7439,56.4024,328,63.75,62.1875,320,327,2.4465,1.2232
2022-11-17,330,7,4,2.1212,1.2121,175.0,38.6018,38.9058,329,47.1125,46.5046,329,49.3902,54.2683,328,60.9375,60.0,320,327,2.1407,2.4465
2022-11-18,330,13,4,3.9394,1.2121,325.01,35.2584,35.2584,329,43.1611,42.2492,329,48.7805,50.9146,328,59.375,59.6875,320,327,2.7523,2.4465
2022-11-21,331,14,3,4.2296,0.9063,466.69,31.6109,33.7386,329,42.2492,41.9453,329,47.8659,48.7805,328,58.125,57.1875,320,327,3.9755,3.6697
2022-11-22,332,4,9,1.2048,2.7108,44.44,33.7386,34.6505,329,38.9058,41.9453,329,46.0366,48.1707,328,59.6875,57.8125,320,327,4.2813,3.6697
2022-11-23,333,14,2,4.2042,0.6006,700.0,39.5137,42.5532,329,43.769,44.6809,329,48.4756,51.2195,328,60.0,58.75,320,327,3.6697,4.893
2022-11-24,333,13,1,3.9039,0.3003,1300.0,46.8085,49.2401,329,48.0243,50.152,329,53.6585,57.0122,328,61.25,59.6875,320,327,3.0581,2.1407
2022-11-25,333,16,0,4.8048,0.0,,60.7903,62.0061,329,54.1033,55.9271,329,57.622,59.7561,328,63.125,62.1875,320,327,4.5872,1.2232
2022-11-28,333,21,0,6.3063,0.0,,70.5167,70.5167,329,60.4863,62.614,329,60.3659,63.1098,328,65.0,65.3125,320,327,6.1162,0.6116
2022-11-29,333,12,3,3.6036,0.9009,400.0,69.697,65.4545,330,58.3587,61.0942,329,59.1463,61.2805,328,66.9782,65.4206,321,327,2.7523,0.9174
2022-11-30,333,11,5,3.3033,1.5015,220.0,75.4545,72.7273,330,66.8693,69.9088,329,63.7195,65.5488,328,70.0935,67.2897,321,327,3.9755,0.6116
2022-12-01,333,9,0,2.7027,0.0,,82.7795,78.2477,331,68.0851,69.9088,329,65.2439,68.2927,328,67.9128,67.6012,321,327,3.6697,0.0
2022-12-02,333,11,0,3.3033,0.0,,84.0361,81.0241,332,75.6839,76.2918,329,67.0732,70.4268,328,71.028,68.8474,321,327,6.1162,0.0
2022-12-05,333,17,3,5.1051,0.9009,566.67,79.2793,78.3784,333,76.8997,75.076,329,68.5976,70.122,328,71.3396,69.7819,321,327,6.1162,0.0
2022-12-06,333,7,0,2.1021,0.0,,67.8679,66.6667,333,70.8207,69.6049,329,65.5488,69.5122,328,69.4704,68.5358,321,327,6.1162,0.0
2022-12-07,333,5,2,1.5015,0.6006,250.0,55.5556,57.6577,333,65.9574,63.5258,329,63.4146,65.8537,328,68.2243,68.2243,321,327,5.5046,0.0
2022-12-08,333,14,0,4.2042,0.0,,56.1562,59.4595,333,68.997,63.2219,329,64.0244,66.7683,328,69.7819,67.9128,321,327,7.6453,0.3058
2022-12-09,333,5,11,1.5015,3.3033,45.45,38.4384,42.3423,333,56.231,51.9757,329,58.5366,58.8415,328,68.5358,66.3551,321,327,3.3639,0.9174
2022-12-12,333,20,0,6.006,0.0,,44.4444,48.3483,333,56.535,55.9271,329,60.3659,60.9756,328,68.5358,66.6667,321,327,5.8104,0.9174
2022-12-13,333,20,1,6.006,0.3003,2000.0,46.2462,52.8529,333,59.3939,56.0606,330,61.2805,59.7561,328,69.4704,65.7321,321,327,7.3394,0.6116
2022-12-14,333,17,1,5.1051,0.3003,1700.0,50.7508,58.8589,333,64.5455,62.4242,330,63.4146,63.7195,328,71.028,66.9782,321,327,7.3394,0.0
2022-12-15,333,10,5,3.003,1.5015,200.0,42.3423,46.8468,333,57.7039,54.6828,331,62.1951,60.061,328,68.2243,65.7321,321,327,2.7523,0.6116
2022-12-16,333,3,10,0.9009,3.003,30.0,31.5315,34.2342,333,43.3735,43.3735,332,57.0122,54.2683,328,66.6667,61.9938,321,327,1.2232,1.8349
2022-12-19,333,17,2,5.1051,0.6006,850.0,38.4384,41.4414,333,46.5465,45.9459,333,56.7073,55.7927,328,66.6667,63.5514,321,327,3.3639,2.1407
2022-12-20,333,8,3,2.4024,0.9009,266.67,37.8378,40.5405,333,45.045,43.5435,333,55.4878,52.1341,328,65.7321,60.7477,321,327,5.1988,1.5291
2022-12-21,333,3,60,0.9009,18.018,5.0,21.6216,19.5195,333,28.5285,29.7297,333,46.3415,46.3415,328,62.9283,57.0093,321,327,0.6116,1.5291
2022-12-22,333,4,27,1.2012,8.1081,14.81,14.7147,15.9159,333,20.4204,21.6216,333,39.6341,37.1951,328,59.19,53.8941,321,327,0.3058,3.6697
2022-12-23,333,0,138,0.0,41.4414,0.0,5.1051,4.8048,333,6.9069,7.5075,333,23.1707,18.9024,328,52.0249,42.9907,321,327,0.0,7.6453
2022-12-26,333,90,1,27.027,0.3003,9000.0,9.3093,16.2162,333,15.3153,18.9189,333,32.9268,29.5732,328,55.1402,49.8442,321,327,0.3058,2.1407
2022-12-27,333,31,0,9.3093,0.0,,25.5255,33.3333,333,23.7237,28.5285,333,36.2805,35.6707,328,59.5016,52.3364,321,327,0.6116,0.9174
2022-12-28,333,19,0,5.7057,0.0,,34.8348,40.2402,333,24.6246,33.6336,333,36.8902,37.5,328,59.8131,53.271,321,327,1.5291,1.2232
2022-12-29,333,17,1,5.1051,0.3003,1700.0,40.2402,40.2402,333,26.4264,35.4354,333,38.6018,37.9939,329,58.8785,54.5171,321,327,1.5291,1.5291
2022-12-30,334,10,1,2.994,0.2994,1000.0,57.0571,55.5556,333,34.2342,42.9429,333,40.7295,43.769,329,59.8131,56.6978,321,327,2.7523,0.9174
2023-01-02,334,23,2,6.8862,0.5988,1150.0,73.8739,66.0661,333,40.5405,49.2492,333,44.9848,48.3283,329,61.3707,57.3209,321,327,4.5872,0.9174
2023-01-03,334,5,1,1.497,0.2994,500.0,78.3784,70.2703,333,48.048,54.6547,333,47.1125,50.7599,329,61.0592,58.567,321,327,2.7523,0.3058
2023-01-04,334,7,1,2.0958,0.2994,700.0,67.2673,46.5465,333,41.1411,42.9429,333,43.465,46.2006,329,60.1246,57.9439,321,327,1.2232,0.9174
2023-01-05,334,9,0,2.6946,0.0,,71.7718,53.1532,333,45.9459,49.2492,333,46.5046,48.3283,329,60.1246,57.6324,321,327,2.4465,0.9174
2023-01-06,334,4,3,1.1976,0.8982,133.33,46.8468,39.9399,333,39.039,38.7387,333,42.2492,44.3769,329,59.19,54.2056,321,327,1.5291,1.2232
2023-01-09,334,4,0,1.1976,0.0,,56.7568,55.2553,333,47.1471,49.2492,333,43.769,48.3283,329,60.4361,57.9439,321,327,1.2232,1.2232
2023-01-10,334,3,2,0.8982,0.5988,150.0,43.2432,43.5435,333,46.2462,44.1441,333,41.3374,44.6809,329,59.19,55.7632,321,327,0.3058,0.9174
2023-01-11,334,4,2,1.1976,0.5988,200.0,38.024,39.8204,334,42.3423,39.3393,333,41.3374,44.6809,329,59.19,54.8287,321,327,1.5291,0.9174
2023-01-12,334,3,2,0.8982,0.5988,150.0,36.8263,41.6168,334,44.4444,39.3393,333,41.3374,43.769,329,58.6957,53.7267,322,327,1.2232,1.5291
2023-01-13,334,9,2,2.6946,0.5988,450.0,44.6108,49.7006,334,49.2492,45.3453,333,44.6809,47.1125,329,59.6273,53.1056,322,327,0.6116,1.5291
2023-01-16,334,6,3,1.7964,0.8982,200.0,42.8144,46.1078,334,49.8498,43.8438,333,44.0729,46.2006,329,59.9379,51.5528,322,327,1.5291,2.4465
2023-01-17,334,4,3,1.1976,0.8982,133.33,41.3174,39.521,334,51.0511,41.7417,333,42.5532,46.8085,329,56.8323,51.5528,322,327,1.5291,1.8349
2023-01-18,334,7,2,2.0958,0.5988,350.0,46.4072,46.4072,334,52.2523,46.2462,333,43.465,48.3283,329,57.4534,53.1056,322,328,3.0488,1.2195
2023-01-19,334,4,1,1.1976,0.2994,400.0,43.4132,43.1138,334,48.3483,45.045,333,42.8571,47.1125,329,58.0745,53.1056,322,328,3.6585,2.7439
2023-01-20,334,4,1,1.1976,0.2994,400.0,34.7305,35.9281,334,42.042,37.5375,333,38.6018,42.5532,329,56.2112,51.5528,322,328,2.1341,3.3537
2023-01-23,334,8,7,2.3952,2.0958,114.29,38.9222,38.6228,334,42.9429,42.6426,333,40.4255,46.8085,329,57.1429,52.1739,322,328,1.5244,3.0488
2023-01-24,334,7,3,2.0958,0.8982,233.33,32.9341,34.1317,334,35.7357,36.036,333,36.0606,42.7273,330,54.3478,50.9317,322,328,1.8293,3.9634
2023-01-25,334,5,9,1.497,2.6946,55.56,22.7545,24.2515,334,27.2455,25.7485,334,31.8182,34.2424,330,52.9412,49.5356,323,328,1.2195,6.0976
2023-01-27,334,7,45,2.0958,13.4731,15.56,14.0719,13.7725,334,18.8623,17.0659,334,23.2628,24.7734,331,48.9164,44.582,323,328,0.3049,6.7073
2023-01-30,334,14,7,4.1916,2.0958,200.0,17.9641,17.0659,334,19.4611,18.5629,334,24.3976,24.3976,332,48.9164,44.8916,323,328,1.8293,5.1829
2023-01-31,334,48,2,14.3713,0.5988,2400.02,41.6168,46.1078,334,35.3293,37.7246,334,37.5375,39.3393,333,52.9412,48.9164,323,328,2.1341,2.439
2023-02-01,334,7,37,2.0958,11.0778,18.92,27.8443,28.1437,334,26.0479,25.1497,334,27.3273,27.9279,333,50.774,44.8916,323,328,2.1341,2.439
2023-02-02,334,11,10,3.2934,2.994,110.0,38.3234,36.5269,334,29.3413,30.2395,334,29.4294,30.3303,333,49.226,45.2012,323,328,3.0488,2.7439
2023-02-03,334,3,13,0.8982,3.8922,23.08,35.9281,33.8323,334,26.9461,26.9461,334,26.4264,27.9279,333,47.3684,42.4149,323,328,2.7439,3.3537
2023-02-06,334,17,8,5.0898,2.3952,212.5,43.1138,41.018,334,31.1377,32.9341,334,27.3273,31.8318,333,48.9164,44.582,323,328,2.7439,1.5244
2023-02-07,334,14,2,4.1916,0.5988,700.0,46.1078,42.2156,334,35.0299,36.8263,334,30.6306,34.2342,333,50.4644,46.13,323,328,2.1341,2.7439
2023-02-08,334,15,2,4.491,0.5988,750.0,59.5808,52.0958,334,38.9222,40.4192,334,34.5345,37.5375,333,54.1796,48.9164,323,328,2.7439,1.5244
2023-02-09,334,6,3,1.7964,0.8982,200.0,53.2934,46.4072,334,39.521,38.9222,334,34.2342,36.9369,333,54.1796,49.226,323,328,1.5244,1.2195
2023-02-10,334,6,6,1.7964,1.7964,100.0,56.2874,53.5928,334,44.6108,44.3114,334,37.8378,40.2402,333,54.1796,49.8452,323,328,1.8293,1.5244
2023-02-13,334,5,19,1.497,5.6886,26.32,42.8144,39.8204,334,41.9162,40.4192,334,31.2312,33.6336,333,52.6316,45.8204,323,328,1.8293,2.439
2023-02-14,334,5,11,1.497,3.2934,45.45,40.4192,36.8263,334,38.6228,35.9281,334,30.3303,32.7327,333,50.774,43.6533,323,328,0.9146,3.0488
2023-02-15,334,11,3,3.2934,0.8982,366.67,47.006,42.8144,334,40.7186,38.6228,334,32.7327,35.7357,333,51.7028,45.5108,323,328,2.7439,3.0488
2023-02-16,334,17,1,5.0898,0.2994,1700.0,55.6886,51.497,334,47.006,44.9102,334,36.3363,38.4384,333,54.7988,49.5356,323,328,3.0488,1.8293
2023-02-17,334,4,3,1.1976,0.8982,133.33,41.9162,42.515,334,44.6108,42.2156,334,34.5345,37.2372,333,52.322,48.6068,323,328,2.439,3.0488
2023-02-20,334,9,4,2.6946,1.1976,225.0,40.4192,39.8204,334,43.1138,38.9222,334,35.7357,37.2372,333,51.7028,47.9876,323,328,1.2195,4.5732
2023-02-21,335,8,7,2.3881,2.0896,114.29,41.3174,39.2216,334,42.515,39.2216,334,35.7357,36.3363,333,50.4644,46.4396,323,328,2.439,5.4878
2023-02-22,335,3,11,0.8955,3.2836,27.27,27.5449,29.0419,334,35.3293,31.7365,334,30.3303,30.9309,333,50.3086,41.358,324,328,0.9146,5.1829
2023-02-23,335,14,4,4.1791,1.194,350.01,27.8443,27.8443,334,33.5329,30.5389,334,31.2312,32.1321,333,48.7654,43.8272,324,328,0.9146,5.7927
2023-02-24,335,6,5,1.791,1.4925,120.0,28.4431,27.8443,334,30.8383,28.1437,334,30.03,29.7297,333,46.9136,40.4321,324,328,1.8293,5.4878
2023-02-27,335,3,15,0.8955,4.4776,20.0,20.9581,20.0599,334,23.3533,20.9581,334,25.5255,23.4234,333,45.0617,38.2716,324,328,0.0,6.0976
2023-02-28,335,18,6,5.3731,1.791,300.01,25.4491,26.9461,334,27.2455,26.0479,334,27.6276,25.8258,333,44.7531,40.7407,324,328,1.5244,3.9634
2023-03-01,335,26,0,7.7612,0.0,,45.8084,47.9042,334,37.7246,36.2275,334,31.5315,32.1321,333,47.0769,42.1538,325,328,2.1341,1.5244
2023-03-02,335,11,1,3.2836,0.2985,1100.03,47.3054,46.7066,334,36.2275,35.0299,334,33.3333,32.1321,333,47.3846,43.0769,325,328,1.5244,3.0488
2023-03-03,335,19,0,5.6716,0.0,,61.194,58.5075,335,47.006,47.006,334,37.8378,39.3393,333,49.8462,45.8462,325,328,1.2195,2.1341
2023-03-06,335,17,0,5.0746,0.0,,76.4179,72.2388,335,56.2874,58.0838,334,40.8408,44.7447,333,51.3846,48.0,325,328,3.3537,1.2195
2023-03-08,335,16,1,4.7761,0.2985,1600.03,73.7313,66.2687,335,56.8862,58.0838,334,42.6426,45.045,333,51.6923,48.3077,325,328,4.5732,2.1341
2023-03-09,335,7,4,2.0896,1.194,175.01,66.2687,57.6119,335,54.7904,53.2934,334,42.9429,45.045,333,51.227,47.8528,326,328,4.5732,2.1341
2023-03-10,335,5,1,1.4925,0.2985,500.0,56.4179,46.2687,335,49.4012,45.8084,334,38.6228,41.018,334,51.227,46.319,326,328,2.7439,2.7439
2023-03-13,335,2,30,0.597,8.9552,6.67,25.3731,19.7015,335,27.8443,25.7485,334,29.6407,29.3413,334,44.7853,39.8773,326,329,0.304,6.9909
2023-03-14,335,3,12,0.8955,3.5821,25.0,17.6119,17.3134,335,25.4491,21.2575,334,27.2455,24.5509,334,44.0367,37.9205,327,329,1.2158,8.5106
2023-03-15,335,5,5,1.4925,1.4925,100.0,20.0,22.6866,335,27.8443,25.1497,334,28.1437,26.6467,334,44.0367,39.4495,327,329,1.2158,6.383
2023-03-16,335,4,7,1.194,2.0896,57.14,19.1045,22.9851,335,25.4491,23.0539,334,26.9461,25.1497,334,42.8135,36.6972,327,329,1.2158,6.079
2023-03-17,335,14,4,4.1791,1.194,350.01,25.3731,30.7463,335,31.4371,29.0419,334,30.2395,28.1437,334,42.5076,38.5321,327,329,2.1277,6.079
2023-03-20,335,2,13,0.597,3.8806,15.38,18.806,19.7015,335,22.6866,19.7015,335,25.1497,24.2515,334,40.367,35.474,327,329,0.6079,6.079
2023-03-21,335,10,1,2.9851,0.2985,1000.03,27.7612,33.4328,335,31.0448,29.5522,335,28.1437,26.9461,334,39.1437,37.3089,327,329,1.5198,3.9514
2023-03-22,335,7,1,2.0896,0.2985,700.03,40.2985,39.7015,335,36.1194,32.8358,335,28.1437,28.1437,334,40.6728,39.1437,327,329,0.6079,2.4316
2023-03-23,335,8,0,2.3881,0.0,,40.597,35.5224,335,31.9403,29.2537,335,29.3413,26.9461,334,41.2844,37.3089,327,329,1.5198,4.5593
2023-03-24,335,3,9,0.8955,2.6866,33.33,26.2687,21.4925,335,22.3881,22.3881,335,25.1497,22.7545,334,39.7554,35.1682,327,329,0.6079,8.8146
2023-03-27,335,1,24,0.2985,7.1642,4.17,22.6866,19.1045,335,20.0,18.806,335,23.0539,20.9581,334,36.3914,34.2508,327,329,0.6079,13.0699
2023-03-28,335,4,11,1.194,3.2836,36.36,21.791,20.2985,335,21.194,20.2985,335,21.8563,20.6587,334,36.0856,33.3333,327,329,0.304,13.9818
2023-03-29,335,48,0,14.3284,0.0,,45.3731,44.1791,335,29.2537,34.0299,335,28.1437,28.7425,334,39.7554,38.5321,327,329,2.1277,1.8237
2023-03-31,335,21,2,6.2687,0.597,1050.03,63.8806,62.0896,335,42.0896,45.0746,335,35.0299,34.1317,334,42.5076,40.6728,327,329,3.3435,1.5198
2023-04-03,335,25,6,7.4627,1.791,416.68,79.403,77.9104,335,51.6418,57.3134,335,37.4251,36.8263,334,44.0367,42.2018,327,329,4.2553,0.304
2023-04-05,335,21,2,6.2687,0.597,1050.03,80.2985,76.7164,335,61.194,63.2836,335,40.7186,41.3174,334,46.4832,43.7309,327,329,3.9514,0.6079
2023-04-06,335,13,0,3.8806,0.0,,83.2836,81.4925,335,67.7612,70.4478,335,46.1078,45.8084,334,47.4006,45.2599,327,329,6.383,0.304
2023-04-10,335,6,2,1.791,0.597,300.0,82.6866,77.9104,335,70.4478,68.6567,335,47.6048,48.2036,334,48.6239,46.4832,327,329,2.7356,0.6079
2023-04-11,335,13,1,3.8806,0.2985,1300.03,83.2836,78.806,335,75.2239,71.6418,335,52.994,50.8982,334,48.9297,48.6239,327,330,3.3333,0.6061
2023-04-12,335,7,0,2.0896,0.0,,81.791,77.6119,335,79.1045,75.8209,335,55.3892,54.1916,334,49.5413,48.9297,327,330,3.9394,0.0
2023-04-13,335,8,0,2.3881,0.0,,81.791,77.6119,335,79.403,73.7313,335,55.988,55.6886,334,50.4587,51.3761,327,331,3.6254,0.0
2023-04-17,335,5,2,1.4925,0.597,250.0,73.7313,73.7313,335,78.5075,73.1343,335,58.982,57.485,334,51.682,51.9878,327,332,4.2169,0.0
2023-04-18,335,7,2,2.0896,0.597,350.02,72.8358,77.3134,335,81.4925,78.209,335,63.1737,61.3772,334,52.2936,53.211,327,333,3.3033,0.3003
2023-04-19,335,9,2,2.6866,0.597,450.02,68.0597,72.8358,335,80.597,75.8209,335,61.0778,60.1796,334,52.2936,52.5994,327,333,3.003,0.9009
2023-04-20,335,11,1,3.2836,0.2985,1100.03,64.7761,68.6567,335,79.7015,73.4328,335,64.9701,61.3772,334,52.9052,53.5168,327,333,3.003,0.9009
2023-04-21,335,6,1,1.791,0.2985,600.0,55.2239,60.597,335,75.8209,67.1642,335,63.1737,58.3832,334,52.2936,51.9878,327,333,2.4024,1.2012
2023-04-24,335,10,0,2.9851,0.0,,59.403,65.6716,335,75.8209,68.6567,335,64.0719,61.0778,334,51.9878,51.682,327,333,4.8048,1.2012
2023-04-25,335,6,3,1.791,0.8955,200.0,57.6119,62.9851,335,74.9254,68.9552,335,65.5689,62.5749,334,52.9052,52.9052,327,333,3.9039,1.2012
2023-04-26,335,13,3,3.8806,0.8955,433.34,59.7015,67.7612,335,77.3134,72.8358,335,67.9641,66.4671,334,52.9052,51.9878,327,333,3.6036,2.1021
2023-04-27,335,15,2,4.4776,0.597,750.02,67.1642,71.9403,335,79.403,76.4179,335,71.2575,69.1617,334,53.5168,54.1284,327,333,4.8048,0.9009
2023-04-28,335,17,1,5.0746,0.2985,1700.03,77.6119,83.2836,335,83.5821,82.6866,335,76.9461,73.6527,334,57.4924,58.7156,327,333,7.5075,0.9009
2023-05-02,335,17,2,5.0746,0.597,850.02,79.1045,84.1791,335,85.0746,84.4776,335,79.0419,75.7485,334,58.104,60.2446,327,333,7.8078,0.9009
2023-05-03,335,20,5,5.9701,1.4925,400.01,76.7164,78.806,335,81.791,80.8955,335,79.3413,77.8443,334,58.7156,62.0795,327,333,7.5075,0.3003
2023-05-04,335,16,1,4.7761,0.2985,1600.03,83.2836,83.2836,335,84.7761,87.1642,335,82.0359,80.5389,334,61.7737,63.6086,327,333,7.2072,0.3003
2023-05-05,335,9,12,2.6866,3.5821,75.0,71.0448,71.0448,335,77.0149,77.9104,335,79.6407,76.3473,334,59.9388,61.1621,327,333,5.1051,0.6006
2023-05-08,335,14,6,4.1791,1.791,233.34,74.9254,78.209,335,81.194,83.2836,335,81.194,78.806,335,62.0795,64.2202,327,333,8.7087,0.9009
2023-05-09,335,6,6,1.791,1.791,100.0,67.4627,67.7612,335,76.7164,78.806,335,82.0896,77.6119,335,62.3853,64.8318,327,333,3.6036,0.6006
2023-05-10,336,10,6,2.9762,1.7857,166.67,67.4627,71.0448,335,76.7164,77.9104,335,81.4925,77.6119,335,62.3853,65.4434,327,333,4.2042,1.2012
2023-05-11,336,8,0,2.381,0.0,,70.1493,75.8209,335,78.5075,79.1045,335,82.3881,80.2985,335,63.3028,66.055,327,333,4.5045,0.3003
2023-05-12,336,10,4,2.9762,1.1905,250.0,57.9104,64.4776,335,73.4328,72.8358,335,79.403,74.3284,335,62.0795,66.055,327,333,4.2042,0.3003
2023-05-15,336,11,2,3.2738,0.5952,550.03,63.8806,68.3582,335,74.3284,76.7164,335,82.0896,76.7164,335,64.2202,67.8899,327,333,6.6066,0.3003
2023-05-16,336,10,3,2.9762,0.8929,333.32,61.194,66.8657,335,72.8358,75.2239,335,80.8955,76.7164,335,64.8318,67.5841,327,333,5.7057,1.2012
2023-05-17,336,15,5,4.4643,1.4881,300.0,58.806,63.8806,335,71.0448,73.7313,335,80.597,74.6269,335,64.526,66.055,327,333,6.006,0.9009
2023-05-18,336,10,6,2.9762,1.7857,166.67,48.9552,54.9254,335,64.4776,66.5672,335,78.209,71.0448,335,62.6911,65.4434,327,333,7.2072,0.9009
2023-05-19,336,6,3,1.7857,0.8929,199.99,47.4627,51.0448,335,62.9851,64.7761,335,76.7164,69.8507,335,62.6911,65.1376,327,333,6.6066,1.2012
2023-05-22,336,14,5,4.1667,1.4881,280.0,50.2976,58.631,336,63.8806,66.8657,335,77.9104,73.1343,335,63.3028,65.7492,327,333,6.3063,0.9009
2023-05-23,336,11,5,3.2738,1.4881,220.0,52.381,58.3333,336,64.1791,67.4627,335,78.209,72.8358,335,65.1376,66.6667,327,333,5.7057,0.3003
2023-05-24,336,19,4,5.6548,1.1905,474.99,51.7857,56.5476,336,60.0,64.7761,335,77.9104,72.2388,335,64.526,67.2783,327,333,7.5075,0.9009
2023-05-25,336,12,6,3.5714,1.7857,200.0,57.1429,60.7143,336,61.194,65.3731,335,80.0,72.8358,335,65.7492,67.5841,327,333,7.5075,0.3003
2023-05-26,336,15,3,4.4643,0.8929,499.98,66.9643,66.9643,336,65.0746,68.9552,335,81.791,75.8209,335,65.7492,69.1131,327,334,7.485,0.5988
2023-05-29,336,8,7,2.381,2.0833,114.29,72.0238,71.4286,336,70.1493,74.0299,335,83.2836,77.0149,335,67.8899,70.948,327,334,7.485,0.0
2023-05-30,336,9,5,2.6786,1.4881,180.0,67.8571,69.3452,336,68.9552,74.3284,335,82.6866,79.1045,335,67.5841,70.3364,327,334,8.0838,0.0
2023-05-31,336,17,2,5.0595,0.5952,850.05,74.4048,72.3214,336,70.7463,76.1194,335,84.1791,80.597,335,68.5015,70.3364,327,334,10.479,0.2994
2023-06-01,336,11,1,3.2738,0.2976,1100.07,78.5714,76.4881,336,74.6269,79.1045,335,84.1791,81.4925,335,70.0306,71.8654,327,334,9.5808,0.0
2023-06-02,336,13,0,3.869,0.0,,78.5714,78.2738,336,77.6119,81.194,335,84.7761,82.6866,335,69.7248,73.3945,327,334,10.7784,0.0
2023-06-05,336,17,3,5.0595,0.8929,566.64,77.0833,77.381,336,78.869,84.2262,336,87.1642,85.6716,335,70.6422,73.0887,327,334,10.1796,0.0
2023-06-06,336,19,1,5.6548,0.2976,1900.13,77.381,77.381,336,80.6548,85.4167,336,88.6567,87.4627,335,71.5596,73.7003,327,334,9.5808,0.0
2023-06-07,336,22,0,6.5476,0.0,,82.4405,86.6071,336,86.9048,88.9881,336,89.5522,90.1493,335,73.7003,77.6758,327,334,14.3713,0.0
2023-06-08,336,6,5,1.7857,1.4881,120.0,71.7262,74.7024,336,81.25,83.631,336,87.7612,87.4627,335,72.4771,74.3119,327,334,7.485,0.0
2023-06-09,336,8,2,2.381,0.5952,400.03,60.7143,63.9881,336,74.7024,76.7857,336,85.9701,84.1791,335,71.5596,73.7003,327,334,6.8862,0.5988
2023-06-12,337,16,0,4.7478,0.0,,67.5595,69.3452,336,77.9762,79.7619,336,85.9701,84.4776,335,72.7829,74.6177,327,334,9.8802,0.2994
2023-06-13,337,19,0,5.638,0.0,,74.1071,77.9762,336,83.9286,83.631,336,87.4627,87.4627,335,73.7003,76.4526,327,334,12.8743,0.2994
2023-06-14,337,10,3,2.9674,0.8902,333.34,71.4286,77.381,336,82.4405,83.0357,336,89.2537,87.7612,335,74.3119,76.4526,327,334,14.0719,0.2994
2023-06-15,337,15,1,4.451,0.2967,1500.17,66.0714,70.8333,336,80.0595,81.25,336,87.4627,87.4627,335,73.3945,76.7584,327,334,10.7784,0.0
2023-06-16,337,13,2,3.8576,0.5935,649.97,75.2976,80.0595,336,83.9286,85.4167,336,87.7612,88.6567,335,75.6098,78.6585,328,334,11.0778,0.0
2023-06-19,337,15,0,4.451,0.0,,71.131,77.6786,336,83.631,84.5238,336,88.0597,88.3582,335,76.2195,78.6585,328,334,11.3772,0.0
2023-06-20,337,12,2,3.5608,0.5935,599.97,72.9167,76.4881,336,80.9524,83.0357,336,88.0597,88.9552,335,78.3537,79.5732,328,334,12.2754,0.2994
2023-06-21,337,16,3,4.7478,0.8902,533.34,74.7024,77.6786,336,83.3333,83.3333,336,88.9552,89.5522,335,77.7439,80.7927,328,334,11.976,0.0
2023-06-22,337,5,3,1.4837,0.8902,166.67,57.27,59.0504,337,73.8095,75.5952,336,85.9701,84.7761,335,78.0488,79.5732,328,334,4.491,0.0
2023-06-23,337,4,4,1.1869,1.1869,100.0,31.454,35.0148,337,61.0119,61.3095,336,79.7015,78.806,335,75.3049,75.9146,328,334,1.7964,0.5988
2023-06-26,337,15,0,4.451,0.0,,45.1039,53.4125,337,66.369,69.3452,336,84.1791,81.791,335,76.5244,78.0488,328,334,5.0898,0.0
2023-06-27,337,12,0,3.5608,0.0,,52.5223,59.6439,337,65.4762,71.131,336,82.9851,83.5821,335,77.1341,78.0488,328,334,8.3832,0.0
2023-06-28,337,6,0,1.7804,0.0,,52.819,60.5341,337,66.6667,72.9167,336,83.2836,83.5821,335,78.0488,78.3537,328,334,7.1856,0.0
2023-06-30,337,14,4,4.1543,1.1869,350.01,60.5341,69.1395,337,71.131,77.381,336,85.0746,86.2687,335,79.2683,80.7927,328,334,9.2814,0.0
2023-07-03,337,17,0,5.0445,0.0,,63.7982,68.8427,337,71.131,79.7619,336,88.0597,87.4627,335,81.0976,82.9268,328,334,9.8802,0.0
2023-07-04,337,8,2,2.3739,0.5935,399.98,57.5668,61.7211,337,67.8571,75.8929,336,85.9701,87.1642,335,81.0976,82.9268,328,334,7.1856,0.2994
2023-07-05,337,13,3,3.8576,0.8902,433.34,68.2493,71.2166,337,72.619,78.869,336,86.5672,88.6567,335,82.622,84.4512,328,334,11.6766,0.2994
2023-07-06,337,16,2,4.7478,0.5935,799.97,76.2611,77.7448,337,77.0833,84.2262,336,88.3582,89.5522,335,83.5366,84.7561,328,334,13.4731,0.2994
2023-07-07,337,6,0,1.7804,0.0,,64.6884,63.2047,337,69.1395,76.8546,337,86.5672,87.1642,335,83.5366,83.8415,328,334,7.1856,0.2994
2023-07-10,337,10,2,2.9674,0.5935,499.98,58.1602,58.1602,337,62.6113,70.9199,337,84.1791,85.3731,335,82.622,82.9268,328,334,7.1856,0.2994
2023-07-11,337,17,1,5.0445,0.2967,1700.2,66.1721,69.4362,337,70.0297,77.7448,337,85.3731,87.1642,335,82.622,82.9268,328,334,14.0719,0.8982
2023-07-12,337,18,1,5.3412,0.2967,1800.2,69.7329,71.8101,337,72.4036,78.9318,337,85.0746,86.8657,335,82.3171,82.622,328,334,15.2695,0.5988
2023-07-13,337,6,7,1.7804,2.0772,85.71,57.27,59.0504,337,65.2819,71.8101,337,82.9851,84.4776,335,80.7927,82.0122,328,334,10.7784,1.1976
2023-07-14,337,30,0,8.9021,0.0,,71.2166,72.1068,337,72.997,78.3383,337,86.2687,87.1642,335,84.4512,84.1463,328,334,15.8683,0.0
2023-07-17,337,13,3,3.8576,0.8902,433.34,75.6677,79.822,337,77.7448,82.1958,337,88.0597,89.8507,335,85.6707,85.9756,328,334,16.7665,0.0
2023-07-18,338,6,4,1.7751,1.1834,150.0,66.7656,70.3264,337,72.4036,77.1513,337,85.7143,86.9048,336,83.8415,84.1463,328,335,9.5522,0.0
2023-07-19,338,17,0,5.0296,0.0,,70.3264,73.2938,337,75.6677,79.2285,337,86.6071,87.2024,336,84.4512,84.1463,328,335,12.8358,0.0
2023-07-20,338,10,3,2.9586,0.8876,333.33,72.1068,74.184,337,75.9644,78.635,337,86.3095,86.9048,336,84.4512,84.7561,328,335,14.6269,0.0
2023-07-21,338,14,5,4.142,1.4793,280.0,64.095,67.6558,337,73.5905,75.3709,337,84.8214,85.4167,336,83.8415,85.061,328,335,12.2388,0.0
2023-07-24,338,16,8,4.7337,2.3669,200.0,60.5341,62.6113,337,69.7329,71.2166,337,83.0357,84.2262,336,84.7561,84.1463,328,335,14.9254,0.0
2023-07-25,338,15,7,4.4379,2.071,214.29,60.5341,64.095,337,69.1395,70.6231,337,83.0357,85.119,336,84.1463,84.4512,328,335,15.5224,0.2985
2023-07-26,338,15,4,4.4379,1.1834,375.01,59.9407,64.9852,337,70.3264,74.184,337,83.3333,84.8214,336,84.4512,85.3659,328,335,15.5224,0.0
2023-07-27,338,14,1,4.142,0.2959,1399.8,60.8309,64.9852,337,67.9525,72.997,337,82.4405,84.2262,336,85.9756,86.2805,328,335,13.7313,0.597
2023-07-28,339,10,6,2.9499,1.7699,166.67,63.6095,66.2722,338,70.0297,72.7003,337,83.0357,85.4167,336,86.5854,87.5,328,335,14.6269,0.2985
2023-07-31,339,28,1,8.2596,0.295,2799.86,72.4852,75.1479,338,75.6677,77.7448,337,84.5238,87.2024,336,87.1951,87.5,328,335,23.8806,0.2985
2023-08-01,339,18,4,5.3097,1.1799,450.01,72.1893,77.2189,338,77.1513,82.1958,337,85.7143,89.2857,336,88.4146,89.0244,328,335,14.3284,0.0
2023-08-02,339,4,9,1.1799,2.6549,44.44,55.0296,57.3964,338,67.6558,70.0297,337,81.8452,85.119,336,88.1098,87.5,328,335,3.5821,0.2985
2023-08-03,339,11,3,3.2448,0.885,366.64,54.7337,57.3964,338,67.0623,69.4362,337,81.25,85.119,336,87.8049,87.8049,328,335,8.0597,0.2985
2023-08-04,339,19,5,5.6047,1.4749,380.01,61.2426,68.0473,338,70.9199,74.4807,337,82.7381,86.3095,336,88.4146,89.6341,328,335,10.7463,0.0
2023-08-07,339,18,6,5.3097,1.7699,300.0,60.6509,66.568,338,70.9199,73.5905,337,82.1429,85.4167,336,89.3293,89.6341,328,335,12.5373,0.0
2023-08-08,339,16,5,4.7198,1.4749,320.01,63.0178,66.568,338,72.4036,74.7774,337,83.631,86.0119,336,88.7538,89.6657,329,335,12.8358,0.0
2023-08-09,339,25,0,7.3746,0.0,,63.1268,67.5516,339,70.9199,76.2611,337,83.0357,87.5,336,90.2736,90.8815,329,335,14.9254,0.0
2023-08-10,339,18,4,5.3097,1.1799,450.01,57.8171,62.2419,339,70.6231,73.2938,337,83.0357,86.9048,336,89.6657,89.0578,329,335,10.1493,0.0
2023-08-11,339,23,4,6.7847,1.1799,575.02,55.4572,58.7021,339,64.2012,67.1598,338,80.0595,84.8214,336,89.9696,89.0578,329,335,8.9552,0.2985
2023-08-14,339,12,8,3.5398,2.3599,150.0,49.2625,51.6224,339,58.5799,60.355,338,75.0,78.2738,336,88.4498,86.9301,329,335,6.8657,0.2985
2023-08-16,339,25,6,7.3746,1.7699,416.67,48.9676,50.4425,339,58.5799,60.9467,338,74.4048,76.4881,336,86.9301,86.0182,329,335,11.3433,0.2985
2023-08-17,340,13,3,3.8235,0.8824,433.31,50.4425,53.6873,339,59.1716,62.1302,338,72.9167,75.8929,336,87.538,86.3222,329,335,10.7463,0.2985
2023-08-18,340,6,3,1.7647,0.8824,199.99,46.3127,47.4926,339,55.9172,58.5799,338,71.7262,75.2976,336,86.3222,84.8024,329,335,5.6716,0.2985
2023-08-21,341,19,3,5.5718,0.8798,633.3,56.0472,57.8171,339,59.7633,63.9053,338,73.2938,78.0415,337,86.9301,86.3222,329,335,11.6418,0.0
2023-08-22,341,28,1,8.2111,0.2933,2799.56,64.8968,69.0265,339,65.3846,70.7101,338,78.0415,81.8991,337,88.1459,87.234,329,335,15.8209,0.0
2023-08-23,341,19,1,5.5718,0.2933,1899.69,68.4366,72.2714,339,68.6391,73.9645,338,79.822,83.6795,337,89.3617,87.8419,329,335,14.3284,0.0
2023-08-24,341,10,1,2.9326,0.2933,999.86,70.2065,71.6814,339,69.0265,76.4012,339,80.4154,84.5697,337,88.4498,89.0578,329,335,12.2388,0.0
2023-08-25,341,10,1,2.9326,0.2933,999.86,58.4071,56.9322,339,60.767,66.0767,339,75.0742,79.2285,337,89.3617,87.234,329,335,7.4627,0.0
2023-08-28,341,16,1,4.6921,0.2933,1599.76,64.8968,66.9617,339,65.7817,69.3215,339,76.5579,81.3056,337,89.9696,88.7538,329,335,11.0448,0.0
2023-08-29,341,15,3,4.3988,0.8798,499.98,67.6471,68.5294,340,68.1416,72.2714,339,78.9318,82.4926,337,90.5775,89.9696,329,335,10.1493,0.0
2023-08-30,341,11,2,3.2258,0.5865,550.01,69.7059,71.4706,340,71.6814,76.1062,339,81.6024,85.4599,337,91.7933,90.5775,329,335,13.4328,0.0
2023-08-31,341,21,2,6.1584,0.5865,1050.03,74.7801,73.9003,341,75.2212,76.6962,339,81.0089,84.8665,337,91.1854,90.5775,329,335,19.1045,0.0
2023-09-01,341,25,3,7.3314,0.8798,833.3,75.0733,78.2991,341,79.056,81.4159,339,82.1958,88.1306,337,92.4012,91.1854,329,335,20.2985,0.0
2023-09-04,341,32,4,9.3842,1.173,800.02,77.1261,79.1789,341,79.351,82.0059,339,85.7567,89.3175,337,93.3333,93.0303,330,335,23.2836,0.0
2023-09-05,341,22,0,6.4516,0.0,,79.4721,82.9912,341,84.6608,85.2507,339,87.8338,90.5045,337,93.3333,92.7273,330,335,19.403,0.0
2023-09-06,341,8,5,2.346,1.4663,159.99,81.5249,82.4047,341,86.1357,87.9056,339,87.5371,91.9881,337,95.4683,94.5619,331,335,11.6418,0.0
2023-09-07,341,14,2,4.1056,0.5865,700.02,81.8182,85.044,341,87.3156,87.9056,339,88.4273,92.5816,337,95.7831,94.5783,332,335,14.3284,0.0
2023-09-08,341,20,1,5.8651,0.2933,1999.69,82.4047,82.9912,341,85.2507,88.2006,339,89.3175,92.5816,337,96.0961,96.0961,333,335,18.806,0.0
2023-09-11,341,26,3,7.6246,0.8798,866.63,82.9912,85.9238,341,87.3156,89.6755,339,91.3947,93.1751,337,96.3964,96.3964,333,335,22.0896,0.0
2023-09-12,341,1,137,0.2933,40.176,0.73,34.6041,31.3783,341,61.4706,55.8824,340,82.4926,86.6469,337,94.5946,93.0931,333,335,2.0896,0.0
2023-09-13,341,29,2,8.5044,0.5865,1450.03,39.0029,41.9355,341,65.0,64.1176,340,83.3828,87.5371,337,95.4955,93.3934,333,335,5.9701,0.0
2023-09-14,341,23,0,6.7449,0.0,,47.8006,60.1173,341,72.434,74.1935,341,86.0534,90.8012,337,95.4955,93.994,333,335,9.5522,0.0
2023-09-15,341,17,4,4.9853,1.173,425.0,53.6657,64.8094,341,73.9003,77.4194,341,88.1306,91.9881,337,96.6967,95.1952,333,335,7.7612,0.0
2023-09-18,341,8,2,2.346,0.5865,400.0,41.6422,49.8534,341,61.8768,64.5161,341,86.0534,89.3175,337,95.7958,93.994,333,335,6.5672,0.0
2023-09-20,341,6,4,1.7595,1.173,150.0,36.3636,39.8827,341,53.6657,58.3578,341,81.8991,86.3501,337,95.1952,93.0931,333,335,5.3731,0.0
2023-09-21,342,1,12,0.2924,3.5088,8.33,21.4076,24.6334,341,40.7625,42.8152,341,75.3709,78.0415,337,93.6937,90.991,333,335,1.791,0.0
2023-09-22,342,13,3,3.8012,0.8772,433.33,23.1672,28.739,341,39.0029,39.8827,341,72.997,75.0742,337,92.7928,90.991,333,335,2.6866,0.2985
2023-09-25,342,12,3,3.5088,0.8772,400.0,33.1378,37.2434,341,41.6422,47.5073,341,74.4807,74.4807,337,92.7928,90.3904,333,335,2.9851,0.2985
2023-09-26,342,13,0,3.8012,0.0,,38.1232,38.4164,341,40.7625,46.3343,341,71.5976,74.2604,338,93.3934,90.991,333,335,4.4776,0.0
2023-09-27,343,17,1,4.9563,0.2915,1700.27,48.0938,51.6129,341,43.695,55.7185,341,75.7396,77.8107,338,94.2943,91.5916,333,335,6.8657,0.2985
2023-09-28,344,7,3,2.0349,0.8721,233.33,41.9355,44.5748,341,38.7097,50.4399,341,70.1183,71.8935,338,91.8919,89.7898,333,336,3.2738,0.5952
2023-09-29,344,15,3,4.3605,0.8721,500.0,55.4252,57.7713,341,48.3871,59.2375,341,73.9645,76.0355,338,93.6937,90.6907,333,336,8.3333,0.8929
2023-10-03,344,7,2,2.0349,0.5814,350.0,61.5836,61.5836,341,49.5601,60.9971,341,73.6686,76.0355,338,93.3934,90.0901,333,336,10.7143,0.5952
2023-10-04,345,3,7,0.8696,2.029,42.86,45.0292,37.7193,342,38.4164,47.2141,341,66.568,71.3018,338,93.0931,89.4895,333,336,2.381,0.2976
2023-10-05,345,13,1,3.7681,0.2899,1299.79,50.0,43.8596,342,40.7625,51.6129,341,65.9763,72.4852,338,93.0931,90.3904,333,336,6.25,0.5952
2023-10-06,345,20,0,5.7971,0.0,,58.1871,54.6784,342,48.0938,59.824,341,67.1598,75.7396,338,93.994,91.2913,333,336,8.3333,0.0
2023-10-09,345,2,24,0.5797,6.9565,8.33,29.8246,28.3626,342,30.4985,35.7771,341,56.6372,62.5369,339,91.5916,87.988,333,336,2.6786,0.2976
2023-10-10,345,20,1,5.7971,0.2899,1999.69,48.105,49.5627,343,44.868,50.7331,341,64.6018,71.9764,339,92.4925,89.1892,333,336,8.9286,0.0
2023-10-11,345,10,0,2.8986,0.0,,54.3605,57.2674,344,52.1994,58.3578,341,66.3717,73.7463,339,93.6937,89.7898,333,336,8.3333,0.0
2023-10-12,345,17,0,4.9275,0.0,,65.1163,65.6977,344,61.2903,66.5689,341,70.2065,76.6962,339,93.994,91.5916,333,336,10.7143,0.0
2023-10-13,345,7,0,2.029,0.0,,59.8837,59.593,344,58.0645,60.4106,341,69.6165,73.1563,339,93.6937,89.1892,333,336,6.5476,0.2976
2023-10-16,345,15,0,4.3478,0.0,,62.029,61.4493,345,58.3578,61.8768,341,69.9115,73.4513,339,93.3934,88.8889,333,336,11.3095,0.0
2023-10-17,345,19,0,5.5072,0.0,,66.6667,65.7971,345,63.6364,65.9824,341,70.2065,76.6962,339,93.994,90.6907,333,336,10.119,0.0
2023-10-18,345,7,9,2.029,2.6087,77.78,55.0725,53.6232,345,57.3099,56.4327,342,63.4218,73.1563,339,92.7928,88.8889,333,336,7.1429,0.2976
2023-10-19,345,5,3,1.4493,0.8696,166.66,52.7536,51.0145,345,57.3099,56.4327,342,64.8968,69.9115,339,92.515,88.024,334,336,8.631,0.2976
2023-10-20,345,6,13,1.7391,3.7681,46.15,42.8986,41.1594,345,48.2456,45.614,342,57.2271,64.6018,339,90.1198,85.0299,334,336,6.25,0.2976
2023-10-23,345,3,122,0.8696,35.3623,2.46,8.9855,9.2754,345,17.8363,14.6199,342,35.6932,37.4631,339,82.9341,75.7485,334,336,1.4881,1.1905
2023-10-25,345,6,13,1.7391,3.7681,46.15,8.9855,9.8551,345,17.7843,15.4519,343,32.1534,33.9233,339,82.3353,75.4491,334,336,1.1905,1.7857
2023-10-26,345,12,6,3.4783,1.7391,200.01,6.9565,9.2754,345,13.0814,13.9535,344,26.5487,30.3835,339,79.9401,73.3533,334,336,1.4881,2.381
2023-10-27,345,33,2,9.5652,0.5797,1650.03,20.2899,26.087,345,23.2558,25.2907,344,35.2941,42.3529,340,83.2335,75.4491,334,336,2.9762,0.5952
2023-10-30,345,19,7,5.5072,2.029,271.42,26.3768,31.0145,345,25.5814,30.814,344,36.7647,42.3529,340,83.5329,76.9461,334,336,1.7857,0.8929
2023-10-31,345,10,4,2.8986,1.1594,250.01,30.4348,36.2319,345,29.2754,33.0435,345,37.2434,43.4018,341,82.9341,77.5449,334,336,2.9762,0.5952
2023-11-01,345,7,5,2.029,1.4493,140.0,33.0435,32.7536,345,27.5362,31.8841,345,38.1232,43.4018,341,82.6347,74.8503,334,336,4.1667,1.7857
2023-11-02,346,18,3,5.2023,0.8671,599.97,53.0435,50.7246,345,37.6812,44.058,345,41.6422,47.8006,341,84.1317,76.0479,334,337,5.0445,0.2967
2023-11-03,346,20,2,5.7803,0.578,1000.05,68.9855,59.1304,345,44.058,48.1159,345,44.868,51.9062,341,85.3293,79.3413,334,337,7.7151,0.5935
2023-11-06,346,19,3,5.4913,0.8671,633.29,81.7391,70.7246,345,51.8841,59.1304,345,48.6804,60.4106,341,86.5269,82.6347,334,337,10.3858,0.2967
2023-11-07,346,16,0,4.6243,0.0,,81.1594,71.5942,345,56.8116,60.2899,345,51.3196,61.8768,341,86.5269,82.9341,334,337,8.3086,0.2967
2023-11-08,347,19,0,5.4755,0.0,,86.087,78.2609,345,64.6377,66.6667,345,54.8387,66.5689,341,86.5269,83.8323,334,337,10.6825,0.0
2023-11-09,347,11,8,3.17,2.3055,137.5,76.5217,70.4348,345,62.029,62.8986,345,51.6129,63.3431,341,86.5269,82.3353,334,337,9.7923,0.2967
2023-11-10,347,14,2,4.0346,0.5764,699.97,75.3623,66.9565,345,64.3478,62.6087,345,51.9062,63.9296,341,86.8263,84.1317,334,337,10.089,0.2967
2023-11-13,347,30,1,8.6455,0.2882,2999.83,75.0725,70.7246,345,69.5652,68.4058,345,56.305,68.6217,341,86.5269,83.2335,334,337,15.4303,0.0
2023-11-15,347,25,0,7.2046,0.0,,81.2139,80.6358,346,76.5217,75.942,345,60.7038,71.5543,341,87.4251,85.0299,334,337,15.1335,0.0
2023-11-16,347,16,1,4.611,0.2882,1599.93,83.237,83.237,346,81.7391,79.4203,345,64.2229,73.9003,341,88.6228,86.5269,334,337,14.5401,0.0
2023-11-17,347,18,4,5.1873,1.1527,450.01,76.8786,77.7457,346,82.8986,76.5217,345,65.6891,73.0205,341,89.8204,86.5269,334,337,15.727,0.0
2023-11-20,347,21,2,6.0519,0.5764,1049.95,74.8555,75.1445,346,82.029,73.6232,345,66.2757,73.607,341,88.6228,85.6287,334,337,13.0564,0.2967
2023-11-21,347,11,4,3.17,1.1527,275.01,74.3516,76.3689,347,84.6377,76.8116,345,69.2082,75.3666,341,90.1198,87.4251,334,337,10.6825,0.0
2023-11-22,347,9,6,2.5937,1.7291,150.0,61.9597,64.2651,347,79.7101,73.3333,345,67.4487,73.9003,341,89.8204,86.8263,334,337,7.1217,0.0
2023-11-23,347,8,2,2.3055,0.5764,399.98,61.6715,65.9942,347,80.2899,74.7826,345,68.3284,73.0205,341,90.7186,87.1257,334,337,5.9347,0.2967
2023-11-24,347,12,1,3.4582,0.2882,1199.93,60.8069,63.9769,347,77.971,72.1739,345,67.7419,71.8475,341,90.1198,88.6228,334,337,6.2315,0.0
2023-11-28,347,17,2,4.8991,0.5764,849.95,59.0778,64.5533,347,76.8116,72.4638,345,67.7419,75.3666,341,89.521,88.3234,334,337,9.1988,0.0
2023-11-29,347,17,0,4.8991,0.0,,64.5533,72.6225,347,80.5797,76.5217,345,71.261,76.8328,341,90.1198,88.6228,334,337,10.9792,0.0
2023-11-30,348,29,1,8.3333,0.2874,2899.55,71.7579,77.2334,347,80.9249,79.7688,346,75.6598,81.8182,341,90.4192,89.521,334,337,15.1335,0.0
2023-12-01,349,11,3,3.1519,0.8596,366.67,74.928,79.8271,347,82.0809,83.815,346,79.1789,84.1642,341,91.018,89.521,334,337,14.2433,0.0
2023-12-04,349,21,1,6.0172,0.2865,2100.24,82.9971,86.4553,347,87.2832,91.3295,346,83.3333,88.5965,342,92.8144,91.018,334,337,20.178,0.0
2023-12-05,349,12,2,3.4384,0.5731,599.97,77.2334,82.1326,347,85.8382,87.8613,346,84.5029,86.8421,342,93.1138,91.3174,334,337,13.3531,0.0
2023-12-06,349,13,2,3.7249,0.5731,649.96,74.928,76.9452,347,84.1499,86.4553,347,86.5497,90.0585,342,94.012,92.8144,334,337,13.3531,0.0
2023-12-07,348,18,5,5.1724,1.4368,359.99,79.1908,81.5029,346,86.1272,86.9942,346,90.3226,91.7889,341,93.994,93.0931,333,336,15.4762,0.0
2023-12-08,348,9,1,2.5862,0.2874,899.86,65.3179,69.0751,346,78.9017,83.237,346,88.3041,87.7193,342,93.6937,91.2913,333,336,9.8214,0.0
2023-12-11,348,21,0,6.0345,0.0,,69.0751,71.3873,346,78.0347,82.0809,346,87.7551,89.7959,343,93.0931,92.1922,333,337,14.5401,0.0
2023-12-12,348,10,9,2.8736,2.5862,111.11,60.8069,65.1297,347,74.8555,75.7225,346,85.7143,85.7143,343,93.0931,91.8919,333,337,8.9021,0.0
2023-12-13,348,20,2,5.7471,0.5747,1000.02,60.0575,67.8161,348,74.8555,79.7688,346,86.8805,86.2974,343,93.4132,91.6168,334,337,13.9466,0.0
2023-12-14,348,33,0,9.4828,0.0,,67.2414,76.4368,348,79.7688,85.2601,346,88.3721,89.2442,344,94.012,92.515,334,337,19.8813,0.0
2023-12-15,348,16,4,4.5977,1.1494,400.01,69.2529,75.8621,348,77.7457,83.526,346,88.9535,88.9535,344,93.4132,92.8144,334,337,16.6172,0.0
2023-12-18,348,13,1,3.7356,0.2874,1299.79,70.4023,76.1494,348,77.7457,83.237,346,90.407,90.1163,344,94.012,93.4132,334,337,14.8368,0.0
2023-12-19,348,8,2,2.2989,0.5747,400.02,73.8506,77.0115,348,78.3237,82.659,346,88.9535,89.5349,344,94.3114,93.7126,334,337,11.5727,0.0
2023-12-20,348,4,119,1.1494,34.1954,3.36,27.0115,24.1379,348,49.422,48.5549,346,76.7442,74.4186,344,91.3174,89.8204,334,337,1.4837,0.0
2023-12-21,349,36,0,10.3152,0.0,,41.6667,46.2644,348,61.2717,66.185,346,81.686,79.3605,344,92.515,90.4192,334,338,5.6213,0.0
2023-12-22,349,23,1,6.5903,0.2865,2300.28,56.3218,60.3448,348,67.052,71.0983,346,84.3023,81.9767,344,92.8144,91.018,334,338,10.9467,0.0
2023-12-26,349,17,1,4.8711,0.2865,1700.21,60.6322,66.954,348,67.6301,73.1214,346,85.1744,84.8837,344,93.1138,91.6168,334,338,11.2426,0.0
2023-12-27,349,10,0,2.8653,0.0,,60.9195,69.5402,348,69.7406,76.9452,347,86.6279,86.0465,344,93.1138,93.1138,334,338,12.7219,0.0
2023-12-28,349,16,0,4.5845,0.0,,63.7931,67.8161,348,69.8276,76.4368,348,86.0465,86.3372,344,92.515,92.8144,334,338,15.6805,0.0
2023-12-29,349,14,0,4.0115,0.0,,71.2644,75.5747,348,77.8736,81.3218,348,88.6628,87.7907,344,93.7126,94.012,334,338,18.6391,0.0
2024-01-01,349,20,3,5.7307,0.8596,666.67,75.2874,77.0115,348,76.4368,83.3333,348,87.7907,86.9186,344,93.1138,93.4132,334,338,16.568,0.8876
2024-01-02,349,15,1,4.298,0.2865,1500.17,68.9655,68.3908,348,71.5517,76.1494,348,87.2093,86.3372,344,93.4132,94.012,334,338,15.3846,0.5917
2024-01-03,349,10,1,2.8653,0.2865,1000.1,71.9198,68.7679,349,72.9885,75.5747,348,86.6279,86.6279,344,93.7126,93.7126,334,338,13.9053,0.0
2024-01-04,349,19,0,5.4441,0.0,,76.7908,76.7908,349,79.023,81.8966,348,89.2442,89.2442,344,94.6108,94.3114,334,338,22.4852,0.0
2024-01-05,349,14,2,4.0115,0.5731,699.97,77.937,80.8023,349,83.3333,85.9195,348,90.1163,89.8256,344,94.3114,93.4132,334,338,16.568,0.2959
2024-01-08,349,12,8,3.4384,2.2923,150.0,59.0258,58.4527,349,71.5517,73.8506,348,85.4651,82.2674,344,91.9162,92.2156,334,338,10.6509,0.2959
2024-01-09,349,9,3,2.5788,0.8596,300.0,58.1662,63.6103,349,70.977,73.2759,348,85.4651,82.2674,344,92.2156,91.6168,334,338,13.0178,0.0
2024-01-10,349,16,3,4.5845,0.8596,533.33,55.8739,59.3123,349,68.3908,71.8391,348,84.3023,81.1047,344,91.018,90.1198,334,339,11.7994,0.0
2024-01-11,349,14,3,4.0115,0.8596,466.67,61.6046,68.7679,349,74.4253,77.0115,348,84.8837,83.1395,344,91.018,91.3174,334,339,17.1091,0.0
2024-01-12,349,10,0,2.8653,0.0,,62.1777,67.3352,349,74.4253,78.4483,348,84.9275,84.3478,345,91.018,91.6168,334,340,15.5882,0.0
2024-01-15,349,17,0,4.8711,0.0,,64.4699,67.9083,349,73.8506,75.8621,348,84.6377,84.3478,345,91.018,91.018,334,340,17.6471,0.0
2024-01-16,349,13,7,3.7249,2.0057,185.72,58.1662,61.0315,349,68.3908,71.5517,348,81.4493,82.3188,345,90.1198,91.018,334,340,12.3529,0.0
2024-01-17,350,6,2,1.7143,0.5714,300.02,44.1261,46.1318,349,59.8854,61.3181,349,77.6812,75.942,345,89.8204,89.521,334,340,6.7647,0.2941
2024-01-18,350,14,4,4.0,1.1429,349.99,43.2665,45.2722,349,55.8739,58.7393,349,74.8555,72.5434,346,88.6228,88.9222,334,340,9.4118,0.5882
2024-01-19,350,30,1,8.5714,0.2857,3000.14,52.149,53.8682,349,60.1719,62.7507,349,76.8786,75.1445,346,88.6228,88.6228,334,340,16.7647,0.0
2024-01-23,350,11,73,3.1429,20.8571,15.07,30.659,32.9513,349,43.553,44.4126,349,65.0289,63.2948,346,85.6287,83.8323,334,340,7.9412,0.8824
2024-01-24,350,49,3,14.0,0.8571,1633.42,46.1318,50.4298,349,53.5817,56.447,349,67.9191,69.6532,346,86.8263,87.4251,334,340,13.8235,0.2941
2024-01-25,350,24,6,6.8571,1.7143,399.99,47.2779,52.149,349,52.4355,57.0201,349,67.6301,67.341,346,85.6287,85.0299,334,340,12.6471,0.2941
2024-01-29,350,33,4,9.4286,1.1429,824.97,57.5931,61.0315,349,57.5931,61.8911,349,70.2312,71.0983,346,86.8263,85.6287,334,340,19.1176,0.2941
2024-01-30,350,13,3,3.7143,0.8571,433.36,55.3009,57.5931,349,56.7335,60.4585,349,69.9422,71.6763,346,85.6287,85.3293,334,340,13.2353,0.2941
2024-01-31,350,42,1,12.0,0.2857,4200.21,75.1429,74.8571,350,67.9083,71.6332,349,74.5665,75.7225,346,86.2275,87.4251,334,340,26.1765,0.0
2024-02-01,350,20,10,5.7143,2.8571,200.0,69.1429,67.1429,350,60.1719,67.0487,349,71.3873,74.2775,346,86.5269,86.8263,334,340,16.1765,0.2941
2024-02-02,350,26,5,7.4286,1.4286,519.99,67.7143,64.0,350,59.3123,62.1777,349,71.0983,72.5434,346,86.8263,87.1257,334,340,19.1176,0.2941
2024-02-05,350,28,13,8.0,3.7143,215.38,60.5714,57.7143,350,59.3123,62.1777,349,66.763,68.4971,346,84.7305,85.0299,334,340,20.8824,1.1765
2024-02-06,350,31,7,8.8571,2.0,442.86,70.0,68.2857,350,66.7622,68.1948,349,69.6532,71.6763,346,85.9281,85.6287,334,340,22.3529,0.0
2024-02-07,350,28,12,8.0,3.4286,233.33,68.3761,67.2365,351,68.0,69.4286,350,71.7579,73.7752,347,85.9701,85.0746,335,341,17.0088,0.2933
2024-02-08,351,19,10,5.4131,2.849,190.0,60.9687,60.114,351,64.2857,66.0,350,69.7406,71.4697,347,82.9851,82.9851,335,341,13.4897,0.5865
2024-02-09,351,9,30,2.5641,8.547,30.0,49.2877,52.4217,351,55.4286,56.8571,350,66.954,67.8161,348,82.3881,82.9851,335,341,8.5044,1.173
2024-02-12,351,7,95,1.9943,27.0655,7.37,26.2108,24.5014,351,42.5714,36.5714,350,58.7393,59.8854,349,81.194,81.194,335,341,2.0528,0.2933
2024-02-13,351,21,13,5.9829,3.7037,161.54,27.9202,31.6239,351,42.5714,40.2857,350,58.1662,60.745,349,81.194,81.791,335,341,4.1056,0.5865
2024-02-14,351,38,4,10.8262,1.1396,950.0,35.6125,43.8746,351,48.1481,48.433,351,61.0315,64.7564,349,81.791,82.0896,335,341,5.8651,0.5865
2024-02-15,351,42,3,11.9658,0.8547,1400.0,47.0085,55.2707,351,52.7066,54.416,351,64.4699,67.9083,349,81.791,83.2836,335,342,10.2339,0.2924
2024-02-16,351,28,1,7.9772,0.2849,2800.0,56.6952,65.2422,351,58.9744,60.9687,351,65.616,68.7679,349,84.1791,84.7761,335,342,10.8187,0.0
2024-02-19,351,34,4,9.6866,1.1396,850.0,64.6724,68.0912,351,60.9687,64.3875,351,66.7622,70.7736,349,83.5821,83.8806,335,342,12.2807,0.0
2024-02-20,351,8,4,2.2792,1.1396,200.0,60.3989,64.1026,351,60.9687,62.963,351,65.043,68.4814,349,83.5821,85.3731,335,342,6.4327,0.0
2024-02-21,351,3,7,0.8547,1.9943,42.86,51.8519,49.0028,351,51.2821,51.567,351,62.7507,66.7622,349,82.9851,83.8806,335,343,4.3732,0.2915
2024-02-22,351,13,0,3.7037,0.0,,62.963,53.5613,351,54.9858,57.5499,351,62.7507,66.7622,349,83.2836,84.4776,335,344,5.5233,0.0
2024-02-23,351,22,1,6.2678,0.2849,2200.0,68.9459,60.9687,351,57.8348,62.6781,351,64.1834,68.7679,349,84.1791,84.7761,335,344,7.8488,0.0
2024-02-26,351,11,5,3.1339,1.4245,220.0,55.5556,53.5613,351,53.2764,55.8405,351,64.1834,68.4814,349,83.0357,84.2262,336,344,7.8488,0.5814
2024-02-27,351,7,4,1.9943,1.1396,175.0,50.7123,52.1368,351,51.567,55.2707,351,62.1777,67.3352,349,82.7381,83.9286,336,345,8.9855,0.5797
2024-02-28,351,4,21,1.1396,5.9829,19.05,29.3447,30.1994,351,36.7521,38.1766,351,52.7221,56.1605,349,81.25,80.3571,336,345,2.8986,0.8696
2024-02-29,351,20,4,5.698,1.1396,500.0,36.4672,38.1766,351,41.0256,45.584,351,56.447,61.6046,349,81.25,80.6548,336,345,4.9275,0.8696
2024-03-01,351,16,2,4.5584,0.5698,800.0,45.584,51.8519,351,48.1481,52.9915,351,60.2857,63.7143,350,83.0357,82.7381,336,345,6.6667,0.5797
2024-03-04,351,19,4,5.4131,1.1396,475.0,45.8689,48.433,351,47.5783,52.4217,351,58.2857,62.8571,350,83.0357,82.4405,336,345,8.9855,1.1594
2024-03-05,351,10,9,2.849,2.5641,111.11,45.2991,46.4387,351,47.8632,49.2877,351,54.2857,59.4286,350,81.25,81.8452,336,345,5.7971,1.1594
2024-03-06,351,2,27,0.5698,7.6923,7.41,26.4957,26.7806,351,34.4729,35.6125,351,47.7143,52.0,350,78.869,79.4643,336,345,2.6087,2.3188
2024-03-07,351,17,2,4.8433,0.5698,850.0,33.0484,34.188,351,39.6011,37.8917,351,49.7143,54.0,350,79.4643,80.0595,336,345,3.4783,1.1594
2024-03-11,351,8,32,2.2792,9.1168,25.0,23.9316,24.2165,351,28.7749,26.7806,351,42.5714,47.7143,350,76.7857,76.4881,336,345,2.3188,1.4493
2024-03-12,351,2,38,0.5698,10.8262,5.26,14.245,13.3903,351,18.5185,17.6638,351,32.2857,36.5714,350,75.2976,74.7024,336,345,0.2899,2.029
2024-03-13,351,0,182,0.0,51.8519,0.0,3.9886,3.1339,351,6.5527,5.698,351,16.0,15.4286,350,69.0476,64.5833,336,345,0.2899,4.6377
2024-03-14,351,99,2,28.2051,0.5698,4950.0,11.1111,13.1054,351,11.396,12.8205,351,24.2857,26.2857,350,71.131,70.2381,336,345,1.1594,0.8696
2024-03-15,350,21,9,6.0,2.5714,233.34,18.5714,21.1429,350,14.0,17.4286,350,25.2149,28.9398,349,71.131,70.5357,336,344,0.2907,0.8721
2024-03-18,350,16,3,4.5714,0.8571,533.36,21.3675,23.9316,351,16.5242,18.8034,351,26.2857,29.7143,350,72.3214,70.5357,336,345,1.4493,0.8696
2024-03-19,351,2,4,0.5698,1.1396,50.0,19.0883,17.6638,351,12.5356,15.3846,351,21.7143,25.7143,350,69.9405,68.1548,336,345,0.5797,2.3188
2024-03-20,351,9,4,2.5641,1.1396,225.0,23.3618,20.5128,351,15.3846,16.5242,351,21.4286,24.0,350,69.9405,69.3452,336,345,0.2899,2.029
2024-03-21,351,50,0,14.245,0.0,,51.567,47.0085,351,24.7863,30.1994,351,26.5714,33.4286,350,72.619,73.5119,336,345,1.4493,0.2899
2024-03-22,351,17,1,4.8433,0.2849,1700.0,69.2308,59.8291,351,34.188,39.886,351,29.7143,37.7143,350,74.1071,74.1071,336,345,2.3188,0.5797
2024-03-26,351,24,2,6.8376,0.5698,1200.0,70.3704,59.5442,351,39.0313,44.1595,351,32.5714,41.4286,350,73.8095,73.5119,336,345,4.3478,1.4493
2024-03-27,351,25,3,7.1225,0.8547,833.33,73.7892,62.963,351,47.2934,50.1425,351,36.2857,44.8571,350,74.1071,74.4048,336,345,4.058,0.8696
2024-03-28,351,16,1,4.5584,0.2849,1600.0,72.0798,64.6724,351,50.9972,53.2764,351,40.5714,50.8571,350,74.7024,75.0,336,346,4.0462,1.7341
2024-04-01,351,85,0,24.2165,0.0,,94.0171,91.1681,351,77.4929,79.4872,351,54.9858,67.5214,351,78.2738,80.6548,336,346,8.0925,0.0
2024-04-02,351,27,1,7.6923,0.2849,2700.0,94.302,90.8832,351,85.4701,85.755,351,60.3989,72.6496,351,81.6024,82.1958,337,346,9.2486,0.0
2024-04-03,351,23,0,6.5527,0.0,,94.0171,91.453,351,87.4644,86.0399,351,66.3818,76.3533,351,82.4926,83.3828,337,346,9.2486,0.0
2024-04-04,351,12,3,3.4188,0.8547,400.0,91.453,88.604,351,88.3191,86.6097,351,66.6667,78.0627,351,81.6024,84.273,337,347,8.3573,0.0
2024-04-05,351,13,0,3.7037,0.0,,90.8832,89.7436,351,89.4587,87.4644,351,70.6553,78.6325,351,82.4926,84.5697,337,347,9.2219,0.2882
2024-04-08,351,18,6,5.1282,1.7094,300.0,82.6211,82.3362,351,87.7493,83.7607,351,69.5157,76.9231,351,82.4926,85.4599,337,347,10.6628,0.5764
2024-04-09,351,7,1,1.9943,0.2849,700.0,73.7892,72.6496,351,84.9003,77.7778,351,66.6667,74.9288,351,81.8991,83.9763,337,347,8.0692,0.2882
2024-04-10,351,23,1,6.5527,0.2849,2300.0,69.5157,74.0741,351,86.0399,77.4929,351,71.2251,78.0627,351,82.7893,85.1632,337,347,7.4928,0.0
2024-04-12,351,5,2,1.4245,0.5698,250.0,58.1197,62.6781,351,84.3305,72.3647,351,68.3761,73.5043,351,83.3828,85.4599,337,347,7.4928,0.2882
2024-04-15,352,5,12,1.4205,3.4091,41.67,34.188,39.3162,351,66.3818,54.1311,351,58.1197,62.6781,351,79.5252,83.3828,337,347,3.7464,0.8646
2024-04-16,352,16,0,4.5455,0.0,,37.6068,44.7293,351,70.9402,54.9858,351,59.8291,64.3875,351,80.1187,82.4926,337,347,4.8991,0.5764
2024-04-18,352,13,2,3.6932,0.5682,649.98,33.9031,42.735,351,61.5385,52.7066,351,57.5499,61.5385,351,79.2285,82.4926,337,347,6.3401,0.2882
2024-04-19,352,7,3,1.9886,0.8523,233.32,33.3333,41.8803,351,56.1254,49.8575,351,56.1254,58.1197,351,78.635,82.1958,337,347,6.3401,0.2882
2024-04-22,352,22,1,6.25,0.2841,2199.93,47.2934,58.9744,351,64.6724,61.2536,351,59.8291,64.1026,351,79.822,83.3828,337,347,6.9164,0.0
2024-04-23,352,30,2,8.5227,0.5682,1499.95,62.1083,69.8006,351,69.5157,71.51,351,65.5271,69.5157,351,81.6024,82.7893,337,347,10.0865,0.0
2024-04-24,353,23,4,6.5156,1.1331,575.02,69.5157,76.9231,351,72.0798,76.3533,351,70.0855,74.6439,351,81.8991,83.0861,337,347,11.5274,0.0
2024-04-25,353,18,3,5.0992,0.8499,599.98,76.6382,78.0627,351,73.7892,77.208,351,74.0741,77.208,351,82.1958,82.7893,337,347,12.9683,0.2882
2024-04-26,353,21,2,5.949,0.5666,1049.95,79.5455,77.5568,352,75.4986,78.6325,351,74.9288,78.0627,351,81.8991,83.3828,337,348,11.7816,0.2874
2024-04-29,353,19,2,5.3824,0.5666,949.95,78.9773,76.1364,352,76.3533,80.3419,351,75.7835,78.0627,351,81.8991,83.6795,337,349,9.1691,0.0
2024-04-30,353,16,3,4.5326,0.8499,533.31,78.125,76.9886,352,76.9231,81.7664,351,76.0684,78.9174,351,83.9763,85.7567,337,349,8.8825,0.0
2024-05-02,353,16,4,4.5326,1.1331,400.02,73.5795,74.4318,352,76.9231,80.057,351,77.4929,78.0627,351,82.7893,85.1632,337,349,10.8883,0.2865
2024-05-03,353,9,1,2.5496,0.2833,899.96,61.3636,60.2273,352,68.661,72.0798,351,75.2137,75.2137,351,82.4926,83.0861,337,349,7.4499,0.0
2024-05-06,353,14,15,3.966,4.2493,93.33,43.1818,43.1818,352,56.1254,59.2593,351,66.6667,67.2365,351,81.0089,82.7893,337,349,7.7364,0.5731
2024-05-07,353,4,31,1.1331,8.7819,12.9,25.2125,24.9292,353,38.1766,40.1709,351,61.5385,60.114,351,78.9318,80.1187,337,349,1.1461,1.1461
2024-05-08,353,12,8,3.3994,2.2663,150.0,30.5949,35.4108,353,43.0199,47.0085,351,62.1083,60.114,351,79.2285,80.4154,337,349,4.5845,1.1461
2024-05-09,353,4,36,1.1331,10.1983,11.11,14.7309,16.4306,353,27.6353,26.2108,351,50.7123,47.8632,351,75.3709,77.4481,337,349,1.7192,2.2923
2024-05-10,353,16,1,4.5326,0.2833,1599.93,22.6629,26.0623,353,34.188,36.7521,351,53.8462,52.7066,351,76.3314,78.6982,338,349,2.2923,1.1461
2024-05-13,353,14,5,3.966,1.4164,280.01,24.0793,32.2946,353,33.2386,38.3523,352,55.5556,50.4274,351,76.3314,78.6982,338,349,4.0115,0.8596
2024-05-14,354,41,2,11.5819,0.565,2049.89,44.1926,52.6912,353,46.0227,50.8523,352,61.5385,60.114,351,79.8817,81.0651,338,349,6.3037,0.5731
2024-05-15,354,22,2,6.2147,0.565,1099.95,56.6572,58.6402,353,51.4205,57.3864,352,63.8177,62.3932,351,81.0651,81.3609,338,349,6.5903,0.2865
2024-05-16,356,18,1,5.0562,0.2809,1800.0,67.4221,65.1558,353,55.9659,61.6477,352,64.9573,64.3875,351,81.3609,81.3609,338,349,11.4613,0.2865
2024-05-17,356,31,4,8.7079,1.1236,775.0,78.7535,76.7705,353,64.2045,68.4659,352,69.5157,69.8006,351,81.6568,82.8402,338,349,13.467,0.0
2024-05-21,356,36,14,10.1124,3.9326,257.14,75.6374,70.5382,353,63.9205,67.8977,352,70.3704,67.8063,351,80.1775,82.5444,338,350,14.0,0.2857
2024-05-22,356,17,4,4.7753,1.1236,425.0,75.9207,70.8215,353,65.7224,68.272,353,71.51,69.8006,351,80.7692,83.432,338,350,8.2857,0.2857
2024-05-23,356,17,4,4.7753,1.1236,425.0,76.4873,69.9717,353,65.7224,69.6884,353,71.7949,69.5157,351,80.531,83.1858,339,350,9.4286,0.2857
2024-05-24,357,11,5,3.0812,1.4006,219.99,68.5552,64.3059,353,63.7394,64.8725,353,70.9402,68.9459,351,79.941,82.0059,339,350,7.1429,0.2857
2024-05-27,357,18,6,5.042,1.6807,299.99,64.4068,62.9944,354,63.1728,65.1558,353,71.51,68.0912,351,80.236,82.0059,339,350,7.1429,0.0
2024-05-28,357,4,11,1.1204,3.0812,36.36,50.565,51.4124,354,57.7904,58.0737,353,66.6667,63.5328,351,79.646,82.3009,339,350,4.5714,0.2857
2024-05-29,357,14,4,3.9216,1.1204,350.02,46.9101,50.2809,356,57.2238,56.9405,353,65.812,63.2479,351,78.4661,81.4159,339,350,5.7143,0.2857
2024-05-30,357,6,13,1.6807,3.6415,46.15,29.7753,32.0225,356,46.1756,45.8924,353,57.265,53.5613,351,76.6962,79.056,339,350,3.4286,0.8571
2024-05-31,357,24,5,6.7227,1.4006,479.99,35.6742,42.4157,356,49.2918,47.5921,353,57.265,55.8405,351,75.5162,78.4661,339,350,6.2857,1.4286
2024-06-03,357,77,1,21.5686,0.2801,7700.32,66.0112,68.8202,356,66.0057,64.8725,353,65.812,65.2422,351,79.056,82.0059,339,350,14.5714,0.0
2024-06-04,357,2,238,0.5602,66.6667,0.84,10.9551,10.9551,356,19.83,18.4136,353,32.7635,30.4843,351,67.2566,67.2566,339,350,0.8571,3.4286
2024-06-05,357,134,11,37.535,3.0812,1218.19,35.8543,41.1765,357,38.5269,40.5099,353,47.0085,44.7293,351,74.3363,77.2861,339,350,6.0,0.2857
2024-06-06,357,91,0,25.4902,0.0,,62.1849,69.4678,357,60.9065,61.4731,353,59.2593,62.6781,351,77.8761,82.8909,339,350,8.0,0.2857
2024-06-07,357,49,1,13.7255,0.2801,4900.21,80.9524,85.9944,357,76.204,79.6034,353,69.2308,74.9288,351,83.4808,85.8407,339,350,11.7143,0.0
2024-06-10,357,32,3,8.9636,0.8403,1066.71,86.2745,85.1541,357,79.3785,82.7684,354,76.6382,80.3419,351,83.7758,88.4956,339,350,12.2857,0.0
2024-06-11,357,29,2,8.1232,0.5602,1450.05,88.2353,87.1148,357,83.3333,85.5932,354,78.3476,82.6211,351,85.0,89.1176,340,350,13.4286,0.0
2024-06-12,357,25,0,7.0028,0.0,,94.958,92.437,357,86.5169,90.1685,356,82.3362,86.8946,351,85.8824,89.7059,340,350,12.8571,0.0
2024-06-13,357,19,0,5.3221,0.0,,92.437,89.916,357,84.5506,88.4831,356,82.0513,87.4644,351,87.39,90.9091,341,350,16.8571,0.0
2024-06-14,357,29,0,8.1232,0.0,,93.5574,89.6359,357,88.2022,90.4494,356,85.4701,89.7436,351,87.9765,91.2023,341,351,17.9487,0.0
2024-06-18,357,23,3,6.4426,0.8403,766.7,91.3165,86.8347,357,87.9213,89.6067,356,86.0399,90.0285,351,87.39,91.2023,341,351,17.9487,0.0
2024-06-19,357,13,4,3.6415,1.1204,325.02,78.1513,77.591,357,85.1124,84.8315,356,83.4758,88.604,351,87.0968,91.2023,341,351,7.4074,0.0
2024-06-20,357,20,1,5.6022,0.2801,2000.07,78.7115,82.0728,357,86.2745,85.1541,357,87.1795,90.8832,351,88.2698,91.4956,341,351,10.5413,0.0
2024-06-21,357,12,9,3.3613,2.521,133.33,70.8683,75.9104,357,84.5938,83.4734,357,84.9003,88.0342,351,87.39,92.6686,341,351,9.1168,0.2849
2024-06-24,357,13,4,3.6415,1.1204,325.02,63.5854,71.7087,357,82.9132,81.5126,357,83.4758,85.4701,351,86.8035,90.0293,341,351,11.9658,0.0
2024-06-25,357,11,0,3.0812,0.0,,56.8627,67.2269,357,82.3529,79.8319,357,82.6211,84.0456,351,87.0968,88.563,341,351,8.2621,0.0
2024-06-26,357,14,2,3.9216,0.5602,700.04,56.3025,65.2661,357,79.2717,75.3501,357,80.6818,83.2386,352,87.0968,91.2023,341,351,7.6923,0.0
2024-06-27,357,6,3,1.6807,0.8403,200.01,46.4986,54.902,357,73.9496,70.5882,357,78.4091,77.5568,352,86.217,90.0293,341,351,8.2621,0.0
2024-06-28,357,17,1,4.7619,0.2801,1700.07,49.8599,56.8627,357,74.2297,72.549,357,80.3977,80.6818,352,87.0968,90.9091,341,351,9.4017,0.0
2024-07-01,357,32,0,8.9636,0.0,,65.8263,71.9888,357,78.9916,78.1513,357,83.8068,85.7955,352,88.8563,91.7889,341,351,14.8148,0.0
2024-07-02,357,6,1,1.6807,0.2801,600.04,58.5434,68.6275,357,75.3501,75.6303,357,82.3864,82.9545,352,88.8563,91.2023,341,351,10.2564,0.0
2024-07-03,358,15,1,4.1899,0.2793,1500.14,68.3473,75.3501,357,77.0308,78.7115,357,84.0909,84.9432,352,88.563,91.2023,341,351,14.5299,0.0
2024-07-04,358,17,3,4.7486,0.838,566.66,70.5882,73.9496,357,75.6303,79.8319,357,84.4193,86.119,353,90.0293,91.2023,341,351,12.8205,0.0
2024-07-05,358,20,0,5.5866,0.0,,70.8683,71.9888,357,74.2297,81.2325,357,84.4193,86.119,353,89.4428,91.4956,341,351,16.5242,0.0
2024-07-08,358,15,5,4.1899,1.3966,300.01,63.8655,65.5462,357,68.9076,74.7899,357,83.2861,83.0028,353,88.2698,89.7361,341,351,11.6809,0.0
2024-07-09,358,21,0,5.8659,0.0,,66.9468,68.3473,357,69.4678,76.7507,357,83.0028,84.136,353,89.4428,90.3226,341,351,11.9658,0.0
2024-07-10,358,8,4,2.2346,1.1173,200.0,57.7031,58.5434,357,64.986,71.9888,357,81.8697,82.153,353,88.563,89.7361,341,351,8.8319,0.0
2024-07-11,359,15,1,4.1783,0.2786,1499.75,54.902,57.423,357,63.5854,69.7479,357,82.7195,82.7195,353,88.563,90.3226,341,351,10.5413,0.0
2024-07-12,359,16,2,4.4568,0.5571,800.0,52.1008,57.7031,357,60.5042,67.7871,357,81.0198,82.7195,353,89.4428,90.9091,341,351,7.4074,0.0
2024-07-15,359,18,1,5.0139,0.2786,1799.68,59.4972,64.2458,358,65.2661,71.9888,357,83.5694,83.8527,353,89.1496,90.9091,341,351,11.1111,0.0
2024-07-16,359,13,3,3.6212,0.8357,433.31,58.6592,62.2905,358,63.5854,70.8683,357,84.4193,84.4193,353,88.8563,90.3226,341,351,11.1111,0.0
2024-07-18,359,3,15,0.8357,4.1783,20.0,46.9274,48.8827,358,56.5826,63.3053,357,81.3031,81.0198,353,88.8889,90.6433,342,351,6.2678,0.0
2024-07-19,359,3,40,0.8357,11.1421,7.5,21.5084,22.067,358,40.3361,38.6555,357,68.8385,66.289,353,85.9649,88.5965,342,351,1.4245,0.0
2024-07-22,359,19,3,5.2925,0.8357,633.3,31.5642,35.7542,358,42.577,46.2185,357,76.7705,73.3711,353,87.4269,88.5965,342,351,4.5584,0.0
2024-07-23,359,9,12,2.507,3.3426,75.0,30.4469,34.0782,358,42.0168,43.6975,357,68.272,67.7054,353,85.7143,88.0466,343,351,5.1282,0.0
2024-07-24,359,36,1,10.0279,0.2786,3599.39,48.1894,52.6462,359,49.8599,56.5826,357,74.0113,75.1412,354,88.0814,88.9535,344,351,9.4017,0.0
2024-07-25,359,9,2,2.507,0.5571,450.01,46.7967,49.5822,359,49.5798,53.5014,357,71.4689,72.3164,354,87.2093,88.3721,344,351,9.4017,0.0
2024-07-26,359,19,2,5.2925,0.5571,950.01,65.4596,68.2451,359,59.1036,66.1064,357,76.4045,79.2135,356,88.6628,89.2442,344,351,11.1111,0.0
2024-07-29,359,30,0,8.3565,0.0,,73.2591,77.1588,359,65.2661,74.5098,357,79.4944,82.5843,356,89.2754,90.7246,345,351,14.245,0.0
2024-07-30,359,21,0,5.8496,0.0,,77.9944,77.9944,359,70.6704,77.095,358,80.618,83.9888,356,90.4348,91.0145,345,351,15.6695,0.0
2024-07-31,359,14,5,3.8997,1.3928,279.99,77.7159,71.5877,359,67.3184,74.581,358,81.4607,84.2697,356,90.4348,91.3043,345,351,15.3846,0.0
2024-08-01,359,15,5,4.1783,1.3928,299.99,68.5237,60.7242,359,61.7318,66.4804,358,78.3708,81.1798,356,89.5652,91.0145,345,351,7.4074,0.0
2024-08-02,359,13,6,3.6212,1.6713,216.67,53.2033,46.5181,359,50.2793,54.7486,358,71.1485,72.2689,357,88.9855,91.3043,345,351,9.6866,0.2849
2024-08-05,359,0,145,0.0,40.39,0.0,17.5487,16.7131,359,29.0503,26.257,358,50.7003,49.2997,357,84.058,84.6377,345,351,1.1396,1.1396
2024-08-06,359,8,13,2.2284,3.6212,61.54,18.1058,18.3844,359,27.6536,27.6536,358,47.619,46.4986,357,84.058,84.9275,345,351,1.9943,1.1396
2024-08-07,359,51,0,14.2061,0.0,,31.7549,38.1616,359,38.4401,40.39,359,58.2633,59.1036,357,86.087,86.6667,345,351,8.2621,0.2849
2024-08-08,359,12,4,3.3426,1.1142,300.0,30.9192,36.7688,359,37.0474,39.5543,359,53.2213,56.0224,357,84.3478,85.5072,345,351,7.4074,0.2849
2024-08-09,359,18,6,5.0139,1.6713,300.0,38.7187,45.1253,359,42.3398,45.4039,359,55.4622,58.8235,357,84.6377,85.5072,345,351,8.8319,0.2849
2024-08-12,360,21,9,5.8333,2.5,233.33,42.8969,47.6323,359,44.2897,47.6323,359,55.1821,59.3838,357,84.3478,85.2174,345,351,7.6923,0.2849
2024-08-13,360,6,17,1.6667,4.7222,35.29,33.7047,36.7688,359,36.7688,38.9972,359,49.5798,51.8207,357,82.029,82.6087,345,351,3.9886,0.5698
2024-08-14,361,7,6,1.9391,1.662,116.67,33.7047,31.7549,359,34.5404,34.8189,359,46.2185,47.0588,357,81.4493,82.6087,345,351,3.4188,1.1396
2024-08-16,361,34,2,9.4183,0.554,1700.05,54.5961,50.9749,359,47.0752,47.0752,359,50.7003,57.1429,357,83.7681,84.3478,345,351,7.9772,0.0
2024-08-19,361,28,0,7.7562,0.0,,69.0808,63.2312,359,52.0891,55.1532,359,53.5014,60.5042,357,85.2174,86.3768,345,351,10.8262,0.0
2024-08-20,361,23,5,6.3712,1.385,460.01,73.5376,67.688,359,56.546,60.4457,359,55.4622,64.1457,357,85.5072,87.2464,345,351,10.2564,0.0
2024-08-21,361,19,1,5.2632,0.277,1900.07,78.5515,77.4373,359,64.0669,69.0808,359,57.423,67.7871,357,87.2464,87.8261,345,351,12.5356,0.0
2024-08-22,361,13,3,3.6011,0.831,433.35,84.9582,82.4513,359,69.0808,73.2591,359,60.2241,69.4678,357,87.5362,89.5652,345,351,11.6809,0.0
2024-08-23,361,15,1,4.1551,0.277,1500.04,78.0556,72.2222,360,66.2953,69.6379,359,60.2241,69.1877,357,86.3768,87.5362,345,351,10.8262,0.0
2024-08-26,361,19,3,5.2632,0.831,633.36,73.3333,67.7778,360,66.8524,67.688,359,59.944,70.5882,357,86.9565,88.4058,345,351,12.2507,0.0
2024-08-27,361,18,2,4.9861,0.554,900.02,75.0693,72.8532,361,70.4735,69.9164,359,63.8655,71.9888,357,87.2832,89.8844,346,351,11.396,0.0
2024-08-28,361,6,3,1.662,0.831,200.0,69.2521,69.2521,361,70.195,69.9164,359,63.5854,70.3081,357,87.5723,89.8844,346,351,9.4017,0.0
2024-08-29,361,6,3,1.662,0.831,200.0,54.2936,55.1247,361,67.688,63.2312,359,60.2241,67.2269,357,85.8382,89.5954,346,351,5.4131,0.0
2024-08-30,361,22,1,6.0942,0.277,2200.07,58.1717,61.7729,361,68.5237,65.7382,359,64.4258,69.4678,357,86.4162,89.8844,346,351,11.9658,0.0
2024-09-02,1878,64,32,3.4079,1.7039,200.01,56.7867,61.2188,361,71.3092,66.8524,359,65.2661,70.8683,357,87.0317,89.6254,347,351,17.3789,0.0
2024-09-03,1878,81,17,4.3131,0.9052,476.48,62.3269,68.144,361,73.2591,69.3593,359,66.3866,71.9888,357,87.0317,89.9135,347,351,13.3903,0.0
2024-09-04,1873,98,13,5.2322,0.6941,753.81,59.2798,64.2659,361,71.3092,67.9666,359,65.2661,71.7087,357,87.0317,89.9135,347,351,14.8148,0.0
2024-09-05,1852,120,9,6.4795,0.486,1333.23,60.9418,65.097,361,70.195,67.9666,359,66.6667,73.3894,357,87.3199,90.4899,347,351,16.8091,0.0
2024-09-06,1850,43,37,2.3243,2.0,116.22,48.7535,49.0305,361,60.5556,57.5,360,60.2241,64.7059,357,85.0144,88.1844,347,352,5.6818,0.0
2024-09-09,1852,75,40,4.0497,2.1598,187.5,45.4294,47.3684,361,54.7222,53.3333,360,59.3838,65.2661,357,83.8617,86.4553,347,352,6.8182,0.0
2024-09-10,1853,131,12,7.0696,0.6476,1091.66,57.6177,60.3878,361,62.8809,63.1579,361,63.5854,70.5882,357,86.1671,89.049,347,352,9.0909,0.0
2024-09-11,1852,67,39,3.6177,2.1058,171.8,50.4155,52.6316,361,58.4488,56.7867,361,61.4525,66.2011,358,83.5735,87.3199,347,352,6.5341,0.0
2024-09-12,1851,88,15,4.7542,0.8104,586.65,60.1108,63.1579,361,63.1579,63.4349,361,65.0838,70.3911,358,84.438,89.3372,347,352,13.0682,0.0
2024-09-13,1849,112,17,6.0573,0.9194,658.83,62.3157,65.3741,1831,65.928,67.036,361,69.5531,73.1844,358,87.3199,90.4899,347,352,15.625,0.0
2024-09-16,1858,119,18,6.4047,0.9688,661.1,62.5613,63.9782,1835,65.097,68.4211,361,68.4358,73.1844,358,86.1671,90.7781,347,353,11.6147,0.0
2024-09-17,1851,62,31,3.3495,1.6748,199.99,55.6831,56.5574,1830,60.9418,65.651,361,66.7598,70.9497,358,85.879,89.3372,347,353,9.3484,0.0
2024-09-18,1850,65,36,3.5135,1.9459,180.56,46.2589,44.6204,1831,56.5097,57.6177,361,64.8045,67.0391,358,85.0144,87.8963,347,353,7.6487,0.0
2024-09-19,1846,29,96,1.571,5.2004,30.21,35.1204,33.4792,1828,50.4155,52.3546,361,59.3315,62.6741,359,82.4207,85.5908,347,353,3.3994,0.5666
2024-09-20,1844,136,20,7.3753,1.0846,680.0,46.5828,47.731,1829,53.7396,55.1247,361,61.2813,66.0167,359,83.6207,87.069,348,353,9.915,0.0
2024-09-23,1854,128,13,6.904,0.7012,984.6,52.3783,55.6588,1829,60.1108,62.6039,361,63.5097,67.9666,359,85.6734,88.8252,349,353,11.0482,0.0
2024-09-24,1855,82,24,4.4205,1.2938,341.67,51.9126,54.4262,1830,60.3878,63.1579,361,65.1811,68.8022,359,85.9599,88.8252,349,353,9.3484,0.0
2024-09-25,1855,60,24,3.2345,1.2938,250.0,47.2101,49.453,1828,55.6787,59.5568,361,64.0669,66.8524,359,83.9542,87.3926,349,353,5.6657,0.2833
2024-09-26,1854,54,29,2.9126,1.5642,186.2,44.1402,45.8927,1826,52.3546,57.0637,361,65.4596,65.7382,359,83.9542,87.3926,349,353,7.6487,0.2833
2024-09-27,1851,92,36,4.9703,1.9449,255.56,46.4481,47.9781,1830,49.8059,50.6378,1803,64.624,65.7382,359,85.1003,87.106,349,353,6.5156,0.2833
2024-09-30,1863,78,29,4.1868,1.5566,268.97,42.7556,42.8103,1829,47.9801,49.1976,1807,64.3454,64.9025,359,84.8138,87.3926,349,353,7.3654,0.5666
2024-10-01,1862,124,15,6.6595,0.8056,826.65,50.0821,50.52,1827,52.0487,53.4884,1806,65.7382,66.8524,359,84.2407,85.9599,349,353,7.932,0.5666
2024-10-03,1862,50,103,2.6853,5.5317,48.54,27.1632,26.0679,1826,33.8683,32.6508,1807,56.546,57.6602,359,80.5158,83.0946,349,353,3.966,0.8499
2024-10-04,1858,34,61,1.8299,3.2831,55.74,22.3258,21.6676,1823,27.4086,26.1905,1806,49.5822,50.6964,359,78.7966,81.6619,349,354,1.6949,0.8475
2024-10-07,1869,15,624,0.8026,33.3868,2.4,9.7215,9.7761,1831,14.2857,13.6213,1806,35.376,36.2117,359,72.2063,72.4928,349,354,0.565,1.4124
2024-10-08,1911,369,13,19.3093,0.6803,2838.35,19.8785,23.2468,1811,23.0381,25.0,1784,44.0111,46.7967,359,76.7908,79.0831,349,356,3.0899,0.2809
2024-10-09,1914,163,7,8.5162,0.3657,2328.74,32.8185,37.3414,1813,30.3861,33.352,1787,49.0251,51.2535,359,78.7966,80.2292,349,356,4.2135,0.0
2024-10-10,1907,117,20,6.1353,1.0488,584.98,39.2699,41.3164,1808,32.9405,36.6442,1782,49.0251,51.2535,359,78.51,79.0831,349,356,3.6517,0.2809
2024-10-11,1905,87,9,4.5669,0.4724,966.74,45.4395,45.8817,1809,36.3841,40.0337,1781,50.9749,52.6462,359,78.51,79.0831,349,356,3.6517,0.2809
2024-10-14,1920,83,25,4.3229,1.3021,331.99,49.7529,46.5678,1821,38.9821,41.7785,1788,52.6462,54.039,359,78.5714,79.1429,350,356,7.3034,0.5618
2024-10-15,1922,102,22,5.307,1.1446,463.66,53.2931,48.573,1822,41.5316,44.4941,1789,55.9889,56.546,359,78.0,79.7143,350,357,9.5238,0.5602
2024-10-16,1919,108,24,5.6279,1.2507,449.98,59.4227,50.5991,1836,44.0716,46.4206,1788,54.039,57.3816,359,79.1429,78.8571,350,357,6.7227,0.2801
2024-10-17,1913,36,62,1.8819,3.241,58.07,41.5847,33.3333,1830,34.7168,34.4924,1783,47.9109,50.4178,359,76.8571,77.1429,350,357,1.4006,0.8403
2024-10-18,1913,68,25,3.5546,1.3068,272.01,42.1569,33.7146,1836,33.1275,33.8574,1781,46.2396,48.7465,359,76.2857,76.8571,350,357,2.8011,0.5602
2024-10-21,1926,65,132,3.3749,6.8536,49.24,23.7414,21.9396,1887,24.581,24.1899,1790,39.7222,40.2778,360,71.7143,70.5714,350,357,1.4006,1.9608
2024-10-22,1928,12,694,0.6224,35.9959,1.73,8.8889,8.2011,1890,12.493,11.0987,1793,26.9444,27.5,360,62.5714,64.0,350,357,0.0,3.3613
2024-10-23,1925,110,37,5.7143,1.9221,297.29,12.1951,13.6797,1886,15.0363,13.6389,1789,29.0859,29.6399,361,64.5714,65.4286,350,357,2.2409,2.2409
2024-10-24,1922,47,67,2.4454,3.486,70.15,11.5773,13.1705,1883,14.2458,13.743,1790,26.8698,29.0859,361,63.7143,62.2857,350,357,1.6807,1.4006
2024-10-25,1916,14,300,0.7307,15.6576,4.67,7.8711,9.0861,1893,10.5705,10.5145,1788,19.3906,21.8837,361,57.1429,56.0,350,357,0.5602,3.3613
2024-10-28,1924,170,37,8.8358,1.9231,459.46,14.6109,16.4637,1889,14.3653,14.4209,1796,22.7147,25.2078,361,59.7143,59.1429,350,357,1.1204,0.8403
2024-10-29,1924,105,32,5.4574,1.6632,328.13,22.6046,24.9338,1889,18.2071,18.7639,1796,24.9307,28.5319,361,61.4286,60.8571,350,357,3.0812,1.4006
2024-10-30,1923,256,15,13.3125,0.78,1706.73,46.7443,46.3737,1889,29.1644,30.2158,1807,28.5319,32.41,361,62.5714,62.8571,350,357,2.8011,0.2801
2024-10-31,1918,144,15,7.5078,0.7821,959.95,60.8696,56.2566,1886,37.1191,38.338,1805,32.133,40.4432,361,64.5714,66.0,350,357,4.7619,0.0
2024-11-01,1924,98,1,5.0936,0.052,9795.38,80.5277,74.1953,1895,50.4425,51.9912,1808,34.626,43.4903,361,66.2857,67.1429,350,357,3.9216,0.0
2024-11-04,1929,34,85,1.7626,4.4064,40.0,61.2835,41.5045,1901,33.3154,33.0467,1861,29.3629,36.5651,361,60.8571,61.7143,350,357,2.521,0.5602
2024-11-05,1927,101,14,5.2413,0.7265,721.45,68.0694,52.4987,1901,39.4412,40.1934,1861,31.0249,38.7812,361,62.8571,63.7143,350,357,3.0812,0.5602
2024-11-06,1930,205,12,10.6218,0.6218,1708.23,87.0273,79.6218,1904,59.4957,62.1245,1864,37.6731,46.5374,361,66.5714,70.2857,350,357,7.2829,0.0
2024-11-07,1930,77,34,3.9896,1.7617,226.46,77.9296,65.5281,1903,54.6917,53.7802,1865,37.9501,44.5983,361,66.3818,68.9459,351,357,6.1625,0.0
2024-11-08,1928,50,88,2.5934,4.5643,56.82,51.2017,41.2226,1914,42.6518,38.1789,1878,31.5789,39.6122,361,62.963,62.963,351,357,2.2409,0.5602
2024-11-11,1936,53,118,2.7376,6.095,44.92,34.919,32.7757,1913,37.52,32.8366,1879,27.052,29.5954,1730,58.9744,60.114,351,357,1.6807,2.2409
2024-11-12,1939,40,129,2.0629,6.6529,31.01,21.2944,21.4509,1916,28.8451,23.6296,1879,21.8318,23.2143,1736,56.9801,55.8405,351,357,0.5602,1.9608
2024-11-13,1945,19,461,0.9769,23.7018,4.12,8.2899,8.4984,1918,14.9309,11.2115,1882,13.9735,14.9511,1739,49.8575,49.5726,351,357,0.0,4.7619
2024-11-14,1938,99,47,5.1084,2.4252,210.64,12.6107,13.9656,1919,17.9351,15.4337,1879,16.092,17.0115,1740,51.8519,51.567,351,357,0.5602,1.6807
2024-11-18,1967,93,105,4.728,5.3381,88.57,12.0896,14.6952,1919,17.8307,14.9735,1890,15.5172,16.7816,1740,50.7123,49.0028,351,357,0.5602,4.4818
2024-11-19,1967,114,19,5.7956,0.9659,600.02,19.2809,23.5018,1919,22.8858,19.4503,1892,18.0253,19.4604,1742,51.567,51.8519,351,357,1.4006,1.6807
2024-11-21,1966,44,88,2.238,4.4761,50.0,17.3007,19.333,1919,19.4826,18.3738,1894,16.6475,17.9679,1742,48.433,49.8575,351,357,2.521,5.3221
2024-11-22,1963,93,12,4.7376,0.6113,775.0,29.8017,31.6806,1916,25.119,23.321,1891,19.3919,21.4573,1743,51.2821,53.2764,351,357,2.521,0.8403
2024-11-25,1970,178,12,9.0355,0.6091,1483.42,52.371,51.0683,1919,38.4575,37.1368,1893,24.4839,26.6055,1744,55.8405,56.6952,351,358,3.352,0.0
2024-11-26,1968,139,19,7.063,0.9654,731.61,65.4186,59.7504,1923,43.0147,43.0147,1904,26.1044,29.0878,1743,57.5499,57.8348,351,358,3.0726,0.2793
2024-11-27,1969,167,13,8.4815,0.6602,1284.69,79.8857,72.3493,1924,51.918,53.5996,1903,30.7253,34.9515,1751,57.5499,62.3932,351,358,2.2346,0.2793
2024-11-28,1966,96,13,4.883,0.6612,738.51,82.5026,71.8588,1926,54.2827,55.4388,1903,33.0673,36.9441,1754,58.6895,61.8234,351,358,2.2346,0.2793
2024-11-29,1964,94,15,4.7862,0.7637,626.71,86.7082,77.5701,1926,60.7462,62.3752,1903,36.2963,40.057,1755,59.2593,64.9573,351,358,4.7486,0.0
2024-12-02,1979,187,14,9.4492,0.7074,1335.76,86.5473,80.7161,1955,68.7631,68.9203,1908,40.5236,45.1338,1757,59.8291,65.2422,351,358,6.4246,0.0
2024-12-03,1975,143,12,7.2405,0.6076,1191.66,90.4103,87.9487,1950,79.4643,78.6239,1904,47.4615,55.0485,1753,63.8177,68.9459,351,359,6.4067,0.2786
2024-12-04,1975,133,14,6.7342,0.7089,949.95,89.7949,86.7692,1950,81.1975,80.042,1904,52.4702,59.2277,1761,65.5271,72.3647,351,359,6.6852,0.0
2024-12-05,1972,89,11,4.5132,0.5578,809.11,85.9856,85.2669,1948,83.9117,79.5478,1902,56.8672,62.0318,1762,66.9516,72.6496,351,359,6.4067,0.0
2024-12-06,1970,149,7,7.5635,0.3553,2128.76,85.1795,85.6923,1950,86.9474,82.1053,1900,61.0574,64.7527,1759,64.9573,72.6496,351,359,6.4067,0.0
2024-12-09,1988,149,13,7.495,0.6539,1146.2,81.6923,82.7179,1950,87.2173,82.2725,1901,62.6917,65.8717,1761,67.2365,72.0798,351,359,8.9136,0.0
2024-12-10,1987,124,39,6.2406,1.9628,317.94,77.0139,79.528,1949,87.7626,81.4601,1904,65.1163,66.0238,1763,66.9516,71.51,351,359,6.1281,0.0
2024-12-11,1985,109,20,5.4912,1.0076,544.98,74.9872,78.8392,1947,88.1303,80.8298,1904,68.1331,68.8099,1773,68.0912,72.6496,351,359,6.1281,0.0
2024-12-12,1974,58,51,2.9382,2.5836,113.73,56.2436,60.6811,1938,81.6842,70.0526,1900,62.8604,61.7863,1769,66.0969,70.0855,351,359,5.8496,0.0
2024-12-13,1975,66,16,3.3418,0.8101,412.52,48.9775,53.1697,1956,76.3531,64.9501,1903,60.9674,59.3926,1778,64.6724,68.3761,351,359,5.0139,0.0
2024-12-16,1976,130,20,6.5789,1.0121,650.02,51.0235,58.3419,1954,75.4805,67.0649,1925,62.1759,60.4848,1774,65.812,69.2308,351,359,7.7994,0.2786
2024-12-17,1974,76,31,3.8501,1.5704,245.17,36.8798,41.7903,1955,65.9032,55.4399,1921,57.1187,53.9674,1777,62.963,65.2422,351,359,5.571,0.5571
2024-12-18,1975,45,51,2.2785,2.5823,88.24,27.6074,32.3108,1956,50.0,43.5417,1920,51.5102,47.3366,1821,62.1083,63.8177,351,359,4.4568,1.6713
2024-12-19,1974,72,27,3.6474,1.3678,266.66,24.9872,29.2795,1957,42.9614,39.8853,1918,47.8595,42.371,1822,60.6838,61.8234,351,359,4.4568,1.9499
2024-12-20,1972,28,196,1.4199,9.9391,14.29,14.2202,15.9531,1962,26.6806,24.3356,1919,36.5184,32.0703,1821,55.2707,57.8348,351,359,2.507,3.0641
2024-12-23,1984,53,60,2.6714,3.0242,88.33,13.8493,15.835,1964,23.8269,22.9927,1918,35.0549,30.0,1820,54.7009,56.6952,351,359,1.9499,0.8357
2024-12-24,1982,86,17,4.3391,0.8577,505.9,18.1263,20.5193,1964,24.075,24.8567,1919,35.4098,31.0383,1830,53.2764,57.265,351,359,1.6713,0.2786
2024-12-26,1980,58,40,2.9293,2.0202,145.0,17.3293,19.4699,1962,21.4919,23.109,1917,34.1717,29.7977,1829,52.1368,56.6952,351,359,1.9499,1.3928
2024-12-27,1982,72,28,3.6327,1.4127,257.15,21.4686,23.5084,1961,21.7641,25.6785,1916,35.6322,31.0892,1827,52.9915,56.6952,351,359,0.8357,0.5571
2024-12-30,1997,65,94,3.2549,4.7071,69.15,20.458,20.916,1965,19.3282,23.0491,1935,32.6218,28.1883,1827,51.8519,54.7009,351,359,4.1783,1.3928
2024-12-31,1992,89,16,4.4679,0.8032,556.26,29.6315,28.5568,1954,21.8636,27.746,1921,35.7341,29.1413,1805,53.2764,56.9801,351,359,2.7855,1.3928
2025-01-01,1992,158,12,7.9317,0.6024,1316.68,50.9964,46.8063,1957,29.595,38.785,1926,42.2822,35.4465,1814,54.7009,58.6895,351,359,4.4568,0.2786
2025-01-02,1989,99,10,4.9774,0.5028,989.94,68.9831,61.2672,1957,36.7929,50.2854,1927,48.3747,41.1019,1815,56.9801,59.5442,351,360,5.2778,0.2778
2025-01-03,1988,85,8,4.2757,0.4024,1062.55,71.487,59.3255,1957,38.8601,48.4456,1930,48.4865,41.1668,1817,56.9801,60.114,351,360,5.5556,0.5556
2025-01-06,1999,23,661,1.1506,33.0665,3.48,22.5545,16.7765,1973,18.0185,20.4825,1948,29.7802,25.1099,1820,50.4274,52.4217,351,361,1.108,4.4321
2025-01-07,2000,181,12,9.05,0.6,1508.33,37.0183,32.86,1972,27.9774,31.5195,1948,37.1633,31.9956,1819,52.9915,55.5556,351,361,3.0471,1.108
2025-01-08,1996,45,33,2.2545,1.6533,136.36,29.7105,25.5967,1969,24.8588,26.7591,1947,32.5123,28.3525,1827,50.4274,54.1311,351,361,0.831,1.662
2025-01-09,1996,28,80,1.4028,4.008,35.0,22.5937,20.6687,1974,21.2635,21.7771,1947,27.9146,24.6305,1827,49.2877,51.8519,351,361,1.108,3.8781
2025-01-10,1993,13,240,0.6523,12.0421,5.42,12.2161,11.8627,1981,14.4473,13.2648,1945,21.0613,17.8337,1828,45.2991,47.2934,351,361,0.554,6.3712
2025-01-13,2002,13,897,0.6494,44.8052,1.45,6.1368,6.1368,1988,7.4397,7.1832,1949,12.7531,10.8922,1827,37.6068,37.037,351,361,0.0,14.1274
2025-01-14,2002,308,13,15.3846,0.6494,2369.05,8.7437,9.6985,1990,10.6045,9.4775,1952,14.746,12.8345,1831,39.3162,41.3105,351,361,0.0,0.831
2025-01-15,2000,84,32,4.2,1.6,262.5,11.9779,14.2426,1987,12.5,11.8852,1952,15.9103,13.942,1829,39.886,40.7407,351,361,0.277,1.108
2025-01-16,1996,146,10,7.3146,0.501,1460.0,26.5759,29.1982,1983,18.9646,18.8109,1951,18.839,17.6889,1826,41.0256,45.584,351,361,0.554,0.0
2025-01-17,1999,72,19,3.6018,0.9505,378.94,38.1288,34.9095,1988,21.6991,21.4944,1954,20.733,18.6543,1828,42.4501,47.0085,351,361,0.554,0.277
2025-01-20,2005,153,20,7.6309,0.9975,765.0,54.7056,49.6225,1987,29.3367,30.7653,1960,24.6718,22.3195,1828,43.5897,47.8632,351,361,0.277,0.554
2025-01-21,2005,20,110,0.9975,5.4863,18.18,38.0785,28.6217,1988,21.1332,20.2144,1959,19.3213,17.4056,1827,41.5954,44.4444,351,361,0.277,1.9391
2025-01-22,2003,16,121,0.7988,6.0409,13.22,27.7442,17.9255,1986,15.5181,14.8545,1959,16.0744,14.1607,1829,37.6068,40.1709,351,361,0.277,3.6011
2025-01-23,1998,82,22,4.1041,1.1011,372.73,39.5865,25.9708,1983,20.4082,19.5408,1960,17.8591,17.2583,1831,37.8917,40.1709,351,1665,1.0811,6.3664
2025-01-24,1998,19,149,0.951,7.4575,12.75,22.4572,15.3575,1986,14.3075,13.3942,1971,14.4414,13.515,1835,34.7578,35.6125,351,1669,1.7975,17.1959
2025-01-27,2013,11,700,0.5464,34.774,1.57,7.9238,6.6199,1994,8.2828,7.2727,1980,9.1503,8.8235,1836,28.7749,28.7749,351,1671,0.8378,39.2579
2025-01-28,2015,52,199,2.5806,9.8759,26.13,8.7087,8.4585,1998,8.0686,6.8583,1983,8.6207,7.9741,1856,25.3561,25.3561,351,1673,0.9564,33.5326
2025-01-29,2012,440,23,21.8688,1.1431,1913.11,21.0816,24.4867,1997,14.6391,14.1848,1981,11.5965,11.4887,1854,31.0541,32.4786,351,1673,1.9127,4.1243
2025-01-30,2007,98,52,4.8829,2.5909,188.46,26.8574,29.9699,1992,17.5101,16.0931,1976,12.6555,12.3851,1849,32.3864,34.0909,352,1671,2.0347,4.1293
2025-01-31,2007,200,31,9.9651,1.5446,645.16,50.6253,51.7259,1999,32.0869,29.0045,1979,15.2432,16.2703,1850,35.5114,38.9205,352,1671,2.3938,2.5733
2025-02-01,369,34,20,9.2141,5.4201,170.0,51.3587,47.8261,368,38.0435,33.4239,368,19.5055,20.8791,364,27.5862,31.6092,348,357,1.9608,1.6807
2025-02-03,2019,48,228,2.3774,11.2927,21.05,39.8804,35.3938,2006,27.7582,24.6348,1985,15.4258,17.4076,1867,33.5227,34.6591,352,1675,3.0448,7.7612
2025-02-04,2024,153,26,7.5593,1.2846,588.46,56.5174,50.2985,2010,37.8079,33.8864,1989,17.4866,20.9091,1870,33.5227,37.2159,352,1675,2.8657,2.3881
2025-02-05,2025,167,22,8.2469,1.0864,759.1,72.0398,63.4328,2010,48.767,43.4323,1987,20.0642,25.1471,1869,35.7955,41.1932,352,1676,3.58,1.7303
2025-02-06,2024,98,41,4.8419,2.0257,239.02,72.3108,59.0637,2008,49.7485,42.0523,1988,20.5032,23.9829,1868,36.8272,39.3768,353,1683,2.1985,2.3767
2025-02-07,2029,33,67,1.6264,3.3021,49.25,62.5249,47.664,2012,45.103,36.7152,1991,18.9305,21.8182,1870,36.5439,37.6771,353,1687,2.0154,5.572
2025-02-10,2037,12,247,0.5891,12.1257,4.86,32.1765,22.5583,2017,28.6861,21.7151,1994,14.4974,15.8201,1890,31.4448,35.4108,353,1689,2.1314,14.2688
2025-02-11,2039,16,593,0.7847,29.0829,2.7,10.7479,8.8658,2019,13.8138,9.96,1998,10.274,9.7471,1898,24.3626,27.4788,353,1691,0.5914,33.6487
2025-02-12,2037,70,117,3.4364,5.7437,59.83,10.7586,11.1056,2017,14.6219,11.6675,1997,10.3719,10.4767,1909,24.9292,25.2125,353,1691,0.7688,29.5683
2025-02-13,2037,80,80,3.9273,3.9273,100.0,12.593,13.1879,2017,15.3,12.05,2000,10.5373,10.746,1917,23.2295,25.779,353,1697,0.9428,22.1567
2025-02-14,2033,19,626,0.9346,30.7919,3.04,6.6931,7.1889,2017,9.2408,7.4426,2002,7.3069,7.2547,1916,19.5467,19.5467,353,1696,0.9434,44.3986
2025-02-17,2042,61,238,2.9873,11.6552,25.63,7.3653,8.7,2023,10.2692,8.4247,2006,7.8003,7.6443,1923,19.2635,20.9632,353,1696,1.0613,36.7925
2025-02-18,2041,28,318,1.3719,15.5806,8.81,7.5062,8.2469,2025,8.8147,7.6195,2008,7.4324,7.3285,1924,18.6969,19.2635,353,1697,1.0607,44.2546
2025-02-19,2039,428,31,20.9907,1.5204,1380.6,14.7306,17.0539,2023,13.4529,12.4066,2007,9.0531,9.2092,1922,20.1133,22.0963,353,1699,1.9423,7.6516
2025-02-20,2034,226,12,11.1111,0.59,1883.24,30.5981,31.1419,2023,17.6236,16.5751,2003,10.3754,10.8968,1918,21.5297,23.2295,353,1705,1.4663,3.7537
2025-02-21,2026,66,39,3.2577,1.925,169.23,31.4172,25.9663,2018,16.8252,15.5734,1997,10.4548,10.6116,1913,22.0963,23.796,353,1700,1.0588,8.2353
2025-02-24,2037,32,86,1.5709,4.2219,37.21,27.1964,19.003,2026,13.8792,12.8807,2003,9.0909,9.4566,1914,19.5467,22.0963,353,1708,0.9953,16.8618
2025-02-25,2035,48,39,2.3587,1.9165,123.07,25.6296,17.8765,2025,13.4865,12.7373,2002,9.5039,9.765,1915,19.209,22.3164,354,1706,1.6413,19.871
2025-02-27,2037,22,281,1.08,13.7948,7.83,16.2389,11.5499,2026,10.9835,10.3844,2003,8.7591,8.8634,1918,17.5141,19.774,354,1711,0.9936,34.9503
2025-02-28,2037,20,425,0.9818,20.864,4.71,9.5262,6.614,2026,6.1439,6.2937,2002,7.2434,7.1912,1919,14.3258,15.4494,356,1744,0.8601,49.1972
2025-03-03,2046,57,288,2.7859,14.0762,19.79,9.0999,7.0831,2033,5.9672,6.5639,2011,6.7048,6.3929,1924,14.8876,14.8876,356,1747,0.6297,42.988
2025-03-04,2044,150,42,7.3386,2.0548,357.14,15.5665,13.7931,2030,8.8104,9.4077,2009,7.5207,7.6763,1928,15.1685,14.8876,356,1746,0.7446,19.4731
2025-03-05,2042,491,5,24.0451,0.2449,9818.33,36.7176,37.8019,2029,18.1592,18.7562,2010,9.5016,9.7612,1926,17.1348,19.1011,356,1744,0.8028,1.4908
2025-03-06,2035,239,5,11.7445,0.2457,4780.02,62.5803,62.5309,2023,30.0249,29.5262,2005,12.7538,12.962,1921,19.1011,22.191,356,1746,1.0882,0.8591
2025-03-07,2035,156,15,7.6658,0.7371,1039.99,74.3083,69.3676,2024,39.9005,36.7164,2010,14.1152,14.1671,1927,19.3277,22.9692,357,1750,1.2571,0.9714
2025-03-10,2043,25,403,1.2237,19.7259,6.2,48.2776,34.5472,2032,29.0882,22.2002,2018,12.5129,11.9979,1942,18.2073,19.888,357,1749,1.0863,5.203
2025-03-11,2043,46,115,2.2516,5.629,40.0,43.5317,30.7919,2033,28.0832,20.9014,2019,12.5321,12.0185,1947,17.3669,18.7675,357,1750,1.0286,10.9714
2025-03-12,2045,37,78,1.8093,3.8142,47.44,38.3292,26.8796,2035,26.4095,19.4362,2022,12.1601,11.4931,1949,17.0868,18.2073,357,1751,1.1993,14.5631
2025-03-13,2042,34,56,1.665,2.7424,60.71,32.4803,23.1791,2032,24.8638,17.9792,2019,11.8766,10.9512,1945,16.5266,17.9272,357,1758,1.7634,17.975
2025-03-17,2054,52,132,2.5316,6.4265,39.39,31.7025,27.4951,2044,26.1963,20.3256,2027,12.314,11.9035,1949,16.8067,18.7675,357,1760,2.9545,22.6136
2025-03-18,2054,324,22,15.7741,1.0711,1472.7,52.1271,51.9315,2045,45.0739,36.2069,2030,16.7435,15.873,1953,19.3277,22.1289,357,1763,2.8928,2.6659
2025-03-19,2054,352,8,17.1373,0.3895,4399.82,72.8606,76.1369,2045,61.6749,53.399,2030,23.773,23.364,1956,21.2885,27.1709,357,1762,2.7242,0.9081
2025-03-20,2052,122,19,5.9454,0.9259,642.12,77.609,79.2749,2041,66.5187,58.1361,2028,28.6663,28.2064,1957,22.409,29.972,357,1761,2.4418,0.9654
2025-03-21,2051,228,10,11.1165,0.4876,2279.84,85.5392,85.7353,2040,77.5037,70.8436,2027,35.8712,35.1048,1957,26.3305,36.1345,357,1769,1.9785,0.6218
2025-03-24,2060,163,18,7.9126,0.8738,905.54,88.2267,85.7352,2047,81.4469,74.6063,2032,42.3332,40.8049,1963,29.4118,38.9356,357,1767,1.8676,0.9055
2025-03-25,2111,35,257,1.658,12.1743,13.62,71.34,61.7549,2097,68.78,57.5408,2082,36.1681,34.017,1999,28.0112,34.4538,357,1769,1.3002,2.883
2025-03-26,2111,29,233,1.3738,11.0374,12.45,51.5267,44.0363,2096,55.7849,46.4714,2083,32.0,29.45,2000,24.93,31.9328,357,1771,1.0728,6.8888
2025-03-27,2112,129,124,6.108,5.8712,104.03,53.0758,49.9762,2097,58.581,48.466,2086,34.5808,32.3353,2004,27.7311,35.5742,357,1775,1.1831,8.6761
2025-03-28,2114,62,77,2.9328,3.6424,80.52,43.0476,42.6667,2100,54.1707,43.8159,2086,34.5808,31.0878,2004,28.5714,34.1737,357,1774,2.6494,10.0902
2025-04-01,2122,351,40,16.541,1.885,877.51,46.1977,54.135,2104,63.8145,51.2906,2092,35.1096,30.9761,2008,25.2101,32.493,357,1772,2.088,1.9187
2025-04-02,2116,170,10,8.034,0.4726,1699.96,58.2936,69.9237,2098,69.5736,61.7154,2087,41.5216,36.4495,2011,26.6106,35.8543,357,1769,1.5263,0.7349
2025-04-03,2117,217,20,10.2504,0.9447,1085.04,68.078,76.5461,2102,74.3062,69.7129,2090,46.9185,42.6441,2012,29.4118,39.4958,357,1770,1.5819,1.6384
2025-04-04,2115,30,482,1.4184,22.7896,6.22,34.0162,36.6365,2099,46.7657,38.62,2087,32.5385,26.2792,2013,25.2101,33.6134,357,1770,1.0734,5.7627
2025-04-07,2118,10,910,0.4721,42.9651,1.1,10.6838,10.114,2106,18.9952,14.1148,2090,18.5644,13.8614,2020,19.0476,24.93,357,1773,0.564,19.9662
2025-04-08,2119,300,15,14.1576,0.7079,1999.94,28.0361,27.6091,2108,34.9737,27.4247,2093,28.2394,21.3155,2022,22.1289,28.8515,357,1779,1.1242,1.855
2025-04-09,2116,50,95,2.3629,4.4896,52.63,26.2482,24.679,2103,29.7414,24.569,2088,25.26,18.9203,2019,21.2885,27.451,357,1778,1.0686,7.8178
2025-04-11,2110,340,4,16.1137,0.1896,8498.79,48.3071,52.5513,2097,48.1499,45.1706,2081,34.774,28.3159,2013,23.8095,33.6134,357,1775,2.1972,0.5634
2025-04-15,2118,478,4,22.5685,0.1889,11947.33,84.3305,87.1795,2106,73.6337,74.5925,2086,50.7196,43.9206,2015,30.2521,39.2157,357,1788,2.2931,0.1119
2025-04-16,2115,158,15,7.4704,0.7092,1053.36,88.3135,88.7886,2105,78.7254,81.3608,2087,58.1222,50.6706,2013,33.0532,40.3361,357,1787,2.9099,0.2238
2025-04-17,2116,98,14,4.6314,0.6616,700.03,89.4062,88.4561,2105,79.4823,81.4477,2086,61.4811,53.9264,2012,33.6134,41.7367,357,1786,3.2475,0.28
2025-04-21,2103,188,14,8.9396,0.6657,1342.89,93.4481,91.6786,2091,84.5411,87.6329,2070,70.6381,63.659,2006,36.4146,46.2185,357,1783,4.7672,0.2804
2025-04-22,2099,136,19,6.4793,0.9052,715.79,95.3043,92.2377,2087,86.8116,88.3092,2070,75.4491,69.2615,2004,36.8715,48.6034,358,1800,4.1111,0.1667
2025-04-23,2098,96,20,4.5758,0.9533,480.0,93.6242,89.5494,2086,88.4485,88.6419,2069,77.8166,69.1924,2006,37.4302,50.0,358,1811,2.1535,0.1104
2025-04-24,2097,85,30,4.0534,1.4306,283.34,89.5393,86.9482,2084,88.0251,87.3008,2071,78.9133,70.4387,2006,36.5922,51.1173,358,1811,2.2639,0.0552
2025-04-25,2097,15,421,0.7153,20.0763,3.56,53.8314,45.9291,2088,70.9257,62.7772,2074,65.8379,51.2183,2011,32.6816,42.7374,358,1812,1.1038,0.7726
2025-04-28,2104,66,38,3.1369,1.8061,173.68,46.374,49.5229,2096,70.6731,62.5,2080,65.9911,52.3974,2023,32.9609,45.2514,358,1813,1.5996,0.717
2025-04-29,2102,50,28,2.3787,1.3321,178.57,40.2672,48.4256,2096,67.8692,59.8846,2079,66.436,50.8156,2023,33.5196,44.1341,358,1830,1.9126,0.8743
2025-04-30,2104,17,115,0.808,5.4658,14.78,23.3667,29.6614,2097,50.1199,42.7338,2085,57.2768,40.2565,2027,31.2849,41.6201,358,1839,1.3051,1.6857
2025-05-02,2097,38,32,1.8121,1.526,118.75,21.6061,28.4895,2092,46.1058,39.8558,2080,56.4787,39.2186,2022,30.9192,41.2256,359,1851,1.5127,1.4587
2025-05-05,2111,137,21,6.4898,0.9948,652.37,32.3823,45.7917,2103,55.7416,52.1053,2090,63.6902,46.1273,2027,33.4262,43.7326,359,1860,1.5591,0.8065
2025-05-06,377,3,49,0.7958,12.9973,6.12,21.2202,27.5862,377,41.1141,38.4615,377,58.2447,41.4894,376,25.6267,31.7549,359,370,1.0811,2.7027
2025-05-07,378,23,2,6.0847,0.5291,1150.01,33.9523,41.6446,377,51.1936,47.7454,377,62.766,50.266,376,27.8552,36.4903,359,370,2.973,1.3514
2025-05-08,378,6,11,1.5873,2.9101,54.54,25.4642,28.9125,377,38.7268,37.1353,377,53.0504,40.5836,377,25.6267,32.5905,359,370,0.8108,2.7027
2025-05-09,378,9,4,2.381,1.0582,225.0,25.1989,25.9947,377,35.809,33.9523,377,50.3979,38.1963,377,23.3983,32.5905,359,370,1.0811,2.973
2025-05-12,378,159,1,42.0635,0.2646,15897.01,74.5358,78.5146,377,66.5782,72.679,377,74.5358,65.5172,377,31.7549,44.2897,359,370,2.1622,0.0
2025-05-13,378,19,3,5.0265,0.7937,633.3,78.5146,76.6578,377,64.9867,75.3316,377,77.1883,66.0477,377,32.5905,45.6825,359,370,2.7027,0.0
2025-05-14,378,35,1,9.2593,0.2646,3499.36,83.0239,82.2281,377,71.8833,80.9019,377,80.9019,74.8011,377,35.376,49.8607,359,370,3.5135,0.0
2025-05-15,378,20,3,5.291,0.7937,666.62,83.0239,81.9629,377,75.8621,80.9019,377,81.9629,76.9231,377,37.0474,53.4819,359,372,3.4946,0.0
2025-05-16,378,38,4,10.0529,1.0582,950.0,84.8806,83.0239,377,78.2493,83.2891,377,83.8196,80.9019,377,38.9972,57.9387,359,373,1.3405,0.0
2025-05-19,378,13,3,3.4392,0.7937,433.31,90.4762,82.8042,378,79.0451,83.0239,377,84.3501,83.0239,377,42.0613,59.8886,359,373,2.1448,0.0
2025-05-20,378,6,15,1.5873,3.9683,40.0,79.6296,70.6349,378,75.3316,76.9231,377,79.0451,77.1883,377,39.5543,53.7604,359,374,0.8021,0.2674
2025-05-21,378,16,4,4.2328,1.0582,400.0,81.746,75.1323,378,76.3926,77.7188,377,81.6976,80.3714,377,42.8969,55.4318,359,374,2.4064,0.0
2025-05-22,378,11,4,2.9101,1.0582,275.0,73.545,70.3704,378,74.5358,74.5358,377,80.3714,76.9231,377,42.0613,55.1532,359,374,2.4064,0.2674
2025-05-23,378,9,2,2.381,0.5291,450.01,69.8413,71.164,378,76.6578,76.3926,377,79.5756,77.9841,377,44.0111,58.2173,359,374,2.4064,0.2674
2025-05-26,378,16,3,4.2328,0.7937,533.3,69.0476,73.0159,378,76.6578,76.9231,377,79.3103,77.9841,377,44.2897,58.4958,359,374,2.139,0.2674
2025-05-27,378,9,7,2.381,1.8519,128.57,66.9312,69.8413,378,77.9841,75.8621,377,78.7798,77.7188,377,45.961,60.4457,359,374,2.6738,0.0
2025-05-28,378,16,1,4.2328,0.2646,1599.7,62.6984,67.4603,378,76.9231,72.4138,377,75.8621,74.2706,377,45.961,61.0028,359,374,3.7433,0.0
2025-05-29,379,15,0,3.9578,0.0,,67.1958,67.7249,378,75.3316,72.4138,377,75.8621,73.4748,377,47.6323,62.3955,359,374,2.9412,0.0
2025-05-30,379,26,13,6.8602,3.4301,200.0,62.4339,63.7566,378,73.4748,70.557,377,75.5968,74.0053,377,45.5556,60.5556,360,374,3.7433,0.5348
2025-06-02,379,15,6,3.9578,1.5831,250.0,63.4921,64.2857,378,76.9841,71.6931,378,76.3926,74.0053,377,46.3889,60.2778,360,374,3.4759,0.0
2025-06-03,381,10,4,2.6247,1.0499,250.0,56.0847,57.9365,378,71.164,66.9312,378,74.0053,71.8833,377,46.2604,58.1717,361,374,2.6738,0.2674
2025-06-04,381,18,2,4.7244,0.5249,900.06,63.4921,64.5503,378,74.6032,69.5767,378,74.2706,74.5358,377,46.5374,60.1108,361,374,3.7433,0.5348
2025-06-05,381,16,0,4.1995,0.0,,62.4339,66.6667,378,71.9577,71.4286,378,75.0663,74.2706,377,49.0305,61.2188,361,374,4.5455,0.0
2025-06-06,381,21,4,5.5118,1.0499,524.98,68.5185,71.164,378,74.3386,73.545,378,76.3926,77.1883,377,50.4155,62.8809,361,374,2.6738,0.0
2025-06-09,381,17,0,4.4619,0.0,,74.6032,78.836,378,79.3651,79.6296,378,80.3714,80.3714,377,54.5706,66.205,361,374,4.8128,0.0
2025-06-10,381,6,0,1.5748,0.0,,76.2533,77.0449,379,79.1005,78.5714,378,80.3714,80.6366,377,54.0166,67.59,361,374,3.7433,0.2674
2025-06-11,381,9,3,2.3622,0.7874,300.0,69.1293,71.504,379,75.9259,75.9259,378,79.0451,79.3103,377,55.1247,67.867,361,374,3.7433,0.0
2025-06-12,381,4,7,1.0499,1.8373,57.14,41.4248,41.1609,379,59.2593,61.6402,378,74.5358,72.679,377,50.9695,63.1579,361,374,2.139,0.2674
2025-06-13,381,4,2,1.0499,0.5249,200.02,34.3832,34.3832,381,51.0582,53.7037,378,71.0875,68.7003,377,49.5845,60.6648,361,374,1.6043,0.2674
2025-06-16,381,7,0,1.8373,0.0,,40.1575,42.7822,381,54.4974,56.8783,378,71.3528,70.8223,377,51.2465,62.3269,361,374,2.139,0.0
2025-06-17,381,6,3,1.5748,0.7874,200.0,29.9213,36.7454,381,45.5026,47.619,378,68.1698,64.4562,377,49.8615,60.3878,361,374,1.6043,0.2674
2025-06-18,381,3,1,0.7874,0.2625,299.96,26.7717,33.3333,381,42.8571,42.5926,378,66.5782,61.008,377,49.3075,58.7258,361,374,1.3369,0.2674
2025-06-19,381,0,9,0.0,2.3622,0.0,15.2231,18.6352,381,28.3069,29.8942,378,55.4377,51.1936,377,43.7673,51.2465,361,374,0.8021,0.8021
2025-06-20,2044,81,15,3.9628,0.7339,539.96,60.2577,64.3707,2018,67.0335,67.0835,1999,73.9175,66.9588,1940,50.6925,57.8947,361,1802,7.6582,2.3862
2025-06-23,2049,67,27,3.2699,1.3177,248.15,62.5433,65.6111,2021,68.0819,67.4326,2002,73.9063,66.701,1943,53.0387,61.6022,362,1816,5.3414,1.5969
2025-06-24,2049,92,17,4.49,0.8297,541.16,69.634,72.2057,2022,71.2931,71.9421,2003,76.6581,71.1054,1945,54.6961,63.5359,362,1822,4.9945,0.8782
2025-06-25,2052,153,9,7.4561,0.4386,1699.98,79.4554,79.7525,2020,75.2624,77.8611,2001,79.6811,75.7202,1944,58.8398,66.0221,362,1821,5.162,0.2746
2025-06-26,2048,62,13,3.0273,0.6348,476.89,80.4563,79.4643,2016,75.2747,77.972,2002,80.1233,76.2712,1947,59.116,67.1271,362,1824,5.7566,0.6031
2025-06-27,2046,88,16,4.3011,0.782,550.01,81.1911,79.3548,2015,74.2386,79.4309,2003,81.0159,76.706,1949,59.116,68.5083,362,1824,5.2083,0.8224
2025-06-30,2052,111,16,5.4094,0.7797,693.78,83.2261,80.5542,2021,75.2115,80.3883,2009,81.5251,77.2774,1954,61.0497,68.5083,362,1828,5.1422,0.4923
2025-07-01,2052,77,25,3.7524,1.2183,308.0,81.8722,78.3556,2019,75.4736,78.9631,2006,81.1572,77.3682,1953,59.3923,67.4033,362,1827,4.8714,0.4926
2025-07-02,2050,49,22,2.3902,1.0732,222.72,75.5214,72.7905,2014,74.414,77.0574,2005,80.5128,75.8462,1950,59.116,66.5746,362,1825,2.6301,0.6575
2025-07-03,2045,67,10,3.2763,0.489,670.0,66.7984,72.5296,2024,74.85,77.95,2000,81.0797,76.0925,1945,59.9448,68.7845,362,1824,3.5088,0.4934
2025-07-04,2045,63,18,3.0807,0.8802,350.0,65.0715,73.261,2027,75.988,77.8889,1999,80.6684,77.2751,1945,60.8815,68.3196,363,1825,3.6164,0.6027
2025-07-07,2051,64,27,3.1204,1.3164,237.04,53.1695,65.3071,2035,73.9781,74.8255,2006,79.5082,75.4611,1952,60.6061,66.9421,363,1834,2.0174,0.9269
2025-07-08,2050,54,16,2.6341,0.7805,337.49,49.1409,60.5302,2037,74.2643,73.1172,2005,79.1091,74.6032,1953,61.4325,68.595,363,1838,2.6659,0.9249
2025-07-09,2049,77,8,3.7579,0.3904,962.58,47.5676,61.9656,2035,74.1018,72.7046,2004,79.6107,75.5123,1952,63.6364,69.9725,363,1837,2.1775,0.871
2025-07-10,2041,72,10,3.5277,0.49,719.94,43.7315,59.3287,2026,74.4489,73.5471,1996,79.0746,75.4242,1945,62.259,68.3196,363,1840,2.0652,0.9239
2025-07-11,2036,38,22,1.8664,1.0806,172.72,34.3719,42.5321,2022,66.4992,65.7459,1991,77.6235,72.2737,1944,60.8815,66.9421,363,1845,2.6558,0.9214
2025-07-14,2052,70,17,3.4113,0.8285,411.74,37.0461,43.9156,2038,61.6534,63.994,2008,76.0347,71.1293,1957,61.4325,68.0441,363,1858,3.606,1.2379
2025-07-15,2052,99,9,4.8246,0.4386,1100.0,53.4804,61.5196,2040,68.859,71.6991,2007,78.8452,74.8595,1957,65.5647,71.6253,363,1861,3.1166,0.806
2025-07-16,2047,90,12,4.3967,0.5862,750.03,58.9303,64.6222,2038,67.2156,74.3014,2004,80.1636,77.6074,1956,66.3912,72.1763,363,1858,3.3369,0.4306
2025-07-17,2048,62,12,3.0273,0.5859,516.69,58.7426,62.3772,2036,62.5496,73.8591,2016,80.0,77.3913,1955,67.4931,72.1763,363,1860,3.6022,0.4839
2025-07-18,2050,45,19,2.1951,0.9268,236.85,49.7544,50.9332,2036,54.2121,65.114,2018,77.4936,74.3223,1955,65.2893,71.0744,363,1863,2.5765,0.5904
2025-07-21,2055,60,34,2.9197,1.6545,176.47,49.2647,49.6078,2040,51.8537,63.3218,2023,76.3507,72.8848,1962,65.2893,71.0744,363,1867,3.3744,0.8034
2025-07-22,2054,57,22,2.7751,1.0711,259.09,44.0628,43.8665,2038,46.5679,58.6667,2025,75.102,70.4592,1960,65.0138,68.8705,363,1867,4.6063,0.8034
2025-07-23,2053,46,27,2.2406,1.3151,170.37,47.18,47.0329,2039,46.7391,59.3874,2024,74.2347,68.8265,1960,64.7383,67.7686,363,1867,4.6063,1.0712
2025-07-24,2052,46,33,2.2417,1.6082,139.39,40.4318,40.2846,2038,43.1537,52.6446,2023,71.7347,66.5306,1960,64.4628,68.0441,363,1868,2.5696,1.3919
2025-07-25,2052,22,89,1.0721,4.3372,24.72,21.8627,22.402,2040,29.0657,33.3663,2023,63.386,56.2978,1961,60.0551,61.9835,363,1870,1.4439,1.8182
2025-07-28,2057,33,112,1.6043,5.4448,29.46,15.3884,16.4143,2047,22.5012,24.2738,2031,55.2337,48.1707,1968,55.3719,57.8512,363,1875,1.5467,3.04
2025-07-29,2056,121,11,5.8852,0.535,1100.04,21.3587,25.2688,2046,28.3677,31.8584,2034,58.5997,52.8158,1971,59.5041,59.5041,363,1878,3.1416,1.4909
2025-07-30,2059,84,29,4.0797,1.4085,289.65,27.672,31.4788,2049,29.9951,34.5115,2037,59.2799,53.9047,1972,58.6777,60.8815,363,1878,3.1416,1.3845
2025-07-31,2061,50,49,2.426,2.3775,102.04,22.3902,25.561,2050,25.4786,29.406,2037,55.4992,50.3294,1973,56.7493,57.3003,363,1879,2.661,1.9159
2025-08-01,2063,30,118,1.4542,5.7198,25.42,16.2689,17.4866,2053,19.6858,21.5513,2037,46.913,41.1943,1976,51.7906,52.3416,363,1885,1.2732,3.2891
2025-08-04,2080,94,42,4.5192,2.0192,223.81,24.1896,25.5443,2067,24.0234,27.7344,2048,49.4716,45.4957,1987,54.5455,55.6474,363,1890,2.381,2.9101
2025-08-05,2083,48,36,2.3044,1.7283,133.33,24.6251,25.9797,2067,24.6462,27.8673,2049,46.4789,43.4105,1988,53.719,54.27,363,1893,2.1659,2.8526
2025-08-06,386,5,12,1.2953,3.1088,41.67,19.4805,17.4026,385,18.5379,21.4099,383,31.3984,33.5092,379,46.832,46.5565,363,377,0.7958,3.183
2025-08-07,2085,53,48,2.542,2.3022,110.42,22.954,20.5811,2065,19.5705,22.1571,2049,37.3112,36.3545,1986,51.7906,50.1377,363,1892,2.4313,5.2326
2025-08-08,2084,44,75,2.1113,3.5988,58.67,19.2736,17.1429,2065,15.9102,17.7648,2049,31.1401,28.88,1991,36.8869,35.9712,1529,1893,2.113,5.2826
2025-08-11,2095,78,58,3.7232,2.7685,134.48,25.3262,23.5379,2069,19.6498,22.0331,2056,32.8321,33.1328,1995,37.5244,36.9381,1535,1896,1.5295,4.5886
2025-08-12,2095,68,47,3.2458,2.2434,144.68,27.0179,25.3262,2069,20.3596,24.0525,2058,32.3986,32.649,1997,38.4115,37.1745,1536,1896,1.4768,3.6392
2025-08-13,2093,100,46,4.7778,2.1978,217.39,38.4244,35.6694,2069,24.0759,28.5019,2056,33.9519,37.4624,1994,38.972,38.5817,1537,1893,2.0602,3.2224
2025-08-14,2094,39,73,1.8625,3.4862,53.42,37.2947,30.9662,2070,22.1682,25.8629,2057,30.981,35.6356,1998,38.6615,37.7518,1539,1892,1.5856,4.3869
2025-08-18,2103,150,26,7.1327,1.2363,576.94,50.9851,46.6122,2081,33.5106,38.0561,2068,37.7866,41.7248,2006,40.6879,40.0389,1541,1898,3.0032,2.1075
2025-08-19,2104,121,13,5.751,0.6179,930.73,64.2206,58.9448,2085,41.4693,46.1576,2069,42.0738,46.3111,2006,42.7644,42.3102,1541,1900,3.1579,0.6316
2025-08-20,2107,107,12,5.0783,0.5695,891.71,70.1965,64.2549,2087,47.3201,48.9136,2071,43.669,47.9561,2006,43.9845,43.5317,1546,1901,2.7354,0.4734
2025-08-21,2105,61,23,2.8979,1.0926,265.23,70.5122,60.6032,2089,49.6858,50.0242,2069,43.3915,48.1796,2005,43.7621,43.5682,1547,1902,2.4711,0.6835
2025-08-22,2105,54,20,2.5653,0.9501,270.0,62.7273,52.0096,2090,47.8744,44.2029,2070,39.6114,46.0887,2007,44.093,42.6727,1549,1905,2.7297,0.8924
2025-08-25,2122,70,35,3.2988,1.6494,200.0,59.6874,52.1554,2111,50.024,46.0911,2085,39.8612,45.6619,2017,43.8743,42.4631,1559,1916,2.8184,1.357
2025-08-26,2121,26,75,1.2258,3.5361,34.67,35.3751,29.4872,2106,35.4808,29.4231,2080,30.154,35.6682,2013,40.0384,38.8213,1561,1917,1.3563,3.4429
2025-08-28,2126,33,66,1.5522,3.1044,50.0,25.2252,22.7122,2109,29.2027,24.4957,2082,24.9752,28.7413,2018,37.9156,36.1893,1564,1920,2.6562,4.1146
2025-08-29,2123,56,22,2.6378,1.0363,254.54,23.066,22.6863,2107,28.8526,24.0518,2083,24.8512,28.2738,2016,37.1648,35.5045,1566,1923,3.0161,3.4321
2025-09-01,2135,132,13,6.1827,0.6089,1015.39,35.8491,40.3774,2120,40.0763,34.3989,2096,28.233,35.1925,2026,40.3576,38.5696,1566,1931,4.0911,1.6572
2025-09-02,2132,106,24,4.9719,1.1257,441.67,45.283,50.6132,2120,47.9714,40.2864,2095,31.1275,38.9216,2040,42.5938,40.6866,1573,1929,2.0736,0.9331
2025-09-03,2132,108,10,5.0657,0.469,1080.11,58.7182,63.9962,2122,57.5036,49.6427,2099,34.476,45.9354,2042,44.8954,42.993,1577,1931,3.7286,0.725
2025-09-04,2133,44,32,2.0628,1.5002,137.5,50.0707,49.9764,2121,52.2608,43.9315,2101,32.8439,43.2697,2043,44.0785,42.1153,1579,1932,3.3126,1.294
2025-09-05,2128,83,14,3.9004,0.6579,592.86,54.3006,51.0397,2116,51.1429,43.4762,2100,33.5291,42.5844,2043,44.4023,41.9987,1581,1930,3.7824,1.1917
2025-09-08,2147,116,19,5.4029,0.885,610.5,60.4782,54.8992,2133,54.3478,48.2042,2116,35.3913,45.1142,2057,45.0063,42.9204,1582,1938,4.386,0.9288
2025-09-09,2211,78,33,3.5278,1.4925,236.37,61.4579,55.0342,2195,55.1376,49.2202,2180,36.4154,46.0882,2109,44.4934,42.7313,1589,1979,4.0424,1.4654
2025-09-10,2211,99,24,4.4776,1.0855,412.49,69.6859,64.6336,2197,61.3407,58.3563,2178,43.0062,51.6833,2109,46.7549,45.0536,1587,1980,2.0707,0.5556
2025-09-11,2210,57,21,2.5792,0.9502,271.44,66.697,63.2393,2198,62.2876,59.7611,2177,43.614,52.7909,2114,46.8887,45.0031,1591,1982,1.9677,0.8577
2025-09-12,2211,60,16,2.7137,0.7237,374.98,60.8735,61.192,2198,61.955,58.8343,2179,45.7979,53.2106,2118,47.7687,45.8202,1591,1984,2.9738,0.8569
2025-09-15,2233,92,14,4.12,0.627,657.1,63.1769,64.9368,2216,65.1184,62.8871,2196,48.5246,55.5972,2135,48.7131,46.8927,1593,1991,2.3606,1.0045
2025-09-16,2232,85,14,3.8082,0.6272,607.17,68.7726,70.8935,2216,69.0487,67.3191,2197,53.4176,59.8315,2136,50.4321,48.3951,1620,1992,4.2169,0.8032
2025-09-17,2234,82,20,3.6705,0.8953,409.97,71.744,72.2848,2219,72.0909,70.8182,2200,56.7213,62.7635,2135,51.7263,50.0,1622,1994,3.009,0.6018
2025-09-18,2231,67,20,3.0031,0.8965,334.98,70.7185,70.7185,2213,72.8806,70.1459,2194,58.4507,62.6761,2130,51.8816,49.599,1621,1989,2.1619,0.8044
2025-09-19,2230,67,22,3.0045,0.9865,304.56,66.5914,66.5914,2215,71.7282,67.7611,2193,58.4977,61.9718,2130,52.5894,49.9383,1622,1989,2.7652,0.905
2025-09-22,2250,71,47,3.1556,2.0889,151.07,53.8048,53.8048,2234,63.8048,59.0149,2213,53.5349,57.1628,2150,50.7683,48.3712,1627,2001,3.3983,1.5992
2025-09-23,2250,66,26,2.9333,1.1556,253.83,44.6285,46.7771,2234,59.7924,53.565,2216,53.0916,55.5091,2151,49.9693,46.9037,1631,2002,4.0959,1.8482
2025-09-24,2247,51,32,2.2697,1.4241,159.38,34.3946,35.7399,2230,51.444,45.5325,2216,48.8372,51.6744,2150,47.9779,45.4044,1632,2004,2.5449,2.1956
2025-09-25,2246,37,35,1.6474,1.5583,105.72,25.6387,27.5213,2231,41.0916,36.175,2217,43.2822,43.7471,2151,46.6952,42.9621,1634,2004,1.8962,2.5948
2025-09-26,2249,15,125,0.667,5.558,12.0,14.1003,14.5927,2234,24.0757,21.7313,2218,31.2906,29.48,2154,42.0538,35.8802,1636,2009,1.6924,4.878
2025-09-29,2255,67,60,2.9712,2.6608,111.67,15.5049,17.3816,2238,22.9073,21.6922,2222,31.6667,29.6759,2160,41.3415,35.7927,1640,2016,3.2738,4.4643
2025-09-30,2258,47,34,2.0815,1.5058,138.23,17.7837,21.3584,2238,23.5268,23.4818,2223,31.3744,29.8936,2161,42.5091,36.2972,1642,2017,2.3302,3.5697
2025-10-01,2261,140,10,6.192,0.4423,1399.95,27.577,33.378,2241,31.1461,32.5393,2225,39.1767,38.1129,2162,44.2214,39.9027,1644,2018,3.4192,1.338
2025-10-03,2254,130,11,5.7675,0.488,1181.86,42.6141,50.4476,2234,38.0695,42.7605,2217,44.2691,43.4339,2155,46.2287,42.0316,1644,2019,3.3185,0.9411
2025-10-06,2278,87,35,3.8191,1.5364,248.57,48.071,47.7605,2255,39.1246,43.6356,2239,46.3415,44.3626,2173,45.9246,41.8491,1644,2033,4.3286,2.1643
2025-10-07,2279,65,31,2.8521,1.3602,209.68,49.0248,45.3457,2256,38.4993,42.9209,2239,46.0405,44.8895,2172,46.5215,41.5003,1653,2037,3.6328,2.8964
2025-10-08,2278,93,22,4.0825,0.9658,422.71,45.8537,38.714,2255,33.5864,39.1246,2239,44.4751,41.6667,2172,44.6191,40.9311,1654,2040,3.4314,3.5784
2025-10-09,2278,91,47,3.9947,2.0632,193.62,49.1571,42.9459,2254,38.9808,42.6017,2237,47.235,43.871,2170,45.6798,41.571,1655,2041,3.2337,2.8417
2025-10-10,2276,82,30,3.6028,1.3181,273.33,58.5442,50.9099,2253,42.774,47.6063,2235,48.7535,45.7064,2166,46.3768,42.029,1656,2042,2.4486,1.4202
2025-10-13,2294,58,42,2.5283,1.8309,138.09,45.6828,39.207,2270,36.4889,40.3111,2250,45.8964,41.8157,2181,44.5783,40.6024,1660,2055,3.2117,2.9197
2025-10-14,2293,46,79,2.0061,3.4453,58.23,32.3063,28.6092,2272,29.3149,31.3612,2248,40.5405,36.9217,2183,43.2351,38.0036,1663,2055,2.5791,5.7908
2025-10-15,2288,94,29,4.1084,1.2675,324.13,40.2026,40.775,2271,37.1492,38.5746,2245,44.1082,40.3026,2181,44.5312,40.024,1664,2055,2.9684,3.8929
2025-10-16,2287,82,27,3.5855,1.1806,303.7,46.5106,47.5707,2264,41.7484,43.5326,2242,46.6055,43.3945,2180,46.5186,41.5966,1666,2055,2.8224,1.9951
2025-10-17,2289,47,49,2.0533,2.1407,95.92,41.218,40.2913,2266,39.0994,39.2778,2243,43.8902,40.0915,2185,45.6509,41.2118,1667,2058,3.3042,3.8873
2025-10-20,2301,100,42,4.3459,1.8253,238.09,48.4636,47.4539,2278,44.0994,44.055,2254,46.3326,42.5513,2195,46.5589,42.31,1671,2062,4.3647,2.6188
2025-10-21,2293,61,1,2.6603,0.0436,6101.61,64.2889,63.1,2271,53.2918,52.0907,2248,49.7715,47.4863,2188,47.8704,43.2513,1667,2056,4.1829,0.535
2025-10-23,2297,86,48,3.744,2.0897,179.16,59.0949,55.6239,2276,53.4636,50.3108,2252,50.364,47.3157,2198,47.9665,43.6005,1672,2068,2.853,0.8221
2025-10-24,2301,52,23,2.2599,0.9996,226.08,52.2178,48.397,2277,50.7549,46.1812,2252,48.2476,45.5166,2197,47.9067,42.4641,1672,2068,1.499,1.6925
2025-10-27,2304,76,36,3.2986,1.5625,211.11,56.0228,50.4599,2283,51.6158,47.7202,2259,48.6597,46.7515,2201,48.8955,43.7015,1675,2072,4.5849,1.9305
2025-10-28,2301,60,34,2.6076,1.4776,176.48,52.1263,47.6545,2281,50.7972,46.4128,2258,48.0236,46.07,2201,48.1306,43.4421,1685,2073,3.5215,2.1225
2025-10-29,2291,91,26,3.9721,1.1349,350.0,60.7567,58.293,2273,56.7688,54.5051,2253,51.6629,50.7062,2195,49.8826,45.1878,1704,2070,4.8792,1.4493
2025-10-30,2287,57,20,2.4923,0.8745,285.0,54.2418,53.978,2275,54.0853,52.087,2252,51.323,50.7755,2192,49.4718,44.777,1704,2069,2.465,1.4016
2025-10-31,2285,42,28,1.8381,1.2254,150.0,43.717,42.7504,2276,48.7111,45.4222,2250,48.518,46.7852,2193,48.0352,42.9326,1705,2068,2.3211,2.0309
2025-11-03,2288,93,35,4.0647,1.5297,265.72,47.8966,48.6854,2282,53.3451,50.5095,2257,50.9786,49.7952,2197,48.8359,44.2957,1718,2075,3.759,2.3133
2025-11-04,2288,39,27,1.7045,1.1801,144.44,35.4231,36.0368,2281,43.4898,40.2569,2258,46.7668,44.8543,2196,47.487,42.1722,1731,2075,2.5542,3.0843
2025-11-06,2288,40,151,1.7483,6.5997,26.49,23.4443,21.823,2282,30.0266,27.1922,2258,38.7067,37.0219,2196,43.887,38.3506,1734,2075,1.4458,6.4096
2025-11-07,2288,68,40,2.972,1.7483,169.99,26.0832,26.477,2285,31.8142,30.354,2260,38.5909,37.3182,2200,44.6429,38.7673,1736,2076,2.7457,5.973
2025-11-10,2299,77,91,3.3493,3.9582,84.62,28.5028,31.2527,2291,32.3776,34.1861,2267,38.1621,37.4378,2209,43.8254,38.4836,1741,2080,2.3077,5.9615
2025-11-11,2298,66,58,2.8721,2.5239,113.8,31.0179,34.2071,2289,34.4508,34.2303,2267,38.66,37.4378,2209,43.6716,38.4265,1754,2081,2.2585,5.9587
2025-11-12,2294,105,29,4.5772,1.2642,362.06,41.5937,44.8336,2284,40.8127,41.0777,2264,40.907,40.8163,2205,44.4129,39.5916,1763,2076,3.42,2.7938
2025-11-13,2294,72,53,3.1386,2.3104,135.85,40.2979,41.2615,2283,39.3551,39.5318,2264,39.5644,39.2922,2204,44.4382,39.4382,1780,2078,2.3099,4.7161
2025-11-14,2298,77,47,3.3507,2.0453,163.82,41.0503,41.0941,2285,39.5861,40.1145,2271,38.8662,39.6825,2205,44.581,38.8268,1790,2095,3.3413,4.5346
2025-11-17,2307,101,48,4.378,2.0806,210.42,46.0297,44.808,2292,42.3313,43.4706,2282,40.9481,41.3544,2215,45.6921,39.4664,1799,2104,4.6578,5.038
2025-11-18,2308,45,41,1.9497,1.7764,109.76,38.1929,35.7486,2291,35.4641,36.0771,2284,38.4928,38.2671,2216,43.5841,37.8872,1808,2108,2.2296,6.167
2025-11-19,2308,55,43,2.383,1.8631,127.91,38.821,36.2445,2290,36.1087,36.766,2282,37.861,37.861,2216,43.4399,37.1003,1814,2113,3.6441,6.7676
2025-11-20,2312,49,29,2.1194,1.2543,168.97,36.5737,33.6966,2294,35.5799,35.93,2285,37.6746,37.6746,2219,42.5509,37.0533,1819,2115,3.7825,7.0449
2025-11-21,2312,39,41,1.6869,1.7734,95.12,25.0871,24.3467,2296,29.2395,28.8024,2288,32.7477,32.2523,2220,40.1428,35.475,1821,2114,1.2299,9.4607
2025-11-24,2315,41,140,1.7711,6.0475,29.29,18.2332,18.973,2298,24.2901,24.3338,2289,29.5362,29.6713,2221,38.3855,33.2784,1821,2116,1.087,12.3819
2025-11-25,2314,72,24,3.1115,1.0372,299.99,20.7572,22.8895,2298,25.6119,25.9615,2288,29.838,29.973,2222,38.715,33.7727,1821,2120,1.5094,7.8302
2025-11-26,2318,95,13,4.0984,0.5608,730.81,38.4181,40.8518,2301,34.0035,35.4458,2288,34.6067,35.191,2225,41.0636,36.8421,1824,2127,4.1373,2.4918
2025-11-27,2322,56,20,2.4117,0.8613,280.01,38.8624,38.8189,2303,34.3094,34.5717,2288,33.8129,34.8921,2224,41.3793,36.0153,1827,2132,4.0338,3.5178
2025-11-28,2320,63,26,2.7155,1.1207,242.3,41.225,39.9218,2302,34.5582,35.0831,2286,34.7278,35.2227,2223,40.7549,35.9956,1828,2130,3.662,4.6009
2025-12-01,2327,69,45,2.9652,1.9338,153.34,41.3345,38.1282,2308,33.7118,34.4105,2290,34.2588,34.3484,2233,40.1201,36.19,1832,2132,2.8612,6.1914
2025-12-02,2354,34,40,1.4444,1.6992,85.0,34.4459,30.2953,2337,31.277,30.4573,2318,32.6693,32.9349,2259,40.1849,35.1278,1839,2149,1.6287,7.7711
2025-12-03,2354,19,45,0.8071,1.9116,42.22,27.3738,23.8666,2338,25.7981,24.5902,2318,29.8805,29.4821,2259,38.8708,34.5277,1842,2149,1.2564,9.8651
2025-12-04,2353,36,30,1.53,1.275,120.0,28.9812,24.8288,2336,25.6366,25.0324,2317,29.938,29.318,2258,38.4699,33.6408,1843,2149,1.4891,8.7948
2025-12-05,2351,45,41,1.9141,1.7439,109.76,30.3082,27.7397,2336,27.2649,25.8412,2318,29.7297,28.7107,2257,37.8042,33.5316,1849,2149,2.094,10.2373
2025-12-08,2357,25,256,1.0607,10.8613,9.77,14.0111,13.0713,2341,15.6129,15.3118,2325,22.649,21.0155,2265,34.6092,29.434,1855,2154,1.2071,17.5023
2025-12-09,2362,140,15,5.9272,0.6351,933.27,20.2132,20.9382,2345,19.0804,19.4242,2327,24.5483,23.3583,2269,35.7719,30.6079,1859,2158,1.2048,5.8851
2025-12-10,2364,60,31,2.5381,1.3113,193.56,20.9114,20.9966,2348,17.7911,17.9201,2327,22.7753,21.674,2270,35.2309,30.0752,1862,2160,1.1111,5.8333
2025-12-11,2363,85,15,3.5971,0.6348,566.65,28.3035,28.7298,2346,22.8719,23.1298,2326,25.8917,25.6715,2271,35.676,30.9549,1864,2160,1.6667,3.6574
2025-12-12,2361,98,14,4.1508,0.593,699.97,45.9044,43.8993,2344,30.895,31.7556,2324,28.974,29.6786,2271,37.3927,32.5644,1864,2161,3.1004,2.7765
2025-12-15,2370,85,23,3.5865,0.9705,369.55,52.3424,47.9557,2348,34.3066,33.7913,2329,29.1301,30.3603,2276,38.0365,32.9399,1864,2161,3.0079,3.0541
2025-12-16,2368,41,33,1.7314,1.3936,124.24,40.5026,34.6252,2348,28.8536,27.6943,2329,27.141,27.8876,2277,36.9577,31.6551,1867,2161,1.2957,5.0902
2025-12-17,2370,38,62,1.6034,2.616,61.29,32.0426,25.8723,2350,24.3243,22.4367,2331,24.6161,25.8008,2279,35.8137,30.6745,1868,2161,1.851,8.3295
2025-12-18,2370,50,36,2.1097,1.519,138.89,29.5145,24.6167,2348,23.8627,22.0172,2330,23.0026,24.3196,2278,35.546,29.3897,1868,2160,1.8056,9.1204
2025-12-19,2374,103,19,4.3387,0.8003,542.13,53.322,44.293,2348,33.891,32.8185,2331,27.8387,29.11,2281,37.5534,32.2115,1872,2162,1.5264,2.9602
2025-12-22,2379,128,19,5.3804,0.7987,673.64,67.0488,63.3546,2355,48.5445,46.1473,2336,32.0507,33.9746,2287,38.3387,33.3333,1878,2166,3.9705,1.4774
2025-12-23,2380,73,23,3.0672,0.9664,317.38,68.7023,66.1154,2358,53.4018,51.4763,2337,33.8287,36.4073,2288,39.2667,34.4846,1882,2165,3.6952,1.5242
2025-12-24,2376,64,16,2.6936,0.6734,400.0,61.9027,58.8737,2344,51.8057,49.3981,2326,33.3333,35.8399,2274,38.6959,33.6718,1871,2156,3.1076,2.18
2025-12-26,2374,66,27,2.7801,1.1373,244.45,52.6877,47.9096,2344,47.7625,41.6523,2324,32.0863,34.1109,2272,38.6424,32.4425,1871,2158,3.2437,3.4754
2025-12-29,2379,46,60,1.9336,2.5221,76.67,38.8275,34.6644,2354,39.1845,33.3047,2330,28.8032,31.7405,2281,37.2863,31.3568,1872,2162,1.6651,5.6429
2025-12-30,2379,57,43,2.396,1.8075,132.56,37.8827,34.1412,2352,39.3991,34.1631,2330,29.0407,30.6614,2283,36.4411,31.1668,1877,2165,2.1709,5.8199
2025-12-31,2382,90,21,3.7783,0.8816,428.57,56.4701,55.4518,2357,55.6555,47.0865,2334,34.7617,35.4176,2287,38.6823,32.6249,1882,2171,3.1783,2.0267
2026-01-01,2384,69,20,2.8943,0.8389,345.01,54.1296,53.4096,2361,55.1798,47.988,2336,35.5332,36.2762,2288,39.0981,32.679,1885,2177,3.537,2.113
2026-01-02,2381,114,14,4.7879,0.588,814.27,67.0618,70.1524,2362,67.1667,59.9657,2333,40.1575,42.126,2286,40.8271,35.2068,1886,2174,7.7277,0.92
2026-01-05,2390,65,39,2.7197,1.6318,166.67,55.2976,55.8886,2369,59.6409,51.9025,2339,40.3226,41.1072,2294,41.0365,35.431,1891,2183,5.6344,2.8401
2026-01-06,2388,47,28,1.9682,1.1725,167.86,47.173,46.4135,2370,52.6923,46.5385,2340,38.7435,38.6562,2292,39.5987,35.0581,1894,2180,5.2752,4.3119
2026-01-07,2389,83,21,3.4743,0.879,395.26,50.5665,49.6013,2383,53.2196,47.9318,2345,40.2966,40.471,2293,40.4536,35.6013,1896,2181,4.3558,3.2554
2026-01-08,2385,14,152,0.587,6.3732,9.21,26.5435,24.9055,2381,35.0256,29.8635,2344,31.3264,30.8028,2292,36.1814,32.2785,1896,2183,0.9162,8.612
2026-01-09,2385,18,115,0.7547,4.8218,15.65,15.7563,14.6639,2380,22.89,18.7127,2346,24.0401,23.0366,2292,33.9662,29.0612,1896,2185,0.8696,14.3249
2026-01-12,2393,66,84,2.758,3.5102,78.57,14.8117,15.523,2390,21.2288,18.3898,2360,23.1405,21.7921,2299,32.156,27.8861,1897,2192,2.4635,15.8759
2026-01-13,2392,70,24,2.9264,1.0033,291.68,17.0783,19.4224,2389,22.128,20.8139,2359,24.1079,22.4108,2298,32.5973,28.4437,1902,2198,2.0928,10.7825
2026-01-14,2391,86,29,3.5968,1.2129,296.55,19.6062,22.7063,2387,24.0356,22.9334,2359,25.5115,23.9878,2297,32.9653,28.4963,1902,2196,3.3242,10.0638
2026-01-15,360,0,0,0.0,0.0,,21.3889,26.1111,360,27.5766,28.6908,359,30.4843,27.9202,351,32.6409,30.5638,337,347,0.5764,2.8818
2026-01-16,2393,74,43,3.0924,1.7969,172.1,22.4362,25.0314,2389,23.6464,23.3503,2364,24.3807,23.2508,2301,31.8993,27.6495,1906,2199,2.5921,11.9145
2026-01-19,2401,46,101,1.9159,4.2066,45.55,18.2463,19.7077,2395,19.0817,19.4187,2374,21.5771,19.974,2308,30.4348,25.7727,1909,2203,2.542,19.2919
2026-01-20,2400,29,432,1.2083,18.0,6.71,9.8621,9.4442,2393,10.8393,10.8393,2371,14.1743,13.2206,2307,25.9937,21.5481,1912,2205,2.1315,27.3469
2026-01-21,2401,64,171,2.6656,7.122,37.43,9.5696,9.2353,2393,9.6462,10.0674,2374,12.9549,12.305,2308,25.117,19.5528,1923,2210,2.0814,25.0679
2026-01-22,2397,202,65,8.4272,2.7117,310.77,20.2177,19.5061,2389,15.0714,15.911,2382,16.1024,15.6684,2304,27.183,22.4012,1924,2209,1.177,6.2019
2026-01-23,2396,61,230,2.5459,9.5993,26.52,14.3216,13.4003,2388,11.5449,12.3006,2382,13.2264,12.4024,2306,24.351,19.3146,1926,2209,0.9959,18.2888
2026-01-27,2407,108,89,4.4869,3.6975,121.35,16.8544,16.8961,2397,12.2543,13.509,2391,14.0882,13.656,2314,24.8705,20.2073,1930,2213,2.0786,18.6173
2026-01-28,2407,382,22,15.8704,0.914,1736.37,36.1853,35.3088,2396,19.7742,23.704,2392,18.7311,18.1269,2317,27.0607,23.3281,1929,2213,3.7506,3.7958
2026-01-29,2407,149,77,6.1903,3.199,193.51,37.2132,34.0426,2397,19.9833,23.5786,2392,19.1544,18.2485,2318,27.588,23.3437,1932,2214,3.8392,8.3559
2026-01-30,2406,188,105,7.8138,4.3641,179.05,50.0209,43.179,2397,25.345,29.3601,2391,21.9586,21.3115,2318,28.2462,24.6249,1933,2214,1.3098,4.2909
2026-02-02,2411,80,92,3.3181,3.8158,86.96,36.7304,27.4126,2404,18.5309,19.783,2396,17.6698,15.9931,2326,26.6391,21.3216,1937,2220,0.9459,9.2793
2026-02-03,2412,563,16,23.3416,0.6633,3519.01,72.7764,65.0457,2406,45.1398,48.3938,2397,29.5787,31.3414,2326,31.7337,28.6894,1938,2222,1.7552,2.0252
2026-02-04,2411,271,60,11.2401,2.4886,451.66,79.1355,74.522,2406,56.9879,58.4898,2397,35.3674,36.2699,2327,33.1961,29.5934,1943,2224,2.6978,1.1691
2026-02-05,2410,75,102,3.112,4.2324,73.53,70.6445,62.3701,2405,52.7546,50.5843,2396,32.832,32.5312,2327,32.0493,28.4027,1947,2224,1.7536,2.1583
2026-02-06,2410,71,89,2.9461,3.6929,79.78,67.6642,58.4372,2406,53.7145,49.3322,2396,32.9897,32.8179,2328,31.6573,28.0657,1949,2225,1.7079,3.4157
2026-02-09,2414,425,22,17.6056,0.9114,1931.71,79.402,77.1595,2408,71.1009,66.9725,2398,45.3728,45.4156,2334,34.7336,32.0697,1952,2227,3.9066,1.1675
2026-02-10,2411,161,40,6.6777,1.6591,402.49,80.6318,79.468,2406,75.0731,71.5658,2395,50.729,49.5712,2332,35.9959,33.3333,1953,2226,3.3693,0.9434
2026-02-11,2413,105,75,4.3514,3.1082,140.0,75.1973,72.6215,2407,73.2888,67.3205,2396,50.0,48.887,2336,35.9591,33.1458,1955,2227,3.8617,1.6614
2026-02-12,2412,71,117,2.9436,4.8507,60.68,63.1338,59.8919,2406,68.197,59.182,2396,46.0616,44.0068,2336,34.2011,31.7509,1959,2230,2.9596,3.4529
2026-02-13,2411,44,182,1.825,7.5487,24.18,40.0665,37.3649,2406,54.424,42.571,2396,37.27,33.8896,2337,31.9572,29.7655,1962,2231,1.4343,5.2443
2026-02-16,2416,61,126,2.5248,5.2152,48.41,32.6276,35.824,2409,51.6451,40.8163,2401,35.1709,33.6325,2340,31.4852,29.9084,1966,2234,2.8648,6.2668
2026-02-17,2414,118,23,4.8882,0.9528,513.04,38.388,45.3261,2407,57.2262,46.0641,2401,38.6917,36.7678,2339,32.8077,30.6205,1966,2235,3.4004,2.5503
2026-02-18,2414,79,27,3.2726,1.1185,292.59,43.724,49.4597,2406,59.1004,49.1462,2401,41.9658,39.7863,2340,33.6377,31.3546,1971,2237,3.9785,2.9057
2026-02-19,2417,44,63,1.8204,2.6065,69.84,25.5814,28.9452,2408,44.5046,35.2206,2402,34.3284,32.1962,2345,30.8704,28.4919,1976,2241,1.4726,5.7564
2026-02-20,2417,56,38,2.3169,1.5722,147.37,27.1482,33.4994,2409,44.5878,36.8859,2402,34.5974,32.7226,2347,30.9717,29.1498,1976,2243,2.2737,6.2862
2026-02-23,2419,74,59,3.0591,2.439,125.42,29.917,36.3071,2410,43.368,38.3368,2405,35.4743,33.4326,2351,31.064,29.9546,1983,2249,3.068,7.2921
2026-02-24,2419,31,112,1.2815,4.63,27.68,25.2387,27.6048,2409,33.3611,31.0316,2404,31.1942,28.8568,2353,29.1561,27.8929,1979,2253,2.9294,12.2947
2026-02-25,2422,65,56,2.6837,2.3121,116.07,31.3693,32.9046,2410,36.0915,34.4283,2405,33.4322,31.8644,2360,30.3734,28.5066,1982,2257,3.1015,9.6145
2026-02-26,2420,80,30,3.3058,1.2397,266.66,37.2508,37.4169,2408,36.5793,36.2464,2403,34.2094,32.1323,2359,30.5093,29.1478,1983,2257,3.6331,7.0891
2026-02-27,2419,53,78,2.191,3.2245,67.95,29.3483,29.2237,2409,29.7252,30.1832,2402,30.2671,28.8258,2359,28.4205,27.3642,1988,2258,1.6829,9.8317
2026-03-02,2425,63,340,2.5979,14.0206,18.53,16.335,15.2156,2412,18.4123,19.1604,2406,23.2558,21.0994,2365,23.9076,22.451,1991,2263,1.3699,20.6805
2026-03-04,2428,55,303,2.2652,12.4794,18.15,10.5263,10.3191,2413,12.7651,12.7651,2405,18.5732,16.8003,2369,19.9699,18.9162,1993,2263,0.707,25.2762
2026-03-05,2429,133,24,5.4755,0.9881,554.14,17.0257,17.5228,2414,16.9301,18.0948,2404,20.7348,19.848,2368,22.2334,20.6309,1997,2266,1.5446,10.15
2026-03-06,2423,68,50,2.8064,2.0636,136.0,16.196,16.4037,2408,15.9783,16.9796,2397,19.763,18.7474,2363,20.5912,19.4389,1996,2260,1.6814,12.4779
2026-03-09,2434,23,336,0.9449,13.8044,6.84,10.0455,9.9628,2419,11.8721,12.1627,2409,15.2201,13.6688,2385,17.8963,16.5503,2006,2273,0.8359,27.4527
2026-03-10,2433,300,22,12.3305,0.9042,1363.69,23.026,23.6875,2419,16.8605,19.0615,2408,19.9497,18.5666,2386,19.9005,19.1045,2010,2274,1.3632,6.1126
2026-03-11,2435,93,59,3.8193,2.423,157.63,25.5266,24.8245,2421,17.4346,19.2196,2409,19.2372,18.2313,2386,19.642,18.5977,2011,2274,1.4512,7.9595
2026-03-12,2436,73,57,2.9967,2.3399,128.07,26.2092,24.9277,2419,18.6955,19.3187,2407,19.7402,18.1475,2386,19.1067,18.0149,2015,2281,1.5344,11.1355
2026-03-13,2436,24,422,0.9852,17.3235,5.69,13.766,10.3762,2419,10.7232,9.7672,2406,14.0042,12.4528,2385,16.2537,14.9653,2018,2282,0.745,25.1534
2026-03-16,2440,48,156,1.9672,6.3934,30.77,11.7938,8.866,2425,8.6235,8.7065,2412,12.8978,10.9296,2388,16.0732,14.9357,2022,2287,0.6559,26.0166
2026-03-17,2439,122,30,5.0021,1.23,406.67,18.1706,14.6271,2427,10.8299,11.3278,2410,14.6209,13.1965,2387,16.8562,15.917,2023,2285,0.7002,15.8425
2026-03-18,2439,358,11,14.6781,0.451,3254.57,41.5397,36.9699,2429,19.5688,22.2222,2412,18.4596,16.869,2389,18.4911,18.2446,2028,2288,0.8741,2.0979
2026-03-19,2436,24,336,0.9852,13.7931,7.14,18.7629,15.1753,2425,11.7891,11.457,2409,12.9979,10.566,2385,15.7065,14.9188,2031,2288,0.5682,16.4773
2026-03-20,2434,110,30,4.5193,1.2325,366.68,27.1452,22.5248,2424,16.3968,16.1063,2409,15.3943,13.6326,2384,16.0433,15.6496,2032,2287,0.8745,11.0188
2026-03-23,2441,8,1111,0.3277,45.5141,0.72,7.8221,6.4224,2429,7.1636,6.2112,2415,9.2127,7.1189,2388,12.5613,12.0216,2038,2289,0.6116,37.9205
2026-03-24,2441,326,39,13.3552,1.5977,835.9,19.1358,16.5844,2430,12.6294,11.8012,2415,12.2697,10.3015,2388,14.4188,13.9284,2039,2289,0.7864,9.917
2026-03-25,2440,235,25,9.6311,1.0246,939.99,43.7911,38.8569,2432,21.4818,20.7781,2416,15.4941,13.861,2388,16.4953,15.7122,2043,2290,0.9607,4.3231
2026-03-27,2444,41,747,1.6776,30.5646,5.49,19.7698,16.1529,2433,13.5762,12.293,2416,12.2278,10.6784,2388,14.3625,14.1182,2047,2290,1.0917,26.5066
2026-03-30,2450,37,881,1.5102,35.9592,4.2,10.6601,9.6351,2439,9.455,8.5054,2422,10.5263,8.8555,2394,12.3842,11.9454,2051,2293,0.8722,41.7793
2026-04-01,2449,1311,8,53.5321,0.3267,16385.71,43.6244,43.8704,2439,23.8449,21.0396,2424,14.7808,14.0292,2395,14.7589,15.1486,2053,2293,1.0031,0.6978
2026-04-02,2453,240,31,9.7839,1.2638,774.17,54.6945,53.2595,2439,32.7565,29.3778,2427,16.2636,15.7214,2398,14.5012,14.6959,2055,2295,1.0893,1.22
2026-04-06,2455,290,13,11.8126,0.5295,2230.9,80.0,74.7131,2440,46.3344,42.71,2428,20.0917,19.8416,2399,15.8074,16.3424,2056,2297,1.0448,0.7401
2026-04-07,2455,176,14,7.169,0.5703,1257.06,83.1148,76.4344,2440,54.9609,50.3911,2429,23.6667,23.7917,2400,16.9582,16.7638,2058,2299,1.3484,0.5655
2026-04-08,2453,1027,16,41.8671,0.6523,6418.38,95.123,94.0984,2440,88.3443,87.1087,2428,41.3678,45.8716,2398,20.7382,21.7581,2059,2298,1.7842,0.3046
2026-04-09,2453,121,38,4.9327,1.5491,318.42,94.2213,92.2541,2440,86.2794,83.56,2427,42.5354,45.4545,2398,20.8637,21.5429,2061,2298,2.0453,0.3046
2026-04-10,2454,284,9,11.5729,0.3667,3155.96,96.146,95.244,2439,92.2982,89.3328,2428,56.7139,60.5088,2398,23.8488,25.4968,2063,2301,2.9552,0.2173
2026-04-13,2458,117,55,4.76,2.2376,212.73,94.4376,91.2065,2445,91.1221,86.231,2433,52.875,56.4167,2400,23.632,25.2785,2065,2303,2.3882,0.2171
2026-04-15,2457,440,9,17.908,0.3663,4888.89,97.3437,96.2403,2447,95.8898,93.9581,2433,69.6123,75.4064,2399,28.0904,30.5916,2079,2306,3.686,0.1301
2026-04-16,2456,156,17,6.3518,0.6922,917.62,95.9526,95.7073,2446,96.0132,93.9992,2433,74.4787,78.8574,2398,29.9038,32.3077,2080,2306,3.9029,0.1301
2026-04-17,2404,202,9,8.4027,0.3744,2244.31,96.372,96.9141,2398,96.8094,95.7599,2382,79.0123,84.1209,2349,32.9746,36.3992,2044,2260,4.646,0.1327
2026-04-20,2504,103,68,4.1134,2.7157,151.47,91.1287,92.2532,2401,96.0554,93.3277,2383,75.9677,79.8384,2351,32.472,35.6412,2051,2262,3.3156,0.3095
2026-04-21,2507,136,40,5.4248,1.5955,340.01,88.8287,91.6632,2399,95.8456,92.992,2383,81.0983,82.2052,2349,34.4878,38.0,2050,2263,3.6677,0.4419
2026-04-22,2502,151,28,6.0352,1.1191,539.29,85.213,90.1003,2394,95.7948,91.8839,2378,81.058,82.9352,2344,35.826,39.6383,2046,2260,4.6018,0.2655
2026-04-23,2496,108,45,4.3269,1.8029,240.0,72.3315,81.1218,2389,94.5263,87.7053,2375,76.6994,78.1103,2339,34.9486,37.9344,2043,2255,3.1486,0.133
2026-04-24,2487,46,123,1.8496,4.9457,37.4,45.9505,58.4138,2383,88.5606,77.2478,2369,70.21,68.6241,2333,32.4841,34.5909,2041,2251,2.1324,0.6664
2026-04-27,2484,268,15,10.789,0.6039,1786.55,63.388,77.6377,2379,91.6667,86.4213,2364,77.7921,76.4605,2328,36.0118,38.8045,2041,2250,4.0444,0.3111
2026-04-28,2480,99,32,3.9919,1.2903,309.38,54.5914,69.2081,2374,87.4312,79.9831,2363,76.3972,73.6028,2326,36.7777,38.8345,2042,2249,3.735,0.2223
2026-04-29,2476,89,40,3.5945,1.6155,222.5,52.7625,67.8617,2371,85.1397,79.8052,2362,77.7012,73.913,2323,36.1452,38.4993,2039,2249,3.7795,0.2223
2026-04-30,2456,53,53,2.158,2.158,100.0,40.6715,55.1211,2353,77.3038,74.4454,2344,75.5748,70.1952,2305,35.2564,38.0178,2028,2233,2.5078,0.4478
2026-05-01,367,0,0,0.0,0.0,,45.2316,56.6757,367,72.4796,70.5722,367,75.2044,68.9373,367,42.0,44.8571,350,365,3.0137,0.5479
2026-05-04,2459,204,36,8.2961,1.464,566.67,52.982,66.3807,2448,77.4372,78.0758,2349,78.7787,73.1485,2309,38.1469,40.759,2029,2236,4.2039,0.4025
2026-05-05,400,11,9,2.75,2.25,122.22,54.25,62.25,400,71.0,72.5,400,76.75,71.25,400,42.7083,46.6146,384,398,6.2814,0.0
2026-05-06,2453,214,20,8.724,0.8153,1070.04,71.0139,77.8005,2446,81.9267,85.2941,2346,85.0694,81.2066,2304,42.8501,44.7732,2028,2232,6.138,0.3136
2026-05-07,2454,229,11,9.3317,0.4482,2082.04,78.8485,83.0543,2449,84.9105,88.0648,2346,87.5976,84.3886,2306,46.0364,47.9567,2031,2234,7.7887,0.0895
2026-05-08,2450,135,47,5.5102,1.9184,287.23,74.1817,75.9002,2444,78.7698,83.7676,2341,86.1051,81.98,2303,46.1045,48.2742,2028,2232,5.4211,0.0896
2026-05-11,2453,78,150,3.1798,6.115,52.0,52.1242,51.0212,2448,63.3219,69.0009,2342,80.9544,73.2755,2305,42.4347,43.6175,2029,2234,3.2677,0.3133
2026-05-12,2443,32,534,1.3099,21.8584,5.99,25.0513,23.6572,2439,36.6125,40.633,2338,69.7391,56.9565,2300,34.515,35.4013,2031,2231,1.1654,1.3447
2026-05-13,2437,157,50,6.4423,2.0517,314.0,29.0999,30.4562,2433,39.2535,45.6027,2331,72.874,58.4387,2293,36.1084,36.8966,2030,2225,2.2022,1.3483
2026-05-14,2433,92,44,3.7813,1.8085,209.08,30.313,33.8138,2428,39.08,47.5064,2326,73.0568,58.3406,2290,37.2597,37.4569,2029,2224,3.0576,1.0342
2026-05-15,2424,68,94,2.8053,3.8779,72.34,26.0223,29.8224,2421,34.8857,42.4752,2319,71.4849,55.9352,2283,35.919,36.0178,2024,2223,2.5641,0.7647
2026-05-18,2422,65,151,2.6837,6.2345,43.05,19.1736,22.314,2420,26.6293,31.8084,2317,63.5846,46.2314,2282,32.7569,33.3992,2024,2224,2.2032,1.1691
2026-05-19,2463,144,22,5.8465,0.8932,654.56,26.1276,33.1166,2461,33.9191,40.2942,2447,67.1828,50.4086,2325,34.2272,35.2511,2051,2261,2.521,1.0615
2026-05-20,2462,104,36,4.2242,1.4622,288.89,30.638,36.2048,2461,35.0183,42.8863,2453,67.2251,50.7302,2328,34.4055,35.3801,2052,2264,2.606,1.0159
2026-05-21,2461,131,32,5.323,1.3003,409.37,41.5685,44.6973,2461,38.907,46.8189,2452,68.844,53.6743,2327,35.3801,36.4035,2052,2267,3.573,0.7499
2026-05-22,2462,86,56,3.4931,2.2746,153.57,50.5285,48.6992,2460,40.2608,48.8998,2454,69.7724,54.3152,2329,36.0448,36.9703,2053,2266,2.6037,0.9267
2026-05-25,2466,188,40,7.6237,1.6221,469.99,66.8021,63.3076,2461,52.6895,61.3284,2454,75.988,61.8127,2328,39.4161,40.6326,2055,2266,3.8835,0.3972
2026-05-26,2465,112,59,4.5436,2.3935,189.83,64.2131,60.7971,2459,53.5263,60.2935,2453,74.8065,60.963,2326,39.9221,41.1879,2054,2275,4.2637,0.6593
2026-05-27,2463,152,52,6.1713,2.1112,292.31,66.0562,60.7245,2457,55.814,61.0771,2451,75.5269,61.8925,2325,41.1765,42.1001,2057,2274,5.8927,0.6596
2026-05-28,400,0,0,0.0,0.0,,67.25,60.25,400,52.75,60.25,400,72.0,64.0,400,47.1503,49.7409,386,400,5.25,0.25
2026-05-29,2461,109,157,4.4291,6.3795,69.43,50.489,42.8688,2454,44.2583,49.0396,2447,69.1613,55.0538,2325,38.5326,38.3868,2058,2272,3.081,1.7606
2026-06-01,2462,87,184,3.5337,7.4736,47.28,35.6415,31.0794,2455,34.1224,37.7959,2450,61.8393,48.2596,2327,36.3769,36.2797,2059,2274,2.5066,1.5391
2026-06-02,2458,141,31,5.7364,1.2612,454.84,41.6157,39.1269,2451,39.1091,43.0732,2447,63.065,51.2699,2323,37.6579,37.9009,2058,2272,3.125,0.8803
2026-06-03,2453,80,62,3.2613,2.5275,129.03,36.7948,35.9362,2446,36.1293,39.4026,2444,59.888,48.729,2321,36.9956,37.8221,2057,2268,3.2628,1.7196
2026-06-04,2452,134,28,5.4649,1.1419,478.58,39.3047,40.7771,2445,40.8347,43.5352,2444,59.8018,49.763,2321,38.622,38.525,2061,2269,3.5258,1.2781
2026-06-05,2443,107,42,4.3799,1.7192,254.76,39.0894,40.9352,2438,41.4614,43.2266,2436,60.5616,50.2376,2315,38.7567,38.6595,2059,2261,2.5652,0.9288
2026-06-08,2446,50,175,2.0442,7.1545,28.57,23.7004,24.4372,2443,30.2421,29.8318,2437,47.1755,37.7318,2319,35.2399,34.8037,2063,2267,1.8527,2.1614
2026-06-09,2443,208,30,8.5141,1.228,693.33,38.3449,41.2946,2441,41.5366,40.8792,2434,54.8512,47.4342,2319,38.6518,38.0698,2062,2265,3.1347,1.4128
2026-06-10,2441,58,105,2.3761,4.3015,55.24,29.7375,29.4504,2438,33.4842,32.7026,2431,46.3099,39.577,2317,36.7961,35.6796,2060,2262,1.9452,1.5473
2026-06-11,2433,42,93,1.7263,3.8224,45.16,23.8996,23.1592,2431,27.1977,27.0739,2423,39.2378,35.0801,2309,33.9815,33.3009,2057,2255,1.8625,2.4834
2026-06-12,2430,348,12,14.321,0.4938,2900.16,55.8072,56.5486,2428,47.7076,49.2772,2421,51.9497,48.8735,2308,39.2701,39.4161,2055,2250,3.0667,0.4
2026-06-15,2428,214,18,8.8138,0.7414,1188.8,74.4847,76.0923,2426,63.456,65.3576,2419,62.4783,60.4419,2308,43.2393,43.1907,2056,2250,4.0,0.1778
2026-06-16,2431,105,27,4.3192,1.1107,388.87,75.6379,75.5556,2430,66.5566,68.0429,2422,62.8571,63.6364,2310,43.9534,43.9048,2059,2253,3.1957,0.3551
2026-06-17,2427,115,25,4.7384,1.0301,459.99,77.3702,74.2374,2426,67.5765,69.8098,2418,62.8299,65.2099,2311,45.2867,44.4121,2058,2252,4.4849,0.5329
2026-06-18,2420,119,19,4.9174,0.7851,626.34,77.8651,74.5552,2417,70.2781,71.648,2409,64.568,66.3048,2303,46.3225,45.9815,2053,2246,5.3874,0.3117
2026-06-19,2415,129,21,5.3416,0.8696,614.26,77.529,71.5174,2412,69.4929,69.5345,2406,63.4465,66.7102,2298,46.6797,46.9238,2048,2244,5.9715,0.4902
2026-06-22,2419,157,21,6.4903,0.8681,747.64,78.2195,75.4037,2415,73.2172,73.5489,2412,66.275,70.235,2298,49.3418,49.5368,2051,2245,6.4588,0.4009
2026-06-23,2411,55,64,2.2812,2.6545,85.94,64.9086,60.3821,2408,66.4033,64.4075,2405,60.6193,63.5848,2293,47.2887,46.6536,2047,2240,2.8571,1.2946
2026-06-24,2408,86,39,3.5714,1.6196,220.51,62.3544,61.1481,2404,67.3469,64.1816,2401,60.4712,64.1798,2292,48.1951,48.2927,2050,2239,3.707,0.7146
2026-06-25,2406,54,73,2.2444,3.0341,73.97,46.836,48.8759,2402,60.9167,56.875,2400,56.9432,61.048,2290,46.6081,46.7057,2049,2237,2.9504,0.8941
2026-06-26,400,0,0,0.0,0.0,,44.0,50.75,400,64.75,59.5,400,59.25,65.0,400,50.1292,52.4548,387,400,1.75,0.25
2026-06-29,2404,71,77,2.9534,3.203,92.21,35.2377,40.3253,2398,54.0067,48.9149,2396,53.0594,55.5507,2288,45.4279,44.4988,2045,2234,4.1629,1.1638
2026-06-30,2406,119,24,4.946,0.9975,495.84,39.8581,46.828,2396,58.4378,54.1771,2394,54.9628,57.4989,2287,47.0905,46.4059,2045,2233,5.0605,1.433
2026-07-01,2407,111,35,4.6115,1.4541,317.14,45.7167,52.9461,2393,60.0753,56.9398,2392,56.5807,59.9913,2287,47.9452,47.3092,2044,2233,4.0752,1.4778
2026-07-02,2396,134,16,5.5927,0.6678,837.48,57.5681,62.9769,2385,65.6171,63.56,2382,59.7706,63.6788,2354,49.9263,49.5823,2035,2223,5.623,0.4498
2026-07-03,2384,84,41,3.5235,1.7198,204.88,59.8139,63.9594,2364,64.1254,62.4735,2361,60.1709,63.6325,2340,50.2231,50.1735,2017,2205,5.1247,0.4989
2026-07-06,2386,97,43,4.0654,1.8022,225.58,56.6962,59.6958,2367,62.2091,59.7122,2363,59.4872,62.5641,2340,50.1487,50.5946,2018,2205,5.2154,0.6803
2026-07-07,2382,39,66,1.6373,2.7708,59.09,51.3754,50.2751,2363,56.6766,54.2179,2359,57.5887,59.2988,2339,48.9109,48.7624,2020,2203,3.2683,0.8625
2026-07-08,2378,36,162,1.5139,6.8124,22.22,23.7389,22.8063,2359,34.5223,32.3142,2355,46.3383,46.8522,2335,43.0342,42.8855,2017,2198,1.9108,1.6833
2026-07-09,2374,173,12,7.2873,0.5055,1441.6,39.1932,40.4246,2355,44.1089,45.1723,2351,52.0378,53.2819,2331,46.0317,45.4365,2016,2195,4.0091,0.7289
2026-07-10,2370,130,14,5.4852,0.5907,928.59,57.8656,58.9286,2352,54.5183,57.8005,2346,58.4622,60.3093,2328,48.6862,48.6366,2017,2193,5.2896,0.2736
2026-07-13,2378,122,18,5.1304,0.7569,677.82,58.3333,60.4061,2364,56.1172,59.983,2354,60.8137,62.4839,2335,50.297,50.2475,2020,2199,4.4111,0.4548
2026-07-14,2377,50,46,2.1035,1.9352,108.7,40.6937,42.4281,2364,45.0447,50.7869,2351,55.5079,56.4938,2333,47.3033,48.4908,2021,2198,2.8207,0.8644
2026-07-15,2382,79,29,3.3165,1.2175,272.4,45.0782,47.9087,2367,47.791,53.356,2354,57.7236,58.2798,2337,48.368,49.6538,2022,2200,3.0909,0.6364
2026-07-16,2386,55,36,2.3051,1.5088,152.78,43.4343,45.2862,2376,45.3967,50.7,2357,56.6667,56.7949,2340,47.7037,48.4938,2025,2204,3.0399,0.9982
2026-07-17,2380,29,64,1.2185,2.6891,45.31,39.6792,39.046,2369,42.8936,46.1277,2350,54.6855,54.2576,2337,47.2332,47.8755,2024,2202,1.9074,1.1807
2026-07-20,2383,89,25,3.7348,1.0491,356.0,47.2152,46.1181,2370,47.0238,50.1701,2352,57.2467,56.3916,2339,48.7925,48.7432,2029,2206,3.3092,0.9973
2026-07-21,2390,87,30,3.6402,1.2552,290.01,52.1684,49.9368,2375,51.0611,51.4007,2356,57.6184,56.9356,2343,49.7295,49.4835,2033,2211,3.9801,0.8141
2026-07-22,2388,43,69,1.8007,2.8894,62.32,34.1206,34.7111,2371,39.439,40.459,2353,52.6091,51.1121,2338,47.1976,46.1652,2034,2208,2.2645,1.5399
2026-07-23,2387,63,47,2.6393,1.969,134.04,27.0464,27.9747,2370,31.6036,32.7095,2351,48.1592,44.3921,2336,45.0614,44.6683,2035,2207,1.8124,1.7671
2026-07-24,2389,72,35,3.0138,1.465,205.72,28.8908,29.7343,2371,31.8317,31.6192,2353,48.9089,45.3573,2337,44.8479,45.4858,2038,2209,2.0824,1.3128
