symbol,industry,in_our_universe
20MICRONS,Industrial Minerals Companies,1
21STCENMGM,Other Capital Market related Services Companies,1
360ONE,Stockbroking & Allied Companies,1
3BBLACKBIO,Healthcare Service Provider Companies,1
3IINFOLTD,IT Consulting & Software Companies,1
3MINDIA,Diversified Companies,1
3PLAND,Real Estate Companies,1
5PAISA,Stockbroking & Allied Companies,1
63MOONS,Computers - Software & Consulting Companies,1
A2ZINFRA,Civil Construction Companies,1
AAATECH,Consulting Services Companies,1
AADHARHFC,Housing Finance Company Companies,1
AAKAAR,Personal Care Companies,0
AAKASH,Offshore Support Solution Drilling Companies,1
AARADHYA,Paper & Paper Products Companies,0
AAREYDRUGS,Pharmaceuticals Companies,0
AARNAV,Textiles Companies,1
AARON,Industrial Machinery Companies,1
AARTECH,Heavy Electrical Equipment Companies,0
AARTIDRUGS,Pharmaceuticals Companies,1
AARTIIND,Specialty Chemicals Companies,1
AARTIPHARM,Pharmaceuticals Companies,1
AARTISURF,Speciality Chemical Companies,1
AARVI,Trading & Distributors Companies,1
AAVAS,Housing Finance Company Companies,1
AAYUSHBULL,"Gems, Jewellery And Watches Companies",0
ABAN,Offshore Support Solution Drilling Companies,0
ABB,Heavy Electrical Equipment Companies,1
ABBOTINDIA,Pharmaceuticals Companies,1
ABCAPITAL,Investment Company Companies,1
ABCOTS,Textiles Companies,1
ABDL,Breweries & Distilleries Companies,1
ABFRL,Speciality Retail Companies,1
ABHAPOWER,Castings & Forgings Companies,0
ABINFRA,Civil Construction Companies,1
ABLBL,Speciality Retail Companies,1
ABMINTLLTD,Speciality Chemical Companies,1
ABREL,Paper & Paper Products Companies,1
ABSLAMC,Asset Management Company Companies,1
ABSMARINE,Shipping Companies,0
ACC,Cement & Cement Products Companies,1
ACCELYA,IT Consulting & Software Companies,1
ACCENTMIC,Pharmaceuticals Companies,0
ACCORD,Other Telecom Services Companies,0
ACCURACY,Logistics Companies,0
ACE,Construction Vehicles Companies,1
ACEINTEG,Trading & Distributors Companies,1
ACGL,Auto Components & Equipments Companies,0
ACI,Specialty Chemicals Companies,1
ACL,Cement & Cement Products Companies,1
ACMESOLAR,Power Generation Companies,1
ACUTAAS,Speciality Chemical Companies,1
ADANIENSOL,Power Distribution Companies,1
ADANIENT,Trading - Minerals Companies,1
ADANIGREEN,Power Generation Companies,1
ADANIPORTS,Port & Port services Companies,1
ADANIPOWER,Integrated Power Utilities Companies,1
ADDICTIVE,E-Learning Companies,0
ADFFOODS,Packaged Foods Companies,1
ADL,Plywood Boards/ Laminates Companies,1
ADOR,Other Industrial Products Companies,1
ADROITINFO,IT Consulting & Software Companies,1
ADSL,IT Consulting & Software Companies,1
ADVAIT,Cables - Electricals Companies,1
ADVANCE,Pesticides & Agrochemicals Companies,1
ADVANIHOTR,Hotels & Resorts Companies,1
ADVENTHTL,Hotels & Resorts Companies,1
ADVENZYMES,Biotechnology Companies,1
AEGISLOG,Trading - Gas Companies,1
AEGISVOPAK,Oil Storage & Transportation Companies,1
AEPL,Heavy Electrical Equipment Companies,1
AEQUS,Aerospace & Defense Companies,1
AEROENTER,Heavy Electrical Equipment Companies,1
AEROFLEX,Iron & Steel Products Companies,1
AERONEU,Petrochemical Companies,1
AETHER,Specialty Chemicals Companies,1
AFCOM,Airline Companies,0
AFCONS,Civil Construction Companies,1
AFFLE,IT Enabled Services Companies,1
AFFORDABLE,Heavy Electrical Equipment Companies,0
AFIL,Non Banking Financial Company (NBFC) Companies,1
AFSL,Holding Company Companies,1
AGARIND,Petrochemicals Companies,1
AGARWALEYE,Hospital Companies,1
AGARWALFT,Glass - Industrial Companies,0
AGARWALTUF,Glass - Industrial Companies,0
AGI,Packaging Companies,1
AGIIL,"Residential, Commercial Projects Companies",1
AGRITECH,Edible Oil Companies,0
AGROPHOS,Fertilizers Companies,1
AGSTRA,Financial Technology (Fintech) Companies,0
AHCL,Pharmaceuticals Companies,1
AHLADA,"Furniture, Home Furnishing Companies",1
AHLEAST,Hotels & Resorts Companies,1
AHLUCONT,Civil Construction Companies,1
AIAENG,Castings & Forgings Companies,1
AIIL,Non Banking Financial Company (NBFC) Companies,1
AIMTRON,Electronic Manufacturing Services,0
AIRAN,IT Consulting & Software Companies,1
AIRLTD,Civil Construction Companies,0
AIROLAM,Plywood Boards/ Laminates Companies,1
AJANTPHARM,Pharmaceuticals Companies,1
AJAXENGG,Construction Vehicles Companies,1
AJMERA,Real Estate Companies,1
AJOONI,Animal Feed Companies,1
AKASH,Civil Construction Companies,1
AKCAPIT,Non Banking Financial Company (NBFC) Companies,1
AKG,Food Processing Companies,1
AKI,Leather And Leather Products Companies,1
AKIKO,Other Financial Services Companies,0
AKSHAR,Textiles Companies,1
AKSHARCHEM,Dyes And Pigments Companies,0
AKSHOPTFBR,Telecom -  Equipment & Accessories Companies,0
AKUMS,Pharmaceuticals Companies,1
AKZOINDIA,Paints Companies,0
ALANKIT,Other Financial Services Companies,1
ALBERTDAVD,Pharmaceuticals Companies,1
ALCODIS,Breweries & Distilleries Companies,0
ALEMBICLTD,Pharmaceuticals Companies,1
ALGOQUANT,Other Financial Services Companies,1
ALICON,Auto Components & Equipments Companies,1
ALIVUS,Pharmaceuticals Companies,1
ALKALI,Speciality Chemical Companies,0
ALKEM,Pharmaceuticals Companies,1
ALKYLAMINE,Specialty Chemicals Companies,1
ALLCARGO,Logistics Solution Provider Companies,1
ALLDIGI,Business Process Outsourcing (BPO)/ Knowledge Process Outsourcing (KPO) Companies,1
ALLTIME,Houseware Companies,1
ALMONDZ,Stockbroking & Allied Companies,1
ALOKINDS,Other Textile Products Companies,1
ALPA,Pharmaceuticals Companies,1
ALPEXSOLAR,Other Electrical Equipment Companies,0
ALPHAGEO,Offshore Support Solution Drilling Companies,1
ALTIUSINVIT,Telecom - Infrastructure Companies,0
ALUWIND,"Aluminium, Copper & Zinc Products Companies",0
AMAGI,IT Enabled Services Companies,1
AMANTA,Pharmaceuticals Companies,0
AMBER,Household Appliances Companies,1
AMBEY,Pesticides & Agrochemicals Companies,0
AMBICAAGAR,Household Products Companies,1
AMBIKCO,Textiles Companies,1
AMBUJACEM,Cement & Cement Products Companies,1
AMCL,"Aluminium, Copper & Zinc Products Companies",0
AMDIND,Packaging Companies,1
AMIC,Castings & Forgings Companies,0
AMIRCHAND,Food Processing Companies,0
AMJLAND,Real Estate Companies,1
AMNPLST,Commodity Chemicals Companies,1
AMRUTANJAN,Pharmaceuticals Companies,1
ANANDRATHI,Financial Products Distributor Companies,1
ANANTAM,"Road AssetsToll, Annuity, Hybrid-Annuity Companies",0
ANANTRAJ,"Residential, Commercial Projects Companies",1
ANDHRAPAP,Paper & Paper Products Companies,1
ANDHRSUGAR,Commodity Chemicals Companies,1
ANDREWYU,Tea & Coffee Companies,0
ANGELONE,Stockbroking & Allied Companies,1
ANIKINDS,Real Estate Companies,0
ANKITMETAL,Iron & Steel Companies,0
ANMOL,Trading - Coal Companies,1
ANNAPURNA,Packaged Foods Companies,0
ANONDITA,Personal Care Companies,0
ANSALAPI,Real Estate Companies,0
ANTELOPUS,Oil Exploration & Production Companies,1
ANTGRAPHIC,Packaging Companies,1
ANTHEM,Biotechnology Companies,1
ANUHPHR,Pharmaceuticals Companies,1
ANUP,Industrial Products Companies,1
ANURAS,Specialty Chemicals Companies,1
ANYA,Fertilizers Companies,0
ANZEN,Power - Transmission Companies,0
APARINDS,Other Electrical Equipment Companies,1
APCL,Cement & Cement Products Companies,1
APCOTEXIND,Rubber Companies,1
APEX,Seafood Companies,1
APEXECO,Water Supply & Management Companies,0
APLAPOLLO,Iron & Steel Products Companies,1
APLLTD,Pharmaceuticals Companies,1
APOLLO,Aerospace & Defense Companies,1
APOLLOHOSP,Hospital Companies,1
APOLLOPIPE,Plastic Products - Industrial Companies,1
APOLLOTYRE,Tyres & Rubber Products Companies,1
APOLSINHOT,Hotels & Resorts Companies,1
APRAMEYA,Medical Equipment & Supplies Companies,0
APTECHT,Education Companies,0
APTUS,Housing Finance Company Companies,1
AQYLON,TV Broadcasting & Software Production Companies,1
ARABIAN,Lubricants Companies,0
ARCHIDPLY,Plywood Boards/ Laminates Companies,1
ARCHIES,Leisure Products Companies,1
ARE&M,Auto Components & Equipments Companies,1
ARENTERP,Trading - Minerals Companies,1
ARFIN,Aluminium Companies,1
ARHAM,Consumer Electronics Companies,0
ARIES,Fertilizers Companies,1
ARIHANTACA,Education Companies,0
ARIHANTCAP,Stockbroking & Allied Companies,1
ARIHANTSUP,Real Estate Companies,1
ARIS,Other Construction Materials Companies,1
ARKADE,Real Estate Companies,1
ARMANFIN,Non Banking Financial Company (NBFC) Companies,1
AROGRANITE,Granites & Marbles Companies,1
ARROWGREEN,Packaging Companies,0
ARSHIYA,Logistics Companies,0
ARSSBL,Stockbroking & Allied Companies,1
ARSSINFRA,Civil Construction Companies,0
ARTEMISMED,Hospital Companies,1
ARTNIRMAN,Real Estate Companies,1
ARUNAYA,Dyes And Pigments Companies,0
ARVEE,Speciality Chemical Companies,1
ARVIND,Garments & Apparels Companies,1
ARVINDFASN,Speciality Retail Companies,1
ARVINDPORT,Shipping Companies,0
ARVSMART,Real Estate Companies,1
ASAHIINDIA,Auto Components & Equipments Companies,1
ASAHISONG,Dyes And Pigments Companies,1
ASAL,Auto Components & Equipments Companies,1
ASALCBR,Breweries & Distilleries Companies,1
ASHAPURMIN,Industrial Minerals Companies,1
ASHIANA,"Residential, Commercial Projects Companies",1
ASHIKA,Stockbroking & Allied Companies,1
ASHIMASYN,Textiles Companies,1
ASHOKA,Civil Construction Companies,1
ASHOKAMET,Trading - Metals Companies,1
ASHOKLEY,Commercial Vehicles Companies,1
ASHWINI,Road Transport Companies,0
ASIANENE,Oil Equipment & Services Companies,1
ASIANHOTNR,Hotels & Resorts Companies,1
ASIANPAINT,Paints Companies,1
ASIANTILES,Ceramics Companies,1
ASKAUTOLTD,Auto Components & Equipments Companies,1
ASMS,IT Consulting & Software Companies,0
ASMTEC,Computers - Software & Consulting Companies,0
ASPINWALL,Diversified Companies,1
ASPIRE,Household Appliances Companies,0
ASTAR,"Gems, Jewellery And Watches Companies",1
ASTEC,Pesticides & Agrochemicals Companies,1
ASTERDM,Hospital Companies,1
ASTRAL,Plastic Products - Industrial Companies,1
ASTRAMICRO,Aerospace & Defense Companies,1
ASTRAZEN,Pharmaceuticals Companies,1
ASTRON,Paper Companies,0
ATALREAL,Real Estate Companies,1
ATAM,Iron & Steel Companies,1
ATGL,LPG/CNG/PNG/LNG Supplier Companies,1
ATHERENERG,2/3 Wheelers Companies,1
ATL,Port & Port services Companies,1
ATLANTAA,Civil Construction Companies,1
ATLANTAELE,Heavy Electrical Equipment Companies,1
ATLASCYCLE,Cycles Companies,1
ATUL,Specialty Chemicals Companies,1
ATULAUTO,Commercial Vehicles Companies,1
AUBANK,Other Bank Companies,1
AURIGROW,Heavy Electrical Equipment Companies,0
AURIONPRO,Computers - Software & Consulting Companies,1
AUROIMPEX,Electrodes & Refractories Companies,0
AUROPHARMA,Pharmaceuticals Companies,1
AURUM,IT Enabled Services Companies,1
AUSOMENT,Diversified Companies,0
AUTOAXLES,Auto Components & Equipments Companies,1
AUTOIND,Auto Components & Equipments Companies,0
AVADHSUGAR,Sugar Companies,0
AVALON,Other Electrical Equipment Companies,1
AVANTEL,Aerospace & Defense Companies,1
AVANTIFEED,Animal Feed Companies,1
AVG,Logistics Companies,0
AVL,Speciality Retail Companies,1
AVONMORE,Other Financial Services Companies,1
AVROIND,Plastic Products - Consumer Companies,1
AVTNPL,Other Agricultural Products Companies,1
AWFIS,Diversified Commercial Services Companies,1
AWHCL,Waste Management Companies,1
AWL,Edible Oil Companies,1
AXISBANK,Private Sector Bank Companies,1
AXISCADES,Aerospace & Defense Companies,1
AXISOL,Industrial Products Companies,0
AXITA,Textiles Companies,1
AYE,Non Banking Financial Company (NBFC) Companies,1
AYMSYNTEX,Other Textile Products Companies,1
AZAD,Heavy Electrical Equipment Companies,1
BAFNAPH,Pharmaceuticals Companies,0
BAGDIGITAL,Digital Entertainment Companies,0
BAGFILMS,TV Broadcasting & Software Production Companies,1
BAHETI,"Aluminium, Copper & Zinc Products Companies",0
BAIDFIN,Housing Finance Companies,1
BAJAJ-AUTO,2/3 Wheelers Companies,1
BAJAJCON,Personal Care Companies,1
BAJAJELEC,Household Appliances Companies,1
BAJAJFINSV,Holding Company Companies,1
BAJAJHCARE,Pharmaceuticals Companies,1
BAJAJHFL,Housing Finance Company Companies,1
BAJAJHIND,Sugar Companies,1
BAJAJHLDNG,Holding Company Companies,1
BAJAJINDEF,Industrial Machinery Companies,1
BAJEL,Heavy Electrical Equipment Companies,1
BAJFINANCE,Non Banking Financial Company (NBFC) Companies,1
BALAJEE,Packaging Companies,1
BALAJIPHOS,Fertilizers Companies,0
BALAJITELE,Media & Entertainment Companies,1
BALAMINES,Specialty Chemicals Companies,1
BALAXI,Pharmaceuticals Companies,0
BALKRISHNA,Packaging Companies,1
BALKRISIND,Tyres & Rubber Products Companies,1
BALMLAWRIE,Diversified Companies,1
BALPHARMA,Pharmaceuticals Companies,1
BALRAMCHIN,Sugar Companies,1
BALUFORGE,Castings & Forgings Companies,1
BANARBEADS,"Diamond, Gems and Jewellery Companies",1
BANARISUG,Sugar Companies,1
BANCOINDIA,Auto Components & Equipments Companies,1
BANDHANBNK,Private Sector Bank Companies,1
BANG,Textiles Companies,1
BANKA,Waste Management Companies,0
BANKBARODA,Public Sector Bank Companies,1
BANKINDIA,Public Sector Bank Companies,1
BANSALWIRE,Iron & Steel Products Companies,1
BANSWRAS,Textiles Companies,1
BASF,Specialty Chemicals Companies,1
BASILIC,Media & Entertainment Companies,0
BASML,Textiles Companies,0
BATAINDIA,Footwear Companies,1
BAWEJA,"Film Production, Distribution & Exhibition Companies",0
BAYERCROP,Pesticides & Agrochemicals Companies,1
BBL,Other Electrical Equipment Companies,1
BBOX,IT Enabled Services Companies,1
BBTC,Packaged Foods Companies,1
BBTCL,Packaging Companies,1
BCG,IT Enabled Services Companies,1
BCLIND,Breweries & Distilleries Companies,1
BCONCEPTS,Speciality Retail Companies,1
BCP,Cables - Electricals Companies,0
BCPL,Civil Construction Companies,1
BDL,Aerospace & Defense Companies,1
BEACON,"Depositories, Clearing Houses and Other Intermediaries Companies",0
BEARDSELL,Industrial Machinery Companies,1
BECTORFOOD,Packaged Foods Companies,1
BEDMUTHA,Iron & Steel Companies,1
BEL,Aerospace & Defense Companies,1
BELDING,Aluminium Companies,0
BELLACASA,Garments & Apparels Companies,1
BELRISE,Auto Components & Equipments Companies,1
BEML,Construction Vehicles Companies,1
BENARAS,Hotels & Resorts Companies,0
BENGALASM,Investment Company Companies,1
BEPL,Speciality Chemical Companies,1
BERGEPAINT,Paints Companies,1
BESTAGRO,Pesticides & Agrochemicals Companies,1
BETA,Pharmaceuticals Companies,1
BFINVEST,Holding Company Companies,1
BFUTILITIE,"Road AssetsToll, Annuity, Hybrid-Annuity Companies",1
BGDL,Trading & Distributors Companies,0
BGLOBAL,IT Consulting & Software Companies,0
BGRENERGY,Civil Construction Companies,0
BHADORA,Cables - Electricals Companies,0
BHAGCHEM,Pesticides & Agrochemicals Companies,1
BHAGERIA,Dyes And Pigments Companies,0
BHAGYANGR,Copper Companies,0
BHANDARI,Textiles Companies,0
BHARATCOAL,Coal Companies,1
BHARATFORG,Auto Components & Equipments Companies,1
BHARATGEAR,Auto Components & Equipments Companies,0
BHARATRAS,Pesticides & Agrochemicals Companies,1
BHARATSE,Auto Components & Equipments Companies,1
BHARATWIRE,Iron & Steel Companies,1
BHARTIARTL,Telecom - Cellular & Fixed line services Companies,1
BHARTIHEXA,Telecom - Cellular & Fixed line services Companies,1
BHEL,Heavy Electrical Equipment Companies,1
BIGBLOC,Other Construction Materials Companies,1
BIKAJI,Packaged Foods Companies,1
BIKEWO,Auto Dealer Companies,0
BIL,Leather And Leather Products Companies,1
BILVYAPAR,Holding Company Companies,0
BIOCON,Pharmaceuticals Companies,1
BIOFILCHEM,Pharmaceuticals Companies,1
BIRDYS,Restaurants Companies,0
BIRET,Real Estate Investment Trusts (REITs) Companies,0
BIRLACABLE,Telecom -  Equipment & Accessories Companies,0
BIRLACORPN,Cement & Cement Products Companies,1
BIRLAMONEY,Stockbroking & Allied Companies,1
BIRLANU,"Furniture, Home Furnishing Companies",1
BKMINDST,Packaging Companies,0
BLACKBUCK,Transport Related Services Companies,1
BLAL,Investment Company Companies,1
BLBLIMITED,Stock Broking Companies,1
BLIL,Investment Company Companies,1
BLISSGVS,Pharmaceuticals Companies,0
BLKASHYAP,Civil Construction Companies,1
BLS,"Tour, Travel Related Services Companies",1
BLSE,IT Enabled Services Companies,1
BLUECHIP,Non Banking Financial Company (NBFC) Companies,0
BLUECLOUDS,Computers - Software & Consulting Companies,0
BLUECOAST,Hotels & Resorts Companies,0
BLUEDART,Logistics Solution Provider Companies,1
BLUEJET,Pharmaceuticals Companies,1
BLUEPEBBLE,Other Consumer Services Companies,0
BLUESTARCO,Household Appliances Companies,1
BLUESTONE,"Gems, Jewellery And Watches Companies",1
BLUSPRING,Diversified Commercial Services Companies,1
BMW,Iron & Steel Products Companies,0
BMWVENTLTD,Trading - Metals Companies,1
BNAGROCHEM,Trading & Distributors Companies,0
BODALCHEM,Dyes And Pigments Companies,0
BOHRAIND,Pesticides & Agrochemicals Companies,1
BOMDYEING,Other Textile Products Companies,1
BONDADA,Telecom - Infrastructure Companies,0
BONLON,Diversified Metals Companies,1
BORANA,Textiles Companies,1
BOROLTD,Houseware Companies,1
BORORENEW,Glass - Industrial Companies,1
BOROSCI,Glass - Industrial Companies,1
BOSCH-HCIL,Household Appliances Companies,1
BOSCHLTD,Auto Components & Equipments Companies,1
BPAGRI,Trading & Distributors Companies,0
BPCL,Refineries & Marketing Companies,1
BPL,Consumer Electronics Companies,1
BRANDMAN,Footwear Companies,0
BRIGADE,"Residential, Commercial Projects Companies",1
BRIGHOTEL,Hotels & Resorts Companies,1
BRITANNIA,Packaged Foods Companies,1
BRNL,Civil Construction Companies,1
BROOKS,Pharmaceuticals Companies,0
BSE,Exchange and Data Platform Companies,1
BSHSL,Other Agricultural Products Companies,0
BSL,Textiles Companies,1
BSOFT,Computers - Software & Consulting Companies,1
BTML,Digital Entertainment Companies,1
BUILDPRO,Speciality Retail Companies,1
BURNPUR,Cement & Cement Products Companies,0
BUTTERFLY,Household Appliances Companies,1
BVCL,Cement & Cement Products Companies,1
BYKE,Hotels & Resorts Companies,0
C2C,Aerospace & Defense Companies,0
CADSYS,Business Process Outsourcing (BPO)/ Knowledge Process Outsourcing (KPO) Companies,0
CALSOFT,IT Consulting & Software Companies,0
CAMLINFINE,Speciality Chemical Companies,1
CAMPUS,Footwear Companies,1
CAMS,"Depositories, Clearing Houses and Other Intermediaries Companies",1
CANBK,Public Sector Bank Companies,1
CANFINHOME,Housing Finance Company Companies,1
CANHLIFE,Life Insurance Companies,1
CANTABIL,Garments & Apparels Companies,1
CAPACITE,Civil Construction Companies,1
CAPILLARY,Software Products Companies,1
CAPINVIT,"Road AssetsToll, Annuity, Hybrid-Annuity Companies",0
CAPITALSFB,Other Bank Companies,1
CAPLIPOINT,Pharmaceuticals Companies,1
CAPTRUST,Non Banking Financial Company (NBFC) Companies,1
CARBORUNIV,Abrasives & Bearings Companies,1
CARERATING,Ratings Companies,1
CARRARO,Auto Components & Equipments Companies,1
CARTRADE,E-Retail/ E-Commerce Companies,1
CARYSIL,Household Appliances Companies,1
CASTROLIND,Lubricants Companies,1
CBAZAAR,E-Retail/ E-Commerce Companies,0
CCAVENUE,Financial Technology (Fintech) Companies,1
CCCL,Civil Construction Companies,1
CCHHL,Hotels & Resorts Companies,1
CCL,Tea & Coffee Companies,1
CDSL,"Depositories, Clearing Houses and Other Intermediaries Companies",1
CEATLTD,Tyres & Rubber Products Companies,1
CEIGALL,Civil Construction Companies,1
CEINSYS,IT Consulting & Software Companies,1
CELEBRITY,Textiles Companies,1
CELLECOR,Consumer Electronics Companies,0
CELLO,Houseware Companies,1
CELLPOINT,Speciality Retail Companies,0
CEMPRO,Civil Construction Companies,1
CENTENKA,Textiles Companies,1
CENTEXT,"Aluminium, Copper & Zinc Products Companies",1
CENTRALBK,Public Sector Bank Companies,1
CENTRUM,Other Financial Services Companies,1
CENTUM,Industrial Products Companies,1
CENTURYPLY,Plywood Boards/ Laminates Companies,1
CERA,Sanitary Ware Companies,1
CEREBRAINT,Computers Hardware & Equipments Companies,0
CESC,Integrated Power Utilities Companies,1
CEWATER,Waste Management Companies,1
CFF,Ship Building & Allied Services Companies,0
CGCL,Non Banking Financial Company (NBFC) Companies,1
CGPOWER,Heavy Electrical Equipment Companies,1
CGRAPHICS,Other Industrial Products Companies,0
CHALET,Hotels & Resorts Companies,1
CHAMBLFERT,Fertilizers Companies,1
CHANDAN,Healthcare Service Provider Companies,0
CHEMBOND,Speciality Chemical Companies,0
CHEMBONDCH,Speciality Chemical Companies,0
CHEMCON,Speciality Chemical Companies,0
CHEMFAB,Commodity Chemicals Companies,0
CHEMPLASTS,Commodity Chemicals Companies,1
CHENNPETRO,Refineries & Marketing Companies,1
CHETANA,Printing & Publication Companies,0
CHEVIOT,Jute & Jute Products Companies,1
CHOICEIN,Holding Company Companies,1
CHOLAFIN,Non Banking Financial Company (NBFC) Companies,1
CHOLAHLDNG,Investment Company Companies,1
CIANAGRO,Edible Oil Companies,0
CIEINDIA,Auto Components & Equipments Companies,1
CIFL,Non Banking Financial Company (NBFC) Companies,1
CIGNITITEC,IT Enabled Services Companies,0
CINELINE,"Film Production, Distribution & Exhibition Companies",1
CINEVISTA,Media & Entertainment Companies,1
CIPLA,Pharmaceuticals Companies,1
CITIUSINVT,"Road AssetsToll, Annuity, Hybrid-Annuity Companies",0
CITURGIA,Specialty Chemicals Companies,0
CKKRETAIL,Sugar Companies,0
CLEAN,Specialty Chemicals Companies,1
CLEANMAX,Power Generation & Distribution Companies,1
CLEDUCATE,Education Companies,0
CLSEL,Other Agricultural Products Companies,1
CLSL,Pesticides & Agrochemicals Companies,0
CMICABLES,Cables - Electricals Companies,0
CMNL,Sponge Iron Companies,0
CMPDI,Trading & Distributors Companies,1
CMRSL,Advertising & Media Agencies Companies,0
CMSINFO,Diversified Commercial Services Companies,1
CNCRD,Railway Wagons Companies,0
CNL,Trading & Distributors Companies,1
COALINDIA,Coal Companies,1
COASTCORP,Seafood Companies,1
COCHINSHIP,Ship Building & Allied Services Companies,1
COCKERILL,Industrial Products Companies,1
COFFEEDAY,Restaurants Companies,0
COFORGE,Computers - Software & Consulting Companies,1
COHANCE,Pharmaceuticals Companies,1
COLAB,IT Enabled Services Companies,0
COLPAL,Personal Care Companies,1
COMPINFO,Computers Hardware & Equipments Companies,0
COMPUSOFT,Education Companies,1
COMSYN,Packaging Companies,1
CONCOR,Logistics Solution Provider Companies,1
CONCORDBIO,Biotechnology Companies,1
CONFIPET,LPG/CNG/PNG/LNG Supplier Companies,1
CONNPLEX,"Film Production, Distribution & Exhibition Companies",0
CONSOFINVT,Asset Management Company Companies,0
CONTROLPR,Computers Hardware & Equipments Companies,1
COOLCAPS,Packaging Companies,0
CORALFINAC,Civil Construction Companies,1
CORDSCABLE,Cables - Electricals Companies,0
COROMANDEL,Fertilizers Companies,1
CORONA,Pharmaceuticals Companies,1
COSMOFIRST,Packaging Companies,1
COUNCODOS,Civil Construction Companies,1
CPCAP,Education Companies,0
CPEDU,Education Companies,1
CPML,Media & Entertainment Companies,0
CPPLUS,Industrial Products Companies,1
CPS,Garments & Apparels Companies,0
CRAFTSMAN,Auto Components & Equipments Companies,1
CRAMC,Asset Management Company Companies,1
CRAYONS,Advertising & Media Agencies Companies,0
CREATIVEYE,Media & Entertainment Companies,1
CREDITACC,Microfinance Institutions Companies,1
CREST,Stock Broking Companies,1
CRISIL,Other Financial Services Companies,1
CRIZAC,Internet & Catalogue Retail Companies,1
CROMPTON,Household Appliances Companies,1
CROWN,Industrial Machinery Companies,1
CSBBANK,Private Sector Bank Companies,1
CSLFINANCE,Other Financial Services Companies,1
CTE,IT Consulting & Software Companies,1
CUB,Private Sector Bank Companies,1
CUBEINVIT,"Road AssetsToll, Annuity, Hybrid-Annuity Companies",0
CUBEXTUB,"Aluminium, Copper & Zinc Products Companies",1
CUDML,Advertising & Media Agencies Companies,0
CUMMINSIND,"Compressors, Pumps & Diesel Engines Companies",1
CUPID,Personal Care Companies,1
CURAA,IT Consulting & Software Companies,1
CYBERMEDIA,Electronic Media Companies,0
CYBERTECH,IT Consulting & Software Companies,0
CYIENT,IT Enabled Services Companies,1
CYIENTDLM,Industrial Products Companies,1
DABUR,Personal Care Companies,1
DALBHARAT,Cement & Cement Products Companies,1
DALMIASUG,Sugar Companies,1
DAMCAPITAL,Stockbroking & Allied Companies,1
DAMODARIND,Textiles Companies,0
DANGEE,Food Processing Companies,1
DANISH,Other Electrical Equipment Companies,0
DATAMATICS,IT Enabled Services Companies,1
DATAPATTNS,Aerospace & Defense Companies,1
DAVANGERE,Diversified FMCG Companies,1
DBCORP,Print Media Companies,1
DBEIL,Civil Construction Companies,0
DBL,Civil Construction Companies,1
DBOL,Sugar Companies,1
DBREALTY,Hotels & Resorts Companies,0
DBSTOCKBRO,Stock Broking Companies,0
DCAL,Pharmaceuticals Companies,1
DCBBANK,Private Sector Bank Companies,1
DCG,Cables - Electricals Companies,0
DCI,Computers Hardware & Equipments Companies,1
DCM,Iron & Steel Companies,0
DCMFINSERV,Non Banking Financial Company (NBFC) Companies,0
DCMNVL,Textiles Companies,0
DCMSHRIRAM,Diversified Companies,1
DCMSIL,Aerospace & Defence Companies,0
DCMSRIND,Sugar Companies,1
DCW,Petrochemicals Companies,1
DCXINDIA,Aerospace & Defense Companies,1
DDEVPLSTIK,Plastic Products Companies,1
DECCANCE,Cement & Cement Products Companies,1
DECNGOLD,Industrial Minerals Companies,1
DEEDEV,Industrial Machinery Companies,0
DEEPAKFERT,Commodity Chemicals Companies,1
DEEPAKNTR,Specialty Chemicals Companies,1
DEEPINDS,Oil Equipment & Services Companies,1
DELHIVERY,Logistics Solution Provider Companies,1
DELPHIFX,Other Financial Services Companies,0
DELTACORP,Amusement Parks/ Other Recreation Companies,1
DELTAMAGNT,Industrial Machinery Companies,1
DELTIC,2/3 Wheelers Companies,0
DEN,TV Broadcasting & Software Production Companies,1
DENORA,Electrodes & Refractories Companies,1
DENTA,Water Supply & Management Companies,1
DENTALKART,Medical Equipment & Supplies Companies,0
DEVIT,IT Consulting & Software Companies,1
DEVX,Civil Construction Companies,1
DEVYANI,Restaurants Companies,1
DGCONTENT,Advertising & Media Agencies Companies,1
DHAMPURSUG,Sugar Companies,1
DHANBANK,Private Sector Bank Companies,1
DHANUKA,Pesticides & Agrochemicals Companies,1
DHARAN,Real Estate Companies,0
DHARIWAL,Trading - Chemicals Companies,0
DHARMAJ,Pesticides & Agrochemicals Companies,1
DHENUBUILD,Non Banking Financial Company (NBFC) Companies,0
DHRUV,Consulting Services Companies,0
DHTL,E-Learning Companies,0
DHUNINV,Asset Management Company Companies,1
DIACABS,Other Electrical Equipment Companies,1
DIAMINESQ,Petrochemical Companies,1
DIAMONDYD,Packaged Foods Companies,1
DICIND,Printing Inks Companies,1
DIFFNKG,Other Industrial Products Companies,1
DIGIDRIVE,E-Retail/ E-Commerce Companies,1
DIGIKORE,Media & Entertainment Companies,0
DIGISPICE,IT Consulting & Software Companies,0
DIGITIDE,IT Enabled Services Companies,1
DIGJAMLMTD,Textiles Companies,1
DIL,Hotels & Resorts Companies,0
DISAQ,Industrial Products Companies,1
DISHTV,TV Broadcasting & Software Production Companies,0
DIVGIITTS,Auto Components & Equipments Companies,1
DIVISLAB,Pharmaceuticals Companies,1
DIXON,Consumer Electronics Companies,1
DJML,Logistics Companies,1
DLF,"Residential, Commercial Projects Companies",1
DLINKINDIA,Computers Hardware & Equipments Companies,1
DMART,Diversified Retail Companies,1
DMCC,Speciality Chemical Companies,1
DNAMEDIA,Electronic Media Companies,1
DODLA,Dairy Products Companies,1
DOLATALGO,Stockbroking & Allied Companies,1
DOLLAR,Garments & Apparels Companies,1
DOLPHIN,Offshore Support Solution Drilling Companies,1
DOMS,Stationary Companies,1
DONEAR,Textiles Companies,1
DPABHUSHAN,"Gems, Jewellery And Watches Companies",1
DPEL,Cables - Electricals Companies,0
DPSCLTD,Integrated Power Utilities Companies,0
DPWIRES,Iron & Steel Companies,0
DRAGARWQ,Hospital Companies,1
DRCSYSTEMS,IT Consulting & Software Companies,1
DREAMFOLKS,Airport & Airport services Companies,1
DREDGECORP,Dredging Companies,1
DRONE,Education Companies,0
DRREDDY,Pharmaceuticals Companies,1
DSFCL,Speciality Chemical Companies,0
DSSL,IT Consulting & Software Companies,1
DTIL,Tea & Coffee Companies,1
DUCOL,Dyes And Pigments Companies,0
DUCON,IT Consulting & Software Companies,1
DUGLOBAL,"Tour, Travel Related Services Companies",0
DURLAX,"Furniture, Home Furnishing Companies",0
DVL,Diversified Companies,1
DWARKESH,Sugar Companies,1
DYCL,Cables - Electricals Companies,1
DYNAMATECH,Industrial Products Companies,1
DYNPRO,Speciality Chemical Companies,1
E2E,IT Enabled Services Companies,1
EASEMYTRIP,"Tour, Travel Related Services Companies",1
EASTSILK,Textiles Companies,0
EBGNG,Computers Hardware & Equipments Companies,1
ECLERX,Business Process Outsourcing (BPO)/ Knowledge Process Outsourcing (KPO) Companies,1
ECOSMOBLTY,Road Transport Companies,0
EDELWEISS,Holding Company Companies,1
EDUCOMP,Education Companies,0
EFACTOR,Other Consumer Services Companies,0
EFCIL,Diversified Commercial Services Companies,1
EFFWA,Waste Management Companies,0
EICHERMOT,2/3 Wheelers Companies,1
EIDPARRY,Other Food Products Companies,1
EIEL,Water Supply & Management Companies,1
EIFFL,Packaged Foods Companies,0
EIHAHOTELS,Hotels & Resorts Companies,1
EIHOTEL,Hotels & Resorts Companies,1
EIMCOELECO,Industrial Machinery Companies,1
EKC,Iron & Steel Products Companies,1
ELANTAS,Specialty Chemicals Companies,1
ELCIDIN,Investment Company Companies,1
ELDEHSG,Real Estate Companies,1
ELECON,Heavy Electrical Equipment Companies,1
ELECTCAST,Iron & Steel Products Companies,1
ELECTHERM,Iron & Steel Companies,1
ELGIEQUIP,"Compressors, Pumps & Diesel Engines Companies",1
ELGIRUBCO,Rubber Companies,1
ELIN,Household Appliances Companies,1
ELITECON,Cigarettes & Tobacco Products Companies,1
ELLEN,Industrial Gases Companies,1
ELPROINTL,Real Estate Companies,1
EMAMILTD,Personal Care Companies,1
EMAMIPAP,Paper & Paper Products Companies,1
EMAMIREAL,Real Estate Companies,0
EMBASSY,Real Estate Investment Trusts (REITs) Companies,0
EMBDL,"Residential, Commercial Projects Companies",1
EMCURE,Pharmaceuticals Companies,1
EMIL,Diversified Retail Companies,1
EMKAY,Stockbroking & Allied Companies,1
EMMBI,Packaging Companies,0
EMMVEE,Other Electrical Equipment Companies,1
EMSLIMITED,Waste Management Companies,1
EMUDHRA,IT Enabled Services Companies,1
ENCOMPAS,Trading & Distributors Companies,0
ENDURANCE,Auto Components & Equipments Companies,1
ENERGYDEV,Civil Construction Companies,1
ENERGYINF,Gas Transmission/Marketing Companies,0
ENGINERSIN,Civil Construction Companies,1
ENIL,Media & Entertainment Companies,1
ENRIN,Heavy Electrical Equipment Companies,1
ENTERO,Pharmacy Retail Companies,1
ENVIRO,Other Industrial Products Companies,0
EPACK,Household Appliances Companies,1
EPACKPEB,Industrial Machinery Companies,1
EPIGRAL,Specialty Chemicals Companies,1
EPL,Packaging Companies,1
EPWINDIA,Computers Hardware & Equipments Companies,0
EQUIPPP,IT Consulting & Software Companies,0
EQUITASBNK,Other Bank Companies,1
ERIS,Biotechnology Companies,1
EROSMEDIA,Entertainment Companies,0
ESABINDIA,Other Industrial Products Companies,1
ESAFSFB,Other Bank Companies,1
ESCONET,Computers Hardware & Equipments Companies,0
ESCORTS,Tractors Companies,1
ESFL,Plastic Products - Consumer Companies,0
ESPRIT,Granites & Marbles Companies,0
ESSARSHPNG,Shipping Companies,1
ESSENTIA,Textiles Companies,0
ESTER,Packaging Companies,1
ETERNAL,E-Retail/ E-Commerce Companies,1
ETHOSLTD,"Gems, Jewellery And Watches Companies",1
ETL,Industrial Products Companies,0
ETML,Tyres & Rubber Products Companies,0
EUREKAFORB,Household Appliances Companies,1
EUROASIA,Aerospace & Defense Companies,0
EUROBOND,"Aluminium, Copper & Zinc Products Companies",1
EUROPRATIK,"Furniture, Home Furnishing Companies",1
EUROTEXIND,Textiles Companies,0
EVEREADY,Household Products Companies,1
EVERESTIND,Other Construction Materials Companies,0
EXCELINDUS,Pesticides & Agrochemicals Companies,1
EXCELSOFT,IT Consulting & Software Companies,1
EXICOM,Heavy Electrical Equipment Companies,1
EXIDEIND,Auto Components & Equipments Companies,1
EXIMROUTES,Paper & Paper Products Companies,0
EXPLEOSOL,IT Consulting & Software Companies,1
EXXARO,Ceramics Companies,1
FABTECH,"Healthcare Research, Analytics & Technology Companies",1
FACT,Fertilizers Companies,1
FAIRCHEMOR,Commodity Chemical Companies,0
FAZE3Q,Other Textile Products Companies,1
FCL,Speciality Chemical Companies,1
FCONSUMER,Diversified Retail Companies,0
FCSSOFT,IT Consulting & Software Companies,0
FDC,Pharmaceuticals Companies,1
FEDERALBNK,Private Sector Bank Companies,1
FEDFINA,Non Banking Financial Company (NBFC) Companies,1
FEL,Diversified Retail Companies,0
FELDVR,Diversified Retail Companies,0
FELIX,Water Supply & Management Companies,0
FIBERWEB,Packaging Companies,1
FIEMIND,Auto Components & Equipments Companies,1
FILATEX,Other Textile Products Companies,1
FILATFASH,Garments & Apparels Companies,0
FINBUD,Financial Technology (Fintech) Companies,0
FINCABLES,Cables - Electricals Companies,1
FINEORG,Specialty Chemicals Companies,1
FINKURVE,Non Banking Financial Company (NBFC) Companies,1
FINOPB,Other Bank Companies,1
FINPIPE,Plastic Products - Industrial Companies,1
FIRSTCRY,E-Retail/ E-Commerce Companies,1
FISCHER,Medical Equipment & Supplies Companies,1
FIVESTAR,Non Banking Financial Company (NBFC) Companies,1
FLAIR,Stationary Companies,1
FLEXITUFF,Packaging Companies,0
FLFL,Diversified Retail Companies,0
FLUOROCHEM,Specialty Chemicals Companies,1
FLYSBS,Airline Companies,0
FMGOETZE,Auto Components & Equipments Companies,1
FMNL,Real Estate Companies,0
FOCE,"Gems, Jewellery And Watches Companies",0
FOCUS,Consumer Electronics Companies,0
FONEBOX,Speciality Retail Companies,0
FOODSIN,Packaged Foods Companies,1
FORCEMOT,Passenger Cars & Utility Vehicles Companies,1
FORTIS,Hospital Companies,1
FOSECOIND,Specialty Chemicals Companies,1
FRACTAL,Computers - Software & Consulting Companies,1
FREDUN,Pharmaceuticals Companies,0
FRESHARA,Other Food Products Companies,0
FROG,Telecom -  Equipment & Accessories Companies,0
FRONTSP,Railway Wagons Companies,1
FSC,Logistics Companies,0
FSL,Business Process Outsourcing (BPO)/ Knowledge Process Outsourcing (KPO) Companies,1
FUSION,Microfinance Institutions Companies,1
FWSTC,Education Companies,0
GABRIEL,Auto Components & Equipments Companies,1
GAEL,Other Agricultural Products Companies,1
GAIL,Gas Transmission/Marketing Companies,1
GALAPREC,Industrial Machinery Companies,1
GALAXYSURF,Specialty Chemicals Companies,1
GALLANTT,Iron & Steel Products Companies,1
GANDHAR,Lubricants Companies,1
GANDHITUBE,Iron & Steel Products Companies,1
GANECOS,Other Textile Products Companies,1
GANESHBE,Oil Storage & Transportation Companies,1
GANESHCP,Packaged Foods Companies,1
GANESHHOU,"Residential, Commercial Projects Companies",1
GANGABATH,Sanitary Ware Companies,0
GANGAFORGE,Iron & Steel Companies,0
GANGESSECU,Tea & Coffee Companies,1
GANGOTRI,Textiles Companies,0
GARFIBRES,Other Textile Products Companies,1
GARUDA,Civil Construction Companies,1
GATECH,Stock Broking Companies,1
GATECHDVR,Stock Broking Companies,1
GATEWAY,Logistics Solution Provider Companies,1
GAUDIUMIVF,Hospital Companies,0
GAYAHWS,"Road AssetsToll, Annuity, Hybrid-Annuity Companies",1
GAYAPROJ,Civil Construction Companies,0
GCSL,Other Capital Market related Services Companies,1
GEECEE,Real Estate Companies,0
GEEKAYWIRE,Heavy Electrical Equipment Companies,1
GEMAROMA,Speciality Chemical Companies,1
GENCON,Civil Construction Companies,1
GENESYS,IT Enabled Services Companies,1
GENSOL,Civil Construction Companies,0
GENUSPAPER,Paper & Paper Products Companies,1
GENUSPOWER,Other Electrical Equipment Companies,1
GEOJITFSL,Stockbroking & Allied Companies,1
GESHIP,Shipping Companies,1
GFLLIMITED,Holding Company Companies,1
GFSTEELS,Iron & Steel Companies,0
GHCL,Commodity Chemicals Companies,1
GHCLTEXTIL,Commodity Chemical Companies,1
GHVINFRA,Civil Construction Companies,0
GICHSGFIN,Housing Finance Company Companies,1
GICL,Logistics Solution Provider Companies,1
GICRE,General Insurance Companies,1
GILLANDERS,Tea & Coffee Companies,1
GILLETTE,Personal Care Companies,1
GINNIFILA,Textiles Companies,0
GIPCL,Power Generation Companies,1
GKENERGY,Power Generation & Distribution Companies,1
GKSL,Hospital Companies,1
GKWLIMITED,Investment Company Companies,1
GLAND,Pharmaceuticals Companies,1
GLAXO,Pharmaceuticals Companies,1
GLENMARK,Pharmaceuticals Companies,1
GLFL,Non Banking Financial Company (NBFC) Companies,0
GLOBAL,Education Companies,1
GLOBALE,Trading - Textile Products Companies,0
GLOBALVECT,Airline Companies,1
GLOBE,Textiles Companies,1
GLOBECIVIL,Civil Construction Companies,0
GLOBUSSPR,Breweries & Distilleries Companies,1
GLOSTERLTD,Jute & Jute Products Companies,1
GLOTTIS,Logistics Solution Provider Companies,0
GMBREW,Breweries & Distilleries Companies,1
GMDCLTD,Industrial Minerals Companies,1
GML,Medical Equipment & Supplies Companies,0
GMMPFAUDLR,Industrial Products Companies,1
GMRAIRPORT,Airport & Airport services Companies,1
GMRP&UI,Power Generation Companies,1
GNA,Auto Components & Equipments Companies,1
GNFC,Commodity Chemicals Companies,1
GNRL,Oil Exploration & Production Companies,1
GOACARBON,Industrial Minerals Companies,1
GOCLCORP,Explosives Companies,1
GOCOLORS,Speciality Retail Companies,1
GODAVARIB,Diversified FMCG Companies,1
GODFRYPHLP,Cigarettes & Tobacco Products Companies,1
GODIGIT,General Insurance Companies,1
GODREJAGRO,Animal Feed Companies,1
GODREJCP,Personal Care Companies,1
GODREJIND,Diversified Companies,1
GODREJPROP,"Residential, Commercial Projects Companies",1
GOENKA,Textiles Companies,0
GOKEX,Garments & Apparels Companies,1
GOKUL,Edible Oil Companies,1
GOKULAGRO,Edible Oil Companies,1
GOLDENTOBC,Cigarettes/Tobacco Companies,0
GOLDIAM,"Gems, Jewellery And Watches Companies",1
GOLDTECH,Software Products Companies,0
GOODLUCK,Iron & Steel Products Companies,1
GOODYEAR,Tyres & Rubber Products Companies,1
GOPAL,Packaged Foods Companies,1
GOYALALUM,Iron & Steel Products Companies,1
GOYALSALT,Other Food Products Companies,0
GPIL,Iron & Steel Products Companies,1
GPPL,Port & Port services Companies,1
GPTHEALTH,Hospital Companies,1
GPTINFRA,Civil Construction Companies,1
GRANDOAK,Breweries & Distilleries Companies,1
GRANULES,Pharmaceuticals Companies,1
GRAPHISAD,Advertising & Media Agencies Companies,0
GRAPHITE,Electrodes & Refractories Companies,1
GRASIM,Cement & Cement Products Companies,1
GRAUWEIL,Commodity Chemicals Companies,1
GRAVITA,Industrial Minerals Companies,1
GRCL,Rubber Companies,0
GREAVESCOT,"Compressors, Pumps & Diesel Engines Companies",1
GREENCHEF,Household Appliances Companies,0
GREENLAM,Plywood Boards/ Laminates Companies,1
GREENLEAF,Waste Management Companies,0
GREENPANEL,Plywood Boards/ Laminates Companies,1
GREENPLY,Plywood Boards/ Laminates Companies,1
GREENPOWER,Power Generation Companies,1
GRETEX,Media & Entertainment Companies,0
GRINDWELL,Abrasives & Bearings Companies,1
GRINFRA,Civil Construction Companies,1
GRMOVER,Other Agricultural Products Companies,1
GROBTEA,Tea & Coffee Companies,1
GROWW,Stockbroking & Allied Companies,1
GRPLTD,Rubber Companies,1
GRSE,Aerospace & Defense Companies,1
GRWRHITECH,Plastic Products - Industrial Companies,1
GSFC,Fertilizers Companies,1
GSLSU,Granites & Marbles Companies,1
GSPCROP,Pesticides & Agrochemicals Companies,1
GSPL,Gas Transmission/Marketing Companies,0
GSS,IT Software Products Companies,1
GTECJAINX,E-Learning Companies,0
GTL,Other Telecom Services Companies,1
GTLINFRA,Telecom - Infrastructure Companies,1
GTPL,TV Broadcasting & Software Production Companies,1
GUFICBIO,Pharmaceuticals Companies,1
GUJALKALI,Commodity Chemicals Companies,1
GUJAPOLLO,Industrial Machinery Companies,1
GUJGASLTD,LPG/CNG/PNG/LNG Supplier Companies,0
GUJRAFFIA,Plastic Products Companies,1
GUJTHEM,Pharmaceuticals Companies,1
GULFOILLUB,Lubricants Companies,1
GULFPETRO,Lubricants Companies,0
GULPOLY,Other Agricultural Products Companies,1
GURUNANAK,Tractors Companies,0
GVKPIL,Renewable Energy Companies,0
GVPIL,Heavy Electrical Equipment Companies,1
GVPTECH,Internet & Catalogue Retail Companies,1
GVT&D,Heavy Electrical Equipment Companies,1
HAL,Aerospace & Defense Companies,1
HALDER,Other Agricultural Products Companies,1
HALEOSLABS,Pharmaceuticals Companies,1
HAPPSTMNDS,Computers - Software & Consulting Companies,1
HAPPYFORGE,Castings & Forgings Companies,1
HARAFIN,Other Financial Services Companies,0
HARDWYN,"Furniture, Home Furnishing Companies",1
HARIOMPIPE,Iron & Steel Companies,1
HARRMALAYA,Rubber Companies,1
HARSHA,Other Industrial Products Companies,1
HATHWAY,TV Broadcasting & Software Production Companies,1
HATSUN,Dairy Products Companies,1
HAVELLS,Consumer Electronics Companies,1
HAVISHA,Gas Transmission/Marketing Companies,1
HAWKINCOOK,Household Appliances Companies,1
HBLENGINE,Other Industrial Products Companies,1
HBSL,Non Banking Financial Company (NBFC) Companies,0
HCC,Civil Construction Companies,1
HCG,Hospital Companies,1
HCL-INSYS,Computers Hardware & Equipments Companies,1
HCLTECH,Computers - Software & Consulting Companies,1
HDBFS,Non Banking Financial Company (NBFC) Companies,1
HDFCAMC,Asset Management Company Companies,1
HDFCBANK,Private Sector Bank Companies,1
HDFCLIFE,Life Insurance Companies,1
HDIL,Real Estate Companies,0
HEADSUP,Trading - Textile Products Companies,1
HECPROJECT,Civil Construction Companies,1
HEG,Electrodes & Refractories Companies,1
HEIDELBERG,Cement & Cement Products Companies,1
HEMIPROP,Diversified Commercial Services Companies,1
HERANBA,Pesticides & Agrochemicals Companies,1
HERITGFOOD,Dairy Products Companies,1
HEROMOTOCO,2/3 Wheelers Companies,1
HESTERBIO,Pharmaceuticals Companies,1
HEXATRADEX,Investment Company Companies,1
HEXT,Computers - Software & Consulting Companies,1
HFCL,Telecom - Infrastructure Companies,1
HGINFRA,Civil Construction Companies,1
HGM,IT Consulting & Software Companies,1
HGS,Business Process Outsourcing (BPO)/ Knowledge Process Outsourcing (KPO) Companies,1
HIGREEN,Waste Management Companies,0
HIKAL,Pharmaceuticals Companies,1
HILINFRA,"Road AssetsToll, Annuity, Hybrid-Annuity Companies",0
HILTON,Castings & Forgings Companies,0
HIMATSEIDE,Other Textile Products Companies,1
HINDALCO,Aluminium Companies,1
HINDCOMPOS,Auto Components & Equipments Companies,1
HINDCON,Paints/Varnish Companies,0
HINDCOPPER,Copper Companies,1
HINDMOTORS,Passenger Cars & Utility Vehicles Companies,0
HINDOILEXP,Oil Exploration & Production Companies,1
HINDPETRO,Refineries & Marketing Companies,1
HINDUNILVR,Diversified FMCG Companies,1
HINDWAREAP,Sanitary Ware Companies,1
HINDZINC,Zinc Companies,1
HIRECT,Heavy Electrical Equipment Companies,1
HISARMETAL,Iron & Steel Companies,1
HITECH,Iron & Steel Companies,1
HITECHCORP,Packaging Companies,0
HITECHGEAR,Auto Components & Equipments Companies,0
HLEGLAS,Industrial Machinery Companies,1
HLVLTD,Hotels & Resorts Companies,1
HMAAGRO,Meat Products including Poultry Companies,1
HMT,Industrial Machinery Companies,0
HMVL,Print Media Companies,1
HNDFDS,Diversified FMCG Companies,1
HOACFOODS,Other Food Products Companies,0
HOMEFIRST,Housing Finance Company Companies,1
HOMESFY,Real Estate related services Companies,0
HONASA,Personal Care Companies,1
HONAUT,Industrial Products Companies,1
HONDAPOWER,Heavy Electrical Equipment Companies,1
HPAL,Speciality Chemical Companies,1
HPIL,Dyes And Pigments Companies,1
HPL,Heavy Electrical Equipment Companies,1
HPTL,Trading & Distributors Companies,0
HRHNEXT,Business Process Outsourcing (BPO)/ Knowledge Process Outsourcing (KPO) Companies,0
HSCL,Carbon Black Companies,1
HTMEDIA,Print Media Companies,1
HUBTOWN,"Residential, Commercial Projects Companies",1
HUDCO,Financial Institution Companies,1
HUHTAMAKI,Packaging Companies,1
HYBRIDFIN,Other Financial Services Companies,0
HYPERSOFT,Computers - Software & Consulting Companies,0
HYUNDAI,Passenger Cars & Utility Vehicles Companies,1
IBULLSLTD,Diversified Commercial Services Companies,0
ICDSLTD,Housing Finance Companies,1
ICEMAKE,Consumer Electronics Companies,1
ICICIAMC,Asset Management Company Companies,1
ICICIBANK,Private Sector Bank Companies,1
ICICIGI,General Insurance Companies,1
ICICIPRULI,Life Insurance Companies,1
ICIL,Other Textile Products Companies,1
ICRA,Ratings Companies,1
IDBI,Private Sector Bank Companies,1
IDEA,Telecom - Cellular & Fixed line services Companies,1
IDEAFORGE,Aerospace & Defense Companies,0
IDENTICAL,Media & Entertainment Companies,0
IDFCFIRSTB,Private Sector Bank Companies,1
IEX,Exchange and Data Platform Companies,1
IFBAGRO,Breweries & Distilleries Companies,0
IFBIND,Household Appliances Companies,1
IFCI,Financial Institution Companies,1
IFGLEXPOR,Electrodes & Refractories Companies,1
IGARASHI,Auto Components & Equipments Companies,1
IGCL,Pesticides & Agrochemicals Companies,1
IGIL,Diversified Commercial Services Companies,1
IGL,LPG/CNG/PNG/LNG Supplier Companies,1
IGPL,Commodity Chemicals Companies,1
IIFL,Non Banking Financial Company (NBFC) Companies,1
IIFLCAPS,Stockbroking & Allied Companies,1
IITL,Other Financial Services Companies,1
IKIO,Consumer Electronics Companies,1
IKS,IT Enabled Services Companies,1
IL&FSENGG,Civil Construction Companies,0
IL&FSTRANS,Real Estate Companies,0
IMAGICAA,Amusement Parks/ Other Recreation Companies,1
IMFA,Ferro & Silica Manganese Companies,1
IMPAL,Trading - Auto components Companies,1
IMPEXFERRO,Ferro & Silica Manganese Companies,0
INA,Heavy Electrical Equipment Companies,1
INCREDIBLE,Iron & Steel Companies,1
INDBANK,Stockbroking & Allied Companies,1
INDGN,"Healthcare Research, Analytics & Technology Companies",1
INDHOTEL,Hotels & Resorts Companies,1
INDIACEM,Cement & Cement Products Companies,1
INDIAGLYCO,Breweries & Distilleries Companies,1
INDIAMART,Internet & Catalogue Retail Companies,1
INDIANB,Public Sector Bank Companies,1
INDIANCARD,Industrial Machinery Companies,1
INDIANHUME,Civil Construction Companies,1
INDIASHLTR,Housing Finance Company Companies,1
INDIFRA,Gas Transmission/Marketing Companies,0
INDIGO,Airline Companies,1
INDIGOPNTS,Paints Companies,1
INDIGRID,Power - Transmission Companies,0
INDIQUBE,Diversified Commercial Services Companies,1
INDLMETER,Heavy Electrical Equipment Companies,0
INDNIPPON,Auto Components & Equipments Companies,1
INDOAMIN,Speciality Chemical Companies,0
INDOBORAX,Commodity Chemicals Companies,1
INDOCO,Pharmaceuticals Companies,1
INDOFARM,Tractors Companies,1
INDOKEM,Dyes And Pigments Companies,0
INDORAMA,Textiles Companies,1
INDOSTAR,Non Banking Financial Company (NBFC) Companies,1
INDOTECH,Heavy Electrical Equipment Companies,0
INDOTHAI,Stockbroking & Allied Companies,1
INDOUS,Other Agricultural Products Companies,1
INDOWIND,Power Generation Companies,0
INDPRUD,Investment Company Companies,1
INDRAMEDCO,Hospital Companies,1
INDSWFTLAB,Pharmaceuticals Companies,1
INDTERRAIN,Textiles Companies,1
INDUSINDBK,Private Sector Bank Companies,1
INDUSINVIT,"Road AssetsToll, Annuity, Hybrid-Annuity Companies",0
INDUSTOWER,Telecom - Infrastructure Companies,1
INFOBEAN,IT Software Products Companies,1
INFOMEDIA,Printing & Publication Companies,1
INFY,Computers - Software & Consulting Companies,1
INGERRAND,"Compressors, Pumps & Diesel Engines Companies",1
INM,"Furniture, Home Furnishing Companies",0
INNOMET,Diversified Metals Companies,0
INNOVACAP,Pharmaceuticals Companies,1
INNOVANA,IT Consulting & Software Companies,1
INNOVISION,Trading & Distributors Companies,1
INOXGREEN,Power Generation Companies,1
INOXINDIA,Other Industrial Products Companies,1
INOXWIND,Heavy Electrical Equipment Companies,1
INSECTICID,Pesticides & Agrochemicals Companies,1
INSPIRE,Media & Entertainment Companies,0
INSPIRISYS,IT Consulting & Software Companies,0
INTELLECT,Computers - Software & Consulting Companies,1
INTENTECH,IT Software Products Companies,1
INTERARCH,Industrial Machinery Companies,1
INTERISE,"Road AssetsToll, Annuity, Hybrid-Annuity Companies",0
INTLCONV,Heavy Electrical Equipment Companies,1
INVENTURE,Stock Broking Companies,1
INVICTA,Healthcare Service Provider Companies,0
IOB,Public Sector Bank Companies,1
IOC,Refineries & Marketing Companies,1
IOLCP,Speciality Chemical Companies,1
IONEXCHANG,Water Supply & Management Companies,1
IPCALAB,Pharmaceuticals Companies,1
IPL,Pesticides & Agrochemicals Companies,1
IRB,Civil Construction Companies,1
IRBINVIT,"Road AssetsToll, Annuity, Hybrid-Annuity Companies",0
IRCON,Civil Construction Companies,1
IRCTC,"Tour, Travel Related Services Companies",1
IREDA,Financial Institution Companies,1
IRFC,Financial Institution Companies,1
IRIS,Software Products Companies,1
IRISDOREME,Garments & Apparels Companies,1
IRMENERGY,LPG/CNG/PNG/LNG Supplier Companies,1
ISCITRUST,Logistics Solution Provider Companies,0
ISFT,E-Retail/ E-Commerce Companies,1
ISGEC,Civil Construction Companies,1
ISHANCH,Speciality Chemical Companies,1
ITC,Diversified FMCG Companies,1
ITCHOTELS,Hotels & Resorts Companies,1
ITDC,Hotels & Resorts Companies,1
ITI,Telecom -  Equipment & Accessories Companies,1
ITTL,Tyres & Rubber Products Companies,0
IVALUE,IT Consulting & Software Companies,1
IVC,Asset Management Company Companies,1
IVP,Speciality Chemical Companies,0
IXIGO,"Tour, Travel Related Services Companies",1
IZMO,IT Consulting & Software Companies,1
J&KBANK,Private Sector Bank Companies,1
JAGRAN,Print Media Companies,1
JAGSNPHARM,Pharmaceuticals Companies,1
JAIBALAJI,Iron & Steel Companies,0
JAICORPLTD,Plastic Products - Industrial Companies,1
JAINAM,Ferro & Silica Manganese Companies,0
JAINIK,Aluminium Companies,0
JAINREC,Diversified Metals Companies,1
JAIPURKURT,Textiles Companies,1
JAMNAAUTO,Auto Components & Equipments Companies,1
JARO,E-Learning Companies,1
JASH,Industrial Products Companies,1
JAYAGROGN,Sugar Companies,1
JAYBARMARU,Auto Components & Equipments Companies,1
JAYKAY,Aerospace & Defense Companies,1
JAYNECOIND,Iron & Steel Products Companies,1
JAYSREETEA,Tea & Coffee Companies,1
JAYTEX,Other Textile Products Companies,0
JBCHEPHARM,Pharmaceuticals Companies,0
JBFIND,Textiles Companies,0
JBMA,Auto Components & Equipments Companies,1
JETAIRWAYS,Airline Companies,0
JETFREIGHT,Logistics Companies,1
JEYYAM,Other Food Products Companies,0
JGCHEM,Commodity Chemicals Companies,1
JHS,Personal Care Companies,1
JINDALPHOT,Investment Company Companies,1
JINDALPOLY,Packaging Companies,1
JINDALSAW,Iron & Steel Products Companies,1
JINDALSTEL,Iron & Steel Companies,1
JINDRILL,Offshore Support Solution Drilling Companies,1
JINDWORLD,Other Textile Products Companies,1
JIOFIN,Investment Company Companies,1
JISLDVREQS,Other Construction Materials Companies,1
JISLJALEQS,Plastic Products - Industrial Companies,1
JITFINFRA,Water Supply & Management Companies,1
JKCEMENT,Cement & Cement Products Companies,1
JKIL,Civil Construction Companies,1
JKIPL,"Dealers-Commercial Vehicles, Tractors, Construction Vehicles Companies",0
JKLAKSHMI,Cement & Cement Products Companies,1
JKPAPER,Paper & Paper Products Companies,1
JKTYRE,Tyres & Rubber Products Companies,1
JLHL,Hospital Companies,1
JMA,Trading - Auto components Companies,1
JMFINANCIL,Holding Company Companies,1
JNKINDIA,Industrial Machinery Companies,1
JOCIL,Speciality Chemical Companies,0
JPASSOCIAT,Civil Construction Companies,0
JPOLYINVST,Investment Company Companies,1
JPPOWER,Power Generation Companies,1
JSFB,Other Bank Companies,1
JSL,Iron & Steel Companies,1
JSLL,Pharmaceuticals Companies,1
JSWCEMENT,Cement & Cement Products Companies,1
JSWDULUX,Paints Companies,1
JSWENERGY,Power Generation Companies,1
JSWHL,Investment Company Companies,1
JSWINFRA,Port & Port services Companies,1
JSWSTEEL,Iron & Steel Companies,1
JTEKTINDIA,Auto Components & Equipments Companies,1
JTLIND,Iron & Steel Products Companies,1
JUBLCPL,Edible Oil Companies,1
JUBLFOOD,Restaurants Companies,1
JUBLINGREA,Specialty Chemicals Companies,1
JUBLPHARMA,Pharmaceuticals Companies,1
JUNIPER,Hotels & Resorts Companies,1
JUSTDIAL,Internet & Catalogue Retail Companies,1
JWL,Railway Wagons Companies,1
JYOTHYLAB,Household Products Companies,1
JYOTICNC,Industrial Products Companies,1
JYOTIRES,Specialty Chemicals Companies,0
JYOTISTRUC,Civil Construction Companies,1
KABRAEXTRU,Industrial Machinery Companies,1
KAJARIACER,Ceramics Companies,1
KAKATCEM,Cement & Cement Products Companies,0
KALAMANDIR,Speciality Retail Companies,1
KALIND,Diversified Companies,0
KALPATARU,"Residential, Commercial Projects Companies",1
KALYANIFRG,Castings & Forgings Companies,1
KALYANKJIL,"Gems, Jewellery And Watches Companies",1
KAMAHOLD,Investment Company Companies,1
KAMATHOTEL,Hotels & Resorts Companies,1
KAMDHENU,Iron & Steel Companies,0
KAMOPAINTS,Paints Companies,1
KANANIIND,"Diamond, Gems and Jewellery Companies",1
KANDARP,Business Process Outsourcing (BPO)/ Knowledge Process Outsourcing (KPO) Companies,0
KANORICHEM,Speciality Chemical Companies,0
KANPRPLA,Packaging Companies,1
KANSAINER,Paints Companies,1
KAPSTON,Diversified Commercial Services Companies,1
KARMAENG,Power Generation & Distribution Companies,1
KARNIKA,Garments & Apparels Companies,0
KARURVYSYA,Private Sector Bank Companies,1
KAUSHALYA,Civil Construction Companies,0
KAVDEFENCE,Telecom -  Equipment & Accessories Companies,1
KAYA,Wellness Companies,1
KAYNES,Industrial Products Companies,1
KCP,Cement & Cement Products Companies,1
KCPSUGIND,Sugar Companies,1
KDDL,"Gems, Jewellery And Watches Companies",1
KDL,Telecom - Infrastructure Companies,0
KEC,Civil Construction Companies,1
KECL,Heavy Electrical Equipment Companies,0
KEEPLEARN,Education Companies,1
KEI,Cables - Electricals Companies,1
KEL,Consumer Electronics Companies,0
KELLTONTEC,IT Consulting & Software Companies,1
KENNAMET,Industrial Products Companies,1
KERNEX,Transport Related Services Companies,1
KESAR,"Residential, Commercial Projects Companies",0
KESORAMIND,Cement & Cement Products Companies,0
KEYFINSERV,Stock Broking Companies,1
KFINTECH,"Depositories, Clearing Houses and Other Intermediaries Companies",1
KHADIM,Footwear Companies,0
KHAICHEM,Fertilizers Companies,0
KHAITANLTD,Consumer Electronics Companies,0
KHANDSE,Stock Broking Companies,1
KHAZANCHI,"Gems, Jewellery And Watches Companies",0
KICL,Investment Company Companies,1
KILITCH,Pharmaceuticals Companies,0
KIMS,Hospital Companies,1
KINGFA,Plastic Products - Industrial Companies,1
KIOCL,Sponge Iron Companies,1
KIRIINDUS,Dyes And Pigments Companies,1
KIRLFER,Pig Iron Companies,1
KIRLOSBROS,"Compressors, Pumps & Diesel Engines Companies",1
KIRLOSENG,"Compressors, Pumps & Diesel Engines Companies",1
KIRLOSIND,Other Industrial Products Companies,1
KIRLPNU,"Compressors, Pumps & Diesel Engines Companies",1
KITEX,Garments & Apparels Companies,1
KKCL,Garments & Apparels Companies,1
KLBRENG-B,Carbon Black Companies,1
KLL,E-Retail/ E-Commerce Companies,0
KMCSHIL,Hospital Companies,0
KMEW,Dredging Companies,1
KMSUGAR,Sugar Companies,1
KNAGRI,Edible Oil Companies,1
KNRCON,Civil Construction Companies,1
KOHINOOR,Food Processing Companies,1
KOKUYOCMLN,Stationary Companies,1
KOLTEPATIL,"Residential, Commercial Projects Companies",1
KOPRAN,Pharmaceuticals Companies,0
KORE,Diversified Retail Companies,0
KOTAKBANK,Private Sector Bank Companies,1
KOTARISUG,Sugar Companies,1
KOTHARIPET,Petrochemicals Companies,1
KOTHARIPRO,Trading & Distributors Companies,1
KOTIC,Trading & Distributors Companies,1
KOTYARK,LPG/CNG/PNG/LNG Supplier Companies,0
KOVAI,Hospital Companies,1
KPEL,Power Generation Companies,1
KPGEL,Solar EPC,0
KPIGREEN,Power Generation Companies,1
KPIL,Civil Construction Companies,1
KPITTECH,Computers - Software & Consulting Companies,1
KPL,Pharmaceuticals Companies,1
KPRMILL,Other Textile Products Companies,1
KRBL,Other Agricultural Products Companies,1
KREBSBIO,Pharmaceuticals Companies,1
KRIDHANINF,Iron & Steel Companies,0
KRISHANA,Fertilizers Companies,1
KRISHIVAL,Other Food Products Companies,1
KRISHNADEF,Aerospace & Defense Companies,1
KRITI,Plastic Products - Industrial Companies,0
KRITIKA,Iron & Steel Companies,1
KRITINUT,Edible Oil Companies,0
KRN,Other Industrial Products Companies,0
KRONOX,Speciality Chemical Companies,1
KROSS,Auto Components & Equipments Companies,1
KRSNAA,Healthcare Service Provider Companies,1
KRT,Real Estate Investment Trusts (REITs) Companies,0
KRYSTAL,Diversified Commercial Services Companies,1
KSB,"Compressors, Pumps & Diesel Engines Companies",1
KSCL,Other Agricultural Products Companies,1
KSHINTL,Cables - Electricals Companies,1
KSHITIJPOL,Printing Inks Companies,0
KSL,Iron & Steel Products Companies,1
KSOLVES,IT Consulting & Software Companies,1
KSR,Footwear Companies,1
KSSMART,Paper & Paper Products Companies,0
KTKBANK,Private Sector Bank Companies,1
KUANTUM,Paper & Paper Products Companies,1
KWIL,Dairy Products Companies,1
LAGNAM,Textiles Companies,1
LAKPRE,Industrial Machinery Companies,0
LAL,Textiles Companies,1
LALPATHLAB,Healthcare Service Provider Companies,1
LAMBODHARA,Textiles Companies,1
LAMOSAIC,Plywood Boards/ Laminates Companies,0
LANCORHOL,Real Estate Companies,1
LANDMARK,Auto Dealer Companies,1
LANDSMILL,IT Consulting & Software Companies,1
LAOPALA,Glass - Consumer Companies,1
LASA,Pharmaceuticals Companies,1
LATENTVIEW,Computers - Software & Consulting Companies,1
LATTEYS,"Compressors, Pumps & Diesel Engines Companies",0
LAURUSLABS,Pharmaceuticals Companies,1
LAXMICOT,Textiles Companies,1
LAXMIDENTL,Medical Equipment & Supplies Companies,1
LAXMIINDIA,Other Financial Services Companies,0
LCCINFOTEC,Education Companies,1
LEMERITE,Textiles Companies,1
LEMONTREE,Hotels & Resorts Companies,1
LENSKART,Speciality Retail Companies,1
LEXUS,"Furniture, Home Furnishing Companies",1
LFIC,Other Financial Services Companies,1
LGBBROSLTD,Industrial Machinery Companies,1
LGEINDIA,Household Appliances Companies,1
LGHL,"Gems, Jewellery And Watches Companies",1
LIBAS,Readymade Garments/ Apparels Companies,1
LIBERTSHOE,Footwear Companies,1
LICHSGFIN,Housing Finance Company Companies,1
LICI,Life Insurance Companies,1
LIKHITHA,Crude Oil & Natural Gas Companies,1
LINC,Stationary Companies,1
LINCOLN,Pharmaceuticals Companies,1
LINDEINDIA,Industrial Gases Companies,1
LKPFIN,Non Banking Financial Company (NBFC) Companies,0
LLOYDS,Wellness Companies,0
LLOYDSENGG,Industrial Products Companies,1
LLOYDSENT,Trading - Metals Companies,1
LLOYDSME,Industrial Minerals Companies,1
LMW,Industrial Products Companies,1
LODHA,"Residential, Commercial Projects Companies",1
LOKESHMACH,Industrial Machinery Companies,0
LORDSCHLO,Speciality Chemical Companies,1
LOTUSDEV,"Residential, Commercial Projects Companies",1
LOTUSEYE,Hospital Companies,1
LOVABLE,Textiles Companies,1
LOYALTEX,Textiles Companies,1
LPDC,Real Estate related services Companies,1
LRRPL,Rubber Companies,0
LSIND,Other Textile Products Companies,0
LT,Civil Construction Companies,1
LTF,Non Banking Financial Company (NBFC) Companies,1
LTFOODS,Other Agricultural Products Companies,1
LTIM,Computers - Software & Consulting Companies,0
LTM,IT Consulting & Software Companies,1
LTTS,IT Enabled Services Companies,1
LUMAXIND,Auto Components & Equipments Companies,1
LUMAXTECH,Auto Components & Equipments Companies,1
LUPIN,Pharmaceuticals Companies,1
LUXIND,Garments & Apparels Companies,1
LXCHEM,Specialty Chemicals Companies,1
LYKALABS,Pharmaceuticals Companies,0
LYPSAGEMS,"Diamond, Gems and Jewellery Companies",0
M&M,Passenger Cars & Utility Vehicles Companies,1
M&MFIN,Non Banking Financial Company (NBFC) Companies,1
MAANALU,Aluminium Companies,1
MACOBSTECH,Personal Care Companies,0
MACPOWER,Industrial Machinery Companies,1
MADHAV,Granites & Marbles Companies,1
MADHAVBAUG,Medical Equipment & Supplies Companies,0
MADHUCON,Civil Construction Companies,0
MADHUSUDAN,Other Food Products Companies,0
MADRASFERT,Fertilizers Companies,1
MAFATIND,Other Textile Products Companies,1
MAGADSUGAR,Sugar Companies,1
MAGNUM,Paper Companies,1
MAGSON,Packaged Foods Companies,0
MAHABANK,Public Sector Bank Companies,1
MAHAPEXLTD,Non Banking Financial Company (NBFC) Companies,1
MAHASTEEL,Iron & Steel Companies,1
MAHEPC,Industrial Machinery Companies,1
MAHESHWARI,Diversified Companies,0
MAHICKRA,Dyes And Pigments Companies,0
MAHLIFE,"Residential, Commercial Projects Companies",1
MAHLOG,Logistics Solution Provider Companies,1
MAHSCOOTER,Investment Company Companies,1
MAHSEAMLES,Iron & Steel Products Companies,1
MAITHANALL,Ferro & Silica Manganese Companies,1
MAKS,"Compressors, Pumps & Diesel Engines Companies",0
MALLCOM,Other Industrial Products Companies,1
MALUPAPER,Paper Companies,1
MAMATA,Industrial Machinery Companies,1
MANAKALUCO,Aluminium Companies,1
MANAKCOAT,Iron & Steel Products Companies,1
MANAKSIA,Iron & Steel Products Companies,1
MANAKSTEEL,Iron & Steel Companies,0
MANALIPETC,Petrochemicals Companies,1
MANAPPURAM,Non Banking Financial Company (NBFC) Companies,1
MANBA,Non Banking Financial Company (NBFC) Companies,1
MANCREDIT,Non Banking Financial Company (NBFC) Companies,1
MANGALAM,Pharmaceuticals Companies,1
MANGLMCEM,Cement & Cement Products Companies,1
MANINDS,Iron & Steel Products Companies,1
MANINFRA,Civil Construction Companies,1
MANKIND,Pharmaceuticals Companies,1
MANOMAY,Textiles Companies,1
MANORAMA,Other Food Products Companies,1
MANORG,Pesticides & Agrochemicals Companies,0
MANUGRAPH,Industrial Machinery Companies,0
MANYAVAR,Speciality Retail Companies,1
MAPMYINDIA,Software Products Companies,1
MARALOVER,Textiles Companies,0
MARATHON,Real Estate Companies,1
MARC,Consulting Services Companies,0
MARCO,Cables - Electricals Companies,0
MARICO,Edible Oil Companies,1
MARINE,Industrial Products Companies,1
MARKOLINES,Civil Construction Companies,1
MARKSANS,Pharmaceuticals Companies,1
MARSONS,Heavy Electrical Equipment Companies,1
MARUSHIKA,Computers Hardware & Equipments Companies,0
MARUTI,Passenger Cars & Utility Vehicles Companies,1
MASFIN,Non Banking Financial Company (NBFC) Companies,1
MASKINVEST,Other Financial Services Companies,0
MASTEK,Computers - Software & Consulting Companies,1
MASTERTR,Stockbroking & Allied Companies,1
MATRIMONY,Internet & Catalogue Retail Companies,1
MAWANASUG,Sugar Companies,0
MAXESTATES,"Residential, Commercial Projects Companies",1
MAXHEALTH,Hospital Companies,1
MAXIND,Holding Company Companies,1
MAXPOSURE,Media & Entertainment Companies,0
MAYURUNIQ,Leather And Leather Products Companies,1
MAZDA,Industrial Machinery Companies,0
MAZDOCK,Ship Building & Allied Services Companies,1
MBAPL,Fertilizers Companies,1
MBECL,Civil Construction Companies,0
MBEL,Industrial Machinery Companies,1
MBLINFRA,Civil Construction Companies,0
MCL,"Aluminium, Copper & Zinc Products Companies",1
MCLEODRUSS,Tea & Coffee Companies,0
MCLOUD,IT Consulting & Software Companies,1
MCON,Other Construction Materials Companies,0
MCX,Exchange and Data Platform Companies,1
MDL,"Furniture, Home Furnishing Companies",0
MEDANTA,Hospital Companies,1
MEDIASSIST,Insurance Distributors Companies,1
MEDICAMEQ,Pharmaceuticals Companies,1
MEDICO,Pharmaceuticals Companies,1
MEDISTEP,Personal Care Companies,0
MEDPLUS,Pharmacy Retail Companies,1
MEESHO,E-Retail/ E-Commerce Companies,1
MEGASTAR,Other Food Products Companies,1
MEGATHERM,Other Industrial Products Companies,0
MEIL,Heavy Electrical Equipment Companies,0
MELSTAR,IT Consulting & Software Companies,0
MENONBE,Auto Components & Equipments Companies,0
MEP,"Road AssetsToll, Annuity, Hybrid-Annuity Companies",0
META,Computers - Software & Consulting Companies,0
METROBRAND,Footwear Companies,1
METROPOLIS,Healthcare Service Provider Companies,1
MFML,Textiles Companies,1
MFSL,Life Insurance Companies,1
MGEL,Other Agricultural Products Companies,0
MGL,LPG/CNG/PNG/LNG Supplier Companies,1
MHHL,Medical Equipment & Supplies Companies,0
MHLXMIRU,Textiles Companies,1
MHRIL,Hotels & Resorts Companies,1
MICEL,Other Industrial Products Companies,0
MIDHANI,Aerospace & Defense Companies,1
MIDWEST,Industrial Minerals Companies,0
MIDWESTLTD,Granites & Marbles Companies,1
MIEL,Consulting Services Companies,0
MIIL,Stockbroking & Allied Companies,0
MILTON,Plywood Boards/ Laminates Companies,0
MINDACORP,Auto Components & Equipments Companies,1
MINDSPACE,Real Estate Investment Trusts (REITs) Companies,0
MINDTECK,IT Consulting & Software Companies,1
MIRCELECTR,Consumer Electronics Companies,0
MIRZAINT,Leather And Leather Products Companies,1
MIT,"Road AssetsToll, Annuity, Hybrid-Annuity Companies",0
MITCON,Consulting Services Companies,0
MITTAL,Readymade Garments/ Apparels Companies,1
MKPL,Edible Oil Companies,1
MMFL,Auto Components & Equipments Companies,1
MMP,Aluminium Companies,1
MMTC,Trading & Distributors Companies,1
MMWL,Media & Entertainment Companies,0
MOBAVENUE,Education Companies,0
MOBIKWIK,Financial Technology (Fintech) Companies,1
MODINATUR,Other Agricultural Products Companies,0
MODINSU,Other Electrical Equipment Companies,0
MODIRUBBER,Tyres & Rubber Products Companies,1
MODIS,Civil Construction Companies,1
MODISONLTD,Heavy Electrical Equipment Companies,0
MODTHREAD,Textiles Companies,1
MOHITIND,Textiles Companies,1
MOIL,Industrial Minerals Companies,1
MOKSH,"Diamond, Gems and Jewellery Companies",1
MOL,Pesticides & Agrochemicals Companies,1
MOLDTECH,Civil Construction Companies,1
MOLDTKPAC,Packaging Companies,1
MONARCH,Stockbroking & Allied Companies,1
MONEYBOXX,Non Banking Financial Company (NBFC) Companies,1
MONOLITH,Electrodes & Refractories Companies,0
MONTECARLO,Garments & Apparels Companies,1
MORARJEE,Textiles Companies,0
MOREPENLAB,Pharmaceuticals Companies,1
MOS,Financial Technology (Fintech) Companies,0
MOSCHIP,Computers Hardware & Equipments Companies,1
MOTHERSON,Auto Components & Equipments Companies,1
MOTILALOFS,Stockbroking & Allied Companies,1
MOTISONS,"Gems, Jewellery And Watches Companies",1
MOTOGENFIN,Real Estate Companies,0
MOXSH,Education Companies,0
MPHASIS,Computers - Software & Consulting Companies,1
MPSLTD,E-Learning Companies,1
MPTODAY,Print Media Companies,0
MRF,Tyres & Rubber Products Companies,1
MRPL,Refineries & Marketing Companies,1
MRUTR,Non Banking Financial Company (NBFC) Companies,0
MSPL,Iron & Steel Companies,1
MSTCLTD,Trading & Distributors Companies,1
MSUMI,Auto Components & Equipments Companies,1
MTARTECH,Aerospace & Defense Companies,0
MTEDUCARE,Education Companies,0
MTNL,Telecom - Cellular & Fixed line services Companies,1
MUFIN,Non Banking Financial Company (NBFC) Companies,1
MUFTI,Speciality Retail Companies,1
MUKANDLTD,Iron & Steel Companies,1
MUKKA,Animal Feed Companies,1
MUKTAARTS,"Film Production, Distribution & Exhibition Companies",0
MUNISH,Castings & Forgings Companies,0
MUNJALAU,Auto Components & Equipments Companies,1
MUNJALSHOW,Auto Components & Equipments Companies,1
MURUDCERA,Ceramics Companies,1
MUTHOOTCAP,Housing Finance Companies,1
MUTHOOTFIN,Non Banking Financial Company (NBFC) Companies,1
MUTHOOTMF,Microfinance Institutions Companies,1
MVGJL,"Diamond, Gems and Jewellery Companies",1
MVKAGRO,Sugar Companies,0
MWL,Trading - Metals Companies,1
NACLIND,Pesticides & Agrochemicals Companies,1
NAGAFERT,Fertilizers Companies,0
NAGREEKCAP,Asset Management Company Companies,0
NAGREEKEXP,Textiles Companies,1
NAHARCAP,Stock Broking Companies,1
NAHARINDUS,Textiles Companies,1
NAHARPOLY,Packaging Companies,1
NAHARSPING,Textiles Companies,0
NAM-INDIA,Asset Management Company Companies,1
NAMAN,"Furniture, Home Furnishing Companies",0
NAMOEWASTE,Waste Management Companies,0
NARMADA,Animal Feed Companies,1
NATCAPSUQ,Pharmaceuticals Companies,1
NATCOPHARM,Pharmaceuticals Companies,1
NATHBIOGEN,Other Agricultural Products Companies,1
NATIONALUM,Aluminium Companies,1
NATIONSTD,Real Estate Companies,1
NAUKRI,Internet & Catalogue Retail Companies,1
NAVA,Power Generation Companies,1
NAVINFLUOR,Specialty Chemicals Companies,1
NAVKARCORP,Logistics Solution Provider Companies,1
NAVKARURB,Civil Construction Companies,0
NAVNETEDUL,Printing & Publication Companies,1
NAZARA,Digital Entertainment Companies,1
NBCC,Civil Construction Companies,1
NBIFIN,Non Banking Financial Company (NBFC) Companies,1
NCC,Civil Construction Companies,1
NCLIND,Cement & Cement Products Companies,1
NDGL,Stock Broking Companies,1
NDL,Textiles Companies,1
NDLVENTURE,Other Financial Services Companies,1
NDRAUTO,Auto Components & Equipments Companies,1
NDRINVIT,Diversified Commercial Services Companies,0
NDTV,TV Broadcasting & Software Production Companies,1
NECCLTD,Logistics Companies,0
NECLIFE,Pharmaceuticals Companies,0
NELCAST,Castings & Forgings Companies,1
NELCO,Computers Hardware & Equipments Companies,1
NEOGEN,Specialty Chemicals Companies,1
NEPHROPLUS,Healthcare Service Provider Companies,1
NEPTUNE,Petrochemicals Companies,0
NESCO,Diversified Commercial Services Companies,1
NESTLEIND,Packaged Foods Companies,1
NETWEB,IT Enabled Services Companies,1
NETWORK18,Media & Entertainment Companies,1
NEUEON,Power Generation & Distribution Companies,0
NEULANDLAB,Pharmaceuticals Companies,1
NEWGEN,Computers - Software & Consulting Companies,1
NEWJAISA,Computers Hardware & Equipments Companies,0
NEXTMEDIA,Media & Entertainment Companies,1
NFL,Fertilizers Companies,1
NGIL,Food Processing Companies,0
NGLFINE,Pharmaceuticals Companies,1
NH,Hospital Companies,1
NHIT,"Road AssetsToll, Annuity, Hybrid-Annuity Companies",0
NHPC,Power Generation Companies,1
NIACL,General Insurance Companies,1
NIBE,Aerospace & Defense Companies,1
NIBL,Abrasives & Bearings Companies,1
NIDAN,Healthcare Service Provider Companies,0
NIITLTD,Education Companies,1
NIITMTS,Education Companies,1
NIKITA,Paper & Paper Products Companies,0
NILAINFRA,Real Estate Companies,1
NILASPACES,Real Estate Companies,1
NILKAMAL,Plastic Products - Consumer Companies,1
NINSYS,IT Consulting & Software Companies,0
NIPPOBATRY,Household Products Companies,1
NIRAJ,Civil Construction Companies,0
NIRAJISPAT,Plastic Products - Consumer Companies,1
NIRLON,Real Estate Companies,1
NITCO,Ceramics Companies,1
NITINSPIN,Other Textile Products Companies,1
NITIRAJ,Consumer Electronics Companies,1
NITTAGELA,Specialty Chemicals Companies,1
NIVABUPA,General Insurance Companies,1
NKIND,Edible Oil Companies,1
NLCINDIA,Power Generation Companies,1
NMDC,Industrial Minerals Companies,1
NOCIL,Speciality Chemical Companies,1
NOIDATOLL,"Road AssetsToll, Annuity, Hybrid-Annuity Companies",0
NORBTEAEXP,Tea & Coffee Companies,0
NORTHARC,Non Banking Financial Company (NBFC) Companies,1
NOVAAGRI,Fertilizers Companies,0
NOVARTIND,Pharmaceuticals Companies,1
NPST,IT Enabled Services Companies,1
NRAIL,Paper & Paper Products Companies,1
NRBBEARING,Iron & Steel Products Companies,1
NRL,Trading - Metals Companies,0
NSDL,"Depositories, Clearing Houses and Other Intermediaries Companies",0
NSIL,Investment Company Companies,1
NSLNISP,Iron & Steel Companies,1
NTPC,Power Generation Companies,1
NTPCGREEN,Power Generation Companies,1
NUCLEUS,Software Products Companies,1
NURECA,Medical Equipment & Supplies Companies,1
NUVAMA,Stockbroking & Allied Companies,1
NUVOCO,Cement & Cement Products Companies,1
NXST,Real Estate Investment Trusts (REITs) Companies,0
NXT-INFRA,"Road AssetsToll, Annuity, Hybrid-Annuity Companies",0
NYKAA,E-Retail/ E-Commerce Companies,1
OAL,Personal Care Companies,1
OBCL,Logistics Companies,1
OBEROIRLTY,"Residential, Commercial Projects Companies",1
OCCLLTD,Speciality Chemical Companies,0
ODIGMA,Advertising Companies,0
OFSS,Software Products Companies,1
OIL,Oil Exploration & Production Companies,1
OILCOUNTUB,Oil Equipment & Services Companies,0
OLAELEC,2/3 Wheelers Companies,1
OLECTRA,Passenger Cars & Utility Vehicles Companies,1
OMAXAUTO,Auto Components & Equipments Companies,0
OMAXE,Real Estate Companies,1
OMFREIGHT,Logistics Companies,0
OMFURN,"Furniture, Home Furnishing Companies",0
OMINFRAL,Civil Construction Companies,1
OMKARCHEM,Speciality Chemical Companies,0
OMNI,Industrial Machinery Companies,1
ONDOOR,Diversified Retail Companies,0
ONELIFECAP,Other Financial Services Companies,0
ONEPOINT,Business Process Outsourcing (BPO)/ Knowledge Process Outsourcing (KPO) Companies,1
ONESOURCE,Pharmaceuticals Companies,1
ONGC,Oil Exploration & Production Companies,1
ONIXSOLAR,Renewable Energy Companies,0
ONMOBILE,Web based media and service Companies,0
ONWARDTEC,IT Consulting & Software Companies,1
OPTIEMUS,Telecom -  Equipment & Accessories Companies,1
ORBTEXP,Textiles Companies,0
ORCHASP,IT Consulting & Software Companies,1
ORCHPHARMA,Pharmaceuticals Companies,1
ORIANA,Other Electrical Equipment Companies,0
ORICONENT,Packaging Companies,1
ORIENTALTL,Granites & Marbles Companies,1
ORIENTBELL,Ceramics Companies,1
ORIENTCEM,Cement & Cement Products Companies,1
ORIENTCER,Electrodes & Refractories Companies,1
ORIENTELEC,Household Appliances Companies,1
ORIENTHOT,Hotels & Resorts Companies,1
ORIENTLTD,Packaging Companies,1
ORIENTPPR,Paper & Paper Products Companies,1
ORIENTTECH,IT Enabled Services Companies,1
ORIRAIL,Railway Wagons Companies,0
ORISSAMINE,Industrial Minerals Companies,1
ORKLAINDIA,Other Food Products Companies,1
ORTEL,TV Broadcasting & Software Production Companies,0
ORTINGLOBE,Pharmaceuticals Companies,0
OSELDEVICE,Medical Equipment & Supplies Companies,0
OSIAHYPER,Diversified Retail Companies,0
OSWALAGRO,Trading & Distributors Companies,0
OSWALGREEN,Investment Company Companies,1
OSWALPUMPS,"Compressors, Pumps & Diesel Engines Companies",1
OSWALSEEDS,Edible Oil Companies,1
OWAIS,Ferro & Silica Manganese Companies,0
PACEDIGITK,Telecom - Infrastructure Companies,1
PAGEIND,Garments & Apparels Companies,1
PAISALO,Non Banking Financial Company (NBFC) Companies,1
PAKKA,Paper & Paper Products Companies,1
PALASHSECU,Real Estate Companies,1
PALREDTEC,IT Consulting & Software Companies,0
PANACEABIO,Pharmaceuticals Companies,1
PANACHE,Computer Hardware Companies,0
PANAMAPET,Lubricants Companies,1
PANSARI,Real Estate Companies,1
PAR,Pharmaceuticals Companies,1
PARACABLES,Cables - Electricals Companies,1
PARADEEP,Fertilizers Companies,1
PARAGMILK,Dairy Products Companies,1
PARAGON,Dyes And Pigments Companies,0
PARAS,Aerospace & Defense Companies,1
PARASPETRO,Textiles Companies,1
PARIN,"Furniture, Home Furnishing Companies",0
PARKHOSPS,Hospital Companies,1
PARKHOTELS,Hotels & Resorts Companies,1
PARSVNATH,Real Estate Companies,0
PARTYCRUS,Other Consumer Services Companies,0
PASHUPATI,Other Textile Products Companies,1
PASUPTAC,Petrochemicals Companies,0
PATANJALI,Edible Oil Companies,1
PATELENG,Civil Construction Companies,1
PATELRMART,Diversified Retail Companies,1
PATINTLOG,Logistics Companies,0
PATTECH,Castings & Forgings Companies,0
PAUSHAKLTD,Speciality Chemical Companies,1
PAVNAIND,Auto Components & Equipments Companies,1
PAYTM,Financial Technology (Fintech) Companies,1
PCBL,Carbon Black Companies,1
PCCL,Industrial Minerals Companies,0
PCJEWELLER,"Gems, Jewellery And Watches Companies",1
PDMJEPAPER,Paper & Paper Products Companies,1
PDSL,Trading - Textile Products Companies,1
PEARLPOLY,Plastic Products - Consumer Companies,0
PELATRO,Web based media and service Companies,0
PENIND,Iron & Steel Companies,1
PENINLAND,Real Estate Companies,0
PENTAGON,Rubber Companies,0
PERSISTENT,Computers - Software & Consulting Companies,1
PETRONET,LPG/CNG/PNG/LNG Supplier Companies,1
PFC,Financial Institution Companies,1
PFIZER,Pharmaceuticals Companies,1
PFOCUS,Media & Entertainment Companies,1
PFS,Other Financial Services Companies,1
PGEL,Consumer Electronics Companies,1
PGHH,Personal Care Companies,1
PGHL,Pharmaceuticals Companies,1
PGIL,Garments & Apparels Companies,1
PGINVIT,Power - Transmission Companies,0
PHANTOMFX,Media & Entertainment Companies,0
PHOENIXLTD,"Residential, Commercial Projects Companies",1
PICCADIL,Breweries & Distilleries Companies,1
PIDILITIND,Specialty Chemicals Companies,1
PIGL,Heavy Electrical Equipment Companies,1
PIIND,Pesticides & Agrochemicals Companies,1
PILANIINVS,Holding Company Companies,1
PILITA,Plastic Products - Consumer Companies,0
PINELABS,Financial Technology (Fintech) Companies,1
PIONEEREMB,Textiles Companies,1
PIRAMALFIN,Housing Finance Company Companies,1
PITTIENG,Industrial Products Companies,1
PIXTRANS,Rubber Companies,1
PKTEA,Tea & Coffee Companies,1
PLADAINFO,Business Process Outsourcing (BPO)/ Knowledge Process Outsourcing (KPO) Companies,0
PLASTIBLEN,Speciality Chemical Companies,1
PLATIND,Petrochemical Companies,1
PLAZACABLE,Cables - Electricals Companies,0
PNB,Public Sector Bank Companies,1
PNBGILTS,Investment Company Companies,1
PNBHOUSING,Housing Finance Company Companies,1
PNC,"Film Production, Distribution & Exhibition Companies",1
PNCINFRA,Civil Construction Companies,1
PNGJL,"Gems, Jewellery And Watches Companies",1
PNGSREVA,"Diamond, Gems and Jewellery Companies",1
POCL,Diversified Metals Companies,1
PODDARHOUS,Real Estate Companies,0
PODDARMENT,Dyes And Pigments Companies,1
POKARNA,Granites & Marbles Companies,1
POLICYBZR,Financial Technology (Fintech) Companies,1
POLYCAB,Cables - Electricals Companies,1
POLYMED,Medical Equipment & Supplies Companies,1
POLYPLEX,Packaging Companies,1
POLYSIL,Plastic Products - Industrial Companies,0
PONNIERODE,Sugar Companies,1
POONAWALLA,Non Banking Financial Company (NBFC) Companies,1
POWERGRID,Power - Transmission Companies,1
POWERICA,Heavy Electrical Equipment Companies,1
POWERINDIA,Heavy Electrical Equipment Companies,1
POWERMECH,Civil Construction Companies,1
PPAP,Auto Components & Equipments Companies,0
PPL,Plastic Products - Industrial Companies,0
PPLPHARMA,Pharmaceuticals Companies,1
PPSL,"Film Production, Distribution & Exhibition Companies",0
PRABHA,Oil Exploration & Production Companies,1
PRAENG,Real Estate Companies,1
PRAJIND,Industrial Products Companies,1
PRAKASH,Iron & Steel Companies,1
PRAKASHSTL,Iron & Steel Companies,1
PRAMARA,Advertising & Media Agencies Companies,0
PRAXIS,Speciality Retail Companies,0
PRECAM,Auto Components & Equipments Companies,1
PRECOT,Textiles Companies,1
PRECWIRE,"Aluminium, Copper & Zinc Products Companies",1
PREMEXPLN,Explosives Companies,1
PREMIER,Industrial Machinery Companies,0
PREMIERENE,Other Electrical Equipment Companies,1
PREMIERPOL,Plastic Products - Industrial Companies,1
PRESTIGE,"Residential, Commercial Projects Companies",1
PRICOLLTD,Auto Components & Equipments Companies,1
PRIMECAB,Cables - Electricals Companies,0
PRIMESECU,Other Financial Services Companies,1
PRIMO,Commodity Chemicals Companies,1
PRINCEPIPE,Plastic Products - Industrial Companies,1
PRITI,"Furniture, Home Furnishing Companies",0
PRITIKAUTO,Industrial Machinery Companies,0
PRIVISCL,Specialty Chemicals Companies,1
PROFX,Consumer Electronics Companies,0
PROLIFE,Dyes And Pigments Companies,0
PROPEQUITY,Real Estate related services Companies,0
PROSTARM,Heavy Electrical Equipment Companies,1
PROTEAN,IT Enabled Services Companies,1
PROV,Other Food Products Companies,0
PROZONER,Real Estate Companies,1
PRSMJOHNSN,Cement & Cement Products Companies,1
PRUDENT,Financial Products Distributor Companies,1
PRUDMOULI,Food Processing Companies,0
PSB,Public Sector Bank Companies,1
PSPPROJECT,Civil Construction Companies,1
PTC,Power Trading Companies,1
PTCIL,Other Industrial Products Companies,1
PTL,Auto Tyres & Rubber Products Companies,1
PULZ,Consumer Electronics Companies,0
PUNJABCHEM,Pesticides & Agrochemicals Companies,1
PURPLEUTED,Garments & Apparels Companies,0
PURVA,"Residential, Commercial Projects Companies",1
PVP,Real Estate Companies,1
PVRINOX,"Film Production, Distribution & Exhibition Companies",1
PVSL,Auto Dealer Companies,1
PWL,E-Learning Companies,1
PYRAMID,Packaging Companies,1
QMSMEDI,Medical Equipment & Supplies Companies,1
QPOWER,Heavy Electrical Equipment Companies,0
QUADFUTURE,Cables - Electricals Companies,1
QUESS,Diversified Commercial Services Companies,1
QUICKHEAL,Software Products Companies,0
QUINTEGRA,IT Consulting & Software Companies,0
QVCEL,Ferro & Silica Manganese Companies,0
RACE,Waste Management Companies,1
RACLGEAR,Auto Components & Equipments Companies,1
RADAAN,Media & Entertainment Companies,1
RADHIKAJWE,"Diamond, Gems and Jewellery Companies",1
RADIANTCMS,Other Financial Services Companies,1
RADICO,Breweries & Distilleries Companies,1
RADIOCITY,Media & Entertainment Companies,1
RADIOWALLA,Media & Entertainment Companies,0
RAILTEL,Other Telecom Services Companies,1
RAIN,Petrochemicals Companies,1
RAINBOW,Hospital Companies,1
RAJESH,Engineering Services Companies,0
RAJESHEXPO,"Gems, Jewellery And Watches Companies",0
RAJINDLTD,"Aluminium, Copper & Zinc Products Companies",0
RAJMET,"Aluminium, Copper & Zinc Products Companies",1
RAJOOENG,Industrial Machinery Companies,0
RAJPUTANA,Petrochemicals Companies,0
RAJRATAN,Auto Components & Equipments Companies,1
RAJRILTD,Other Textile Products Companies,0
RAJSREESUG,Sugar Companies,1
RAJTV,TV Broadcasting & Software Production Companies,1
RAJVIR,Textiles Companies,0
RALLIS,Pesticides & Agrochemicals Companies,1
RAMANEWS,Paper & Paper Products Companies,1
RAMAPHO,Fertilizers Companies,1
RAMASTEEL,Iron & Steel Companies,0
RAMCOCEM,Cement & Cement Products Companies,1
RAMCOIND,Other Construction Materials Companies,1
RAMCOSYS,Software Products Companies,1
RAMKY,Civil Construction Companies,1
RAMRAT,Other Electrical Equipment Companies,1
RANASUG,Sugar Companies,1
RANEHOLDIN,Holding Company Companies,1
RATEGAIN,Computers - Software & Consulting Companies,1
RATNAMANI,Iron & Steel Products Companies,1
RATNAVEER,Iron & Steel Companies,1
RAYMOND,Textiles Companies,1
RAYMONDLSL,Other Textile Products Companies,1
RAYMONDREL,Real Estate Companies,1
RBA,Restaurants Companies,1
RBLBANK,Private Sector Bank Companies,1
RBS,Edible Oil Companies,0
RBZJEWEL,"Diamond, Gems and Jewellery Companies",1
RCDL,Edible Oil Companies,0
RCF,Fertilizers Companies,1
RCOM,Telecom - Cellular & Fixed line services Companies,0
RECLTD,Financial Institution Companies,1
REDINGTON,Trading & Distributors Companies,1
REDTAPE,Footwear Companies,1
REFEX,Industrial Gases Companies,1
REFRACTORY,Electrodes & Refractories Companies,0
REGAAL,Other Agricultural Products Companies,0
REGENCERAM,Ceramics Companies,1
RELAXO,Footwear Companies,1
RELCHEMQ,Textiles Companies,1
RELIABLE,Other Financial Services Companies,1
RELIANCE,Refineries & Marketing Companies,1
RELIGARE,Investment Company Companies,1
RELINFRA,Integrated Power Utilities Companies,0
RELTD,Other Electrical Equipment Companies,1
REMSONSIND,Auto Components & Equipments Companies,1
RENUKA,Sugar Companies,1
REPCOHOME,Housing Finance Company Companies,1
REPL,IT Consulting & Software Companies,0
REPRO,Printing & Publication Companies,1
RESPONIND,"Furniture, Home Furnishing Companies",1
RETAIL,Diversified Retail Companies,1
REXPIPES,Plastic Products - Industrial Companies,0
REXPRO,"Furniture, Home Furnishing Companies",0
RGL,"Gems, Jewellery And Watches Companies",1
RHETAN,Iron & Steel Companies,1
RHFL,Housing Finance Company Companies,0
RHIM,Electrodes & Refractories Companies,1
RHL,Hotels & Resorts Companies,1
RICHA,Computers Hardware & Equipments Companies,0
RICOAUTO,Auto Components & Equipments Companies,1
RIIL,Logistics Solution Provider Companies,1
RIIT,"Road AssetsToll, Annuity, Hybrid-Annuity Companies",0
RIR,Electronic Manufacturing Services,1
RISHABH,Other Electrical Equipment Companies,1
RITCO,Logistics Solution Provider Companies,1
RITES,Civil Construction Companies,1
RKDL,Breweries & Distilleries Companies,1
RKEC,Civil Construction Companies,1
RKFORGE,Auto Components & Equipments Companies,1
RKSWAMY,Advertising & Media Agencies Companies,1
RMC,Heavy Electrical Equipment Companies,1
RMDRIP,Plastic Products - Industrial Companies,1
RML,Auto Components & Equipments Companies,1
RNBDENIMS,Other Textile Products Companies,1
RNFI,Other Financial Services Companies,0
ROADSTAR,"Road AssetsToll, Annuity, Hybrid-Annuity Companies",0
ROHLTD,Hotels & Resorts Companies,1
ROLEXRINGS,Industrial Machinery Companies,1
ROLLT,Packaging Companies,0
ROML,Edible Oil Companies,1
ROSSARI,Diversified Companies,1
ROSSELLIND,Tea & Coffee Companies,1
ROSSTECH,Aerospace & Defense Companies,1
ROTO,"Compressors, Pumps & Diesel Engines Companies",1
ROUTE,Other Telecom Services Companies,1
ROYALARC,Electrodes & Refractories Companies,0
RPEL,Electrodes & Refractories Companies,1
RPGLIFE,Pharmaceuticals Companies,1
RPOWER,Power Generation Companies,1
RPPINFRA,Civil Construction Companies,1
RPPL,Packaging Companies,1
RPSGVENT,Business Process Outsourcing (BPO)/ Knowledge Process Outsourcing (KPO) Companies,1
RPTECH,Computers Hardware & Equipments Companies,1
RRKABEL,Cables - Electricals Companies,1
RRP,Electronic Manufacturing Services,0
RSL,Iron & Steel Companies,1
RSSOFTWARE,IT Software Products Companies,0
RSWM,Textiles Companies,0
RSYSTEMS,IT Enabled Services Companies,1
RTL,Telecom - Infrastructure Companies,0
RTNINDIA,E-Retail/ E-Commerce Companies,1
RTNPOWER,Power Generation Companies,1
RUBFILA,Rubber Companies,1
RUBICON,Pharmaceuticals Companies,1
RUBYMILLS,Textiles Companies,0
RUCHINFRA,Logistics Companies,1
RUCHIRA,Paper & Paper Products Companies,1
RUDRA,Iron & Steel Companies,0
RUPA,Garments & Apparels Companies,1
RUSHIL,Plywood Boards/ Laminates Companies,1
RUSTOMJEE,"Residential, Commercial Projects Companies",1
RVHL,Real Estate Companies,1
RVNL,Civil Construction Companies,1
RVTH,Industrial Machinery Companies,1
S&SPOWER,Heavy Electrical Equipment Companies,1
SAATVIKGL,Other Electrical Equipment Companies,1
SABEVENTS,Electronic Media Companies,1
SADBHAV,Civil Construction Companies,1
SADBHIN,Real Estate Companies,0
SADHAV,Shipping Companies,0
SADHNANIQ,Commodity Chemicals Companies,0
SAFARI,Plastic Products - Consumer Companies,1
SAFEENTP,"Furniture, Home Furnishing Companies",0
SAGARDEEP,"Aluminium, Copper & Zinc Products Companies",1
SAGCEM,Cement & Cement Products Companies,1
SAGILITY,IT Enabled Services Companies,1
SAHASRA,Other Industrial Products Companies,0
SAHYADRI,Other Construction Materials Companies,1
SAIL,Iron & Steel Companies,1
SAILIFE,Pharmaceuticals Companies,1
SAIPARENT,Pharmaceuticals Companies,1
SAKAR,Pharmaceuticals Companies,1
SAKHTISUG,Sugar Companies,1
SAKSOFT,IT Consulting & Software Companies,1
SAKUMA,Trading & Distributors Companies,0
SALASAR,Industrial Machinery Companies,1
SALONA,Textiles Companies,1
SALSTEEL,Sponge Iron Companies,0
SALZERELEC,Other Electrical Equipment Companies,1
SAMBHAAV,Electronic Media Companies,1
SAMBHV,Iron & Steel Products Companies,1
SAMHI,Hotels & Resorts Companies,1
SAMMAANCAP,Housing Finance Company Companies,1
SAMPANN,Rubber Companies,1
SANATHAN,Other Textile Products Companies,1
SANCO,Other Construction Materials Companies,0
SANDESH,Print Media Companies,1
SANDHAR,Auto Tyres & Rubber Products Companies,1
SANDUMA,Coal Companies,1
SANGAMIND,Other Textile Products Companies,1
SANGHIIND,Cement & Cement Products Companies,0
SANGHVIMOV,Diversified Commercial Services Companies,1
SANGINITA,Paints/Varnish Companies,0
SANOFI,Pharmaceuticals Companies,1
SANOFICONR,Pharmaceuticals Companies,1
SANSERA,Auto Components & Equipments Companies,1
SANSTAR,Other Agricultural Products Companies,1
SANWARIA,Edible Oil Companies,0
SAPL,Auto Components & Equipments Companies,0
SAPPHIRE,Restaurants Companies,1
SARDAEN,Iron & Steel Companies,1
SAREGAMA,Media & Entertainment Companies,1
SARLAPOLY,Textiles Companies,1
SARTELE,Telecom - Infrastructure Companies,0
SARVESHWAR,Other Agricultural Products Companies,0
SASKEN,IT Enabled Services Companies,1
SASTASUNDR,Healthcare Service Provider Companies,0
SATIA,Paper & Paper Products Companies,1
SATIN,Microfinance Institutions Companies,1
SATTVAENGG,Water Supply & Management Companies,0
SAURASHCEM,Cement & Cement Products Companies,1
SAWALIYA,Other Agricultural Products Companies,0
SBC,Garments & Apparels Companies,1
SBCL,Iron & Steel Products Companies,1
SBFC,Non Banking Financial Company (NBFC) Companies,1
SBGLP,Real Estate Companies,1
SBICARD,Non Banking Financial Company (NBFC) Companies,1
SBILIFE,Life Insurance Companies,1
SBIN,Public Sector Bank Companies,1
SCHAEFFLER,Auto Components & Equipments Companies,1
SCHAND,Printing & Publication Companies,1
SCHNEIDER,Heavy Electrical Equipment Companies,1
SCI,Shipping Companies,1
SCILAL,Investment Company Companies,1
SCML,Castings & Forgings Companies,0
SCODATUBES,Iron & Steel Companies,1
SCPL,Dairy Products Companies,1
SDBL,Breweries & Distilleries Companies,1
SEAMECLTD,Shipping Companies,1
SECMARK,IT Consulting & Software Companies,1
SECURKLOUD,IT Consulting & Software Companies,1
SEDEMAC,Auto Components & Equipments Companies,1
SEIL,Education Companies,1
SEITINVIT,Power Generation Companies,0
SEJALLTD,Glass - Industrial Companies,0
SELMC,Textiles Companies,1
SEMAC,Industrial Machinery Companies,0
SENCO,"Gems, Jewellery And Watches Companies",1
SENORES,Pharmaceuticals Companies,1
SEPC,Civil Construction Companies,1
SERVOTECH,Other Electrical Equipment Companies,1
SESHAPAPER,Paper & Paper Products Companies,1
SETCO,Auto Components & Equipments Companies,0
SETL,Industrial Products Companies,1
SETUINFRA,Civil Construction Companies,0
SEYAIND,Speciality Chemical Companies,0
SFL,"Furniture, Home Furnishing Companies",1
SGFIN,Other Financial Services Companies,1
SGIL,Castings & Forgings Companies,1
SGL,Textiles Companies,1
SGMART,Trading - Metals Companies,1
SHADOWFAX,Logistics Solution Provider Companies,1
SHAH,Iron & Steel Companies,1
SHAHALLOYS,Iron & Steel Companies,1
SHAILY,Plastic Products - Industrial Companies,1
SHAKTIPUMP,"Compressors, Pumps & Diesel Engines Companies",1
SHALBY,Hospital Companies,1
SHALPAINTS,Paints Companies,1
SHANKARA,Speciality Retail Companies,1
SHANTHALA,Cigarettes & Tobacco Products Companies,0
SHANTI,Edible Oil Companies,1
SHANTIGEAR,Industrial Products Companies,1
SHANTIGOLD,"Gems, Jewellery And Watches Companies",1
SHARDACROP,Pesticides & Agrochemicals Companies,1
SHARDAMOTR,Auto Components & Equipments Companies,1
SHAREINDIA,Stockbroking & Allied Companies,1
SHEETAL,Other Agricultural Products Companies,0
SHEKHAWATI,Textiles Companies,0
SHEMAROO,Media & Entertainment Companies,0
SHERA,"Aluminium, Copper & Zinc Products Companies",0
SHILCTECH,Other Electrical Equipment Companies,1
SHILPAMED,Pharmaceuticals Companies,1
SHIVALIK,Pesticides & Agrochemicals Companies,0
SHIVAMAUTO,Auto Components & Equipments Companies,0
SHIVAMILLS,Textiles Companies,0
SHIVASHRIT,Other Food Products Companies,0
SHIVATEX,Textiles Companies,1
SHIVAUM,Trading & Distributors Companies,1
SHK,Personal Care Companies,1
SHKSIL,Sponge Iron Companies,0
SHOPERSTOP,Diversified Retail Companies,1
SHRADHA,Real Estate Companies,1
SHREDIGCEM,Cement & Cement Products Companies,1
SHREECEM,Cement & Cement Products Companies,1
SHREEJISPG,Shipping Companies,1
SHREEOSFM,Road Transport Companies,0
SHREEPUSHK,Dyes And Pigments Companies,1
SHREERAMA,Packaging Companies,1
SHREMINVIT,Civil Construction Companies,0
SHRENIK,Paper Companies,0
SHREYANIND,Paper & Paper Products Companies,1
SHRIAHIMSA,Other Food Products Companies,0
SHRINGARMS,"Gems, Jewellery And Watches Companies",1
SHRIPISTON,Auto Components & Equipments Companies,1
SHRIRAMFIN,Non Banking Financial Company (NBFC) Companies,1
SHRIRAMPPS,Real Estate Companies,1
SHUBHSHREE,Other Industrial Products Companies,0
SHUKRAPHAR,Pharmaceuticals Companies,0
SHYAMCENT,Ferro & Silica Manganese Companies,0
SHYAMDHANI,Other Food Products Companies,0
SHYAMMETL,Iron & Steel Products Companies,1
SHYAMTEL,Telecomm Equipment Companies,0
SICALLOG,Logistics Solution Provider Companies,1
SIDDHIKA,Paints Companies,0
SIEMENS,Heavy Electrical Equipment Companies,1
SIGACHI,Biotechnology Companies,0
SIGIND,Speciality Chemical Companies,1
SIGMA,IT Consulting & Software Companies,1
SIGMAADV,Other Telecom Services Companies,0
SIGNATURE,"Residential, Commercial Projects Companies",1
SIGNPOST,Advertising & Media Agencies Companies,1
SIKA,Aerospace & Defense Companies,1
SIKKO,Pesticides & Agrochemicals Companies,1
SIL,Real Estate related services Companies,1
SILGO,"Diamond, Gems and Jewellery Companies",1
SILINV,Other Financial Services Companies,1
SILLYMONKS,Media & Entertainment Companies,1
SILVERTUC,IT Consulting & Software Companies,1
SIMBHALS,Sugar Companies,0
SIMPLEXINF,Civil Construction Companies,1
SINCLAIR,Hotels & Resorts Companies,1
SINDHUTRAD,Logistics Solution Provider Companies,1
SINGERIND,Consumer Electronics Companies,1
SINTERCOM,Auto Components & Equipments Companies,1
SIRCA,Paints Companies,1
SIS,Other Consumer Services Companies,1
SITINET,TV Broadcasting & Software Production Companies,0
SIYSIL,Other Textile Products Companies,1
SJLOGISTIC,Logistics Solution Provider Companies,0
SJS,Auto Components & Equipments Companies,1
SJVN,Power Generation Companies,1
SKFINDIA,Abrasives & Bearings Companies,1
SKFINDUS,Abrasives & Bearings Companies,1
SKIL,Civil Construction Companies,0
SKIPPER,Heavy Electrical Equipment Companies,1
SKMEGGPROD,Meat Products including Poultry Companies,1
SKP,Abrasives & Bearings Companies,0
SKYGOLD,"Gems, Jewellery And Watches Companies",1
SLONE,Computers Hardware & Equipments Companies,0
SMARTLINK,Computers Hardware & Equipments Companies,0
SMARTWORKS,Diversified Commercial Services Companies,1
SMCGLOBAL,Stockbroking & Allied Companies,1
SMLMAH,Commercial Vehicles Companies,1
SMLT,Heavy Electrical Equipment Companies,1
SMSPHARMA,Pharmaceuticals Companies,1
SNOWMAN,Logistics Solution Provider Companies,1
SOBHA,"Residential, Commercial Projects Companies",1
SOCL,Lubricants Companies,0
SOFTTECH,IT Software Products Companies,0
SOLARA,Pharmaceuticals Companies,1
SOLARINDS,Explosives Companies,1
SOLARWORLD,Power Generation & Distribution Companies,1
SOLEX,Heavy Electrical Equipment Companies,1
SOMANYCERA,Ceramics Companies,1
SOMATEX,Textiles Companies,1
SOMICONVEY,Auto Tyres & Rubber Products Companies,1
SONACOMS,Auto Components & Equipments Companies,1
SONAMLTD,Consumer Electronics Companies,1
SONATSOFTW,Computers - Software & Consulting Companies,1
SOTL,Lubricants Companies,1
SOUTHBANK,Private Sector Bank Companies,1
SOUTHWEST,Crude Oil & Natural Gas Companies,1
SPAL,Garments & Apparels Companies,1
SPANDANA,Microfinance Institutions Companies,1
SPARC,Biotechnology Companies,1
SPCENET,Trading & Distributors Companies,1
SPECIALITY,Restaurants Companies,1
SPECTRUM,Heavy Electrical Equipment Companies,1
SPENCERS,Diversified Retail Companies,1
SPIC,Fertilizers Companies,1
SPICEJET,Airline Companies,0
SPICELOUNG,Restaurants Companies,0
SPLIL,Trading - Textile Products Companies,1
SPLPETRO,Petrochemicals Companies,1
SPMLINFRA,Civil Construction Companies,1
SPORTKING,Other Textile Products Companies,1
SPRL,Electrodes & Refractories Companies,0
SRD,Trading - Chemicals Companies,1
SREEL,Footwear Companies,1
SRF,Commodity Chemicals Companies,1
SRGHFL,Housing Finance Company Companies,1
SRHHYPOLTD,Commodity Chemicals Companies,1
SRM,Civil Construction Companies,1
SRPL,Food Processing Companies,0
SRTL,Textiles Companies,1
SSDL,Garments & Apparels Companies,1
SSEGL,Civil Construction Companies,0
SSFL,Other Food Products Companies,0
SSWL,Auto Components & Equipments Companies,1
STALLION,Industrial Gases Companies,1
STANLEY,"Furniture, Home Furnishing Companies",1
STAR,Pharmaceuticals Companies,1
STARCEMENT,Cement & Cement Products Companies,1
STARHEALTH,General Insurance Companies,1
STARPAPER,Paper & Paper Products Companies,1
STARTECK,Non Banking Financial Company (NBFC) Companies,1
STCINDIA,Trading & Distributors Companies,1
STEELCAS,Castings & Forgings Companies,1
STEELCITY,Stock Broking Companies,1
STEELXIND,Iron & Steel Companies,1
STEL,Investment Company Companies,1
STERTOOLS,Industrial Machinery Companies,0
STLNETWORK,Other Telecom Services Companies,0
STLTECH,Telecom -  Equipment & Accessories Companies,0
STOVEKRAFT,Household Appliances Companies,1
STUDDS,Auto Components & Equipments Companies,1
STUDIOLSD,Media & Entertainment Companies,0
STYL,Financial Technology (Fintech) Companies,1
STYLAMIND,Plywood Boards/ Laminates Companies,1
STYLEBAAZA,Speciality Retail Companies,0
STYRENIX,Specialty Chemicals Companies,1
SUBEXLTD,Software Products Companies,0
SUBROS,Other Industrial Products Companies,1
SUDARCOLOR,Dyes And Pigments Companies,1
SUDARSCHEM,Dyes And Pigments Companies,1
SUDEEPPHRM,Pharmaceuticals Companies,1
SUKHJITS,Other Agricultural Products Companies,1
SULA,Breweries & Distilleries Companies,1
SUMEETINDS,Other Textile Products Companies,1
SUMICHEM,Pesticides & Agrochemicals Companies,1
SUMIT,Real Estate Companies,0
SUMMITSEC,Investment Company Companies,1
SUNCLAY,Industrial Machinery Companies,1
SUNDARAM,Stationary Companies,1
SUNDARMFIN,Non Banking Financial Company (NBFC) Companies,1
SUNDRMBRAK,Auto Components & Equipments Companies,0
SUNDRMFAST,Auto Components & Equipments Companies,1
SUNDROP,Edible Oil Companies,1
SUNFLAG,Iron & Steel Products Companies,1
SUNLITE,"Aluminium, Copper & Zinc Products Companies",0
SUNPHARMA,Pharmaceuticals Companies,1
SUNTECK,"Residential, Commercial Projects Companies",1
SUNTV,TV Broadcasting & Software Production Companies,1
SUPERHOUSE,Leather And Leather Products Companies,1
SUPERSPIN,Textiles Companies,0
SUPRAJIT,Auto Components & Equipments Companies,1
SUPREME,Civil Construction Companies,1
SUPREMEENG,Industrial Machinery Companies,0
SUPREMEIND,Plastic Products - Industrial Companies,1
SUPREMEINF,Civil Construction Companies,1
SUPRIYA,Pharmaceuticals Companies,1
SURAJEST,Real Estate Companies,1
SURAJLTD,Iron & Steel Companies,1
SURAKSHA,Healthcare Service Provider Companies,1
SURANASOL,Heavy Electrical Equipment Companies,1
SURANAT&P,Power Generation Companies,1
SURYALAXMI,Textiles Companies,1
SURYAROSNI,Iron & Steel Products Companies,1
SURYODAY,Other Bank Companies,1
SUTLEJTEX,Textiles Companies,0
SUULD,Textiles Companies,0
SUVEN,"Healthcare Research, Analytics & Technology Companies",1
SUVIDHAA,Financial Technology (Fintech) Companies,1
SUYOG,Telecom - Infrastructure Companies,1
SUZLON,Heavy Electrical Equipment Companies,1
SVLL,Logistics Solution Provider Companies,0
SVPGLOB,Textiles Companies,0
SWANCORP,Petrochemicals Companies,1
SWANDEF,Ship Building & Allied Services Companies,0
SWARAJENG,"Compressors, Pumps & Diesel Engines Companies",1
SWELECTES,Heavy Electrical Equipment Companies,1
SWIGGY,E-Retail/ E-Commerce Companies,1
SWSOLAR,Civil Construction Companies,1
SYLVANPLY,Plywood Boards/ Laminates Companies,0
SYMPHONY,Household Appliances Companies,1
SYNCOMF,Pharmaceuticals Companies,1
SYNGENE,"Healthcare Research, Analytics & Technology Companies",1
SYRMA,Industrial Products Companies,1
SYSTMTXC,Stockbroking & Allied Companies,0
TAC,Computers - Software & Consulting Companies,0
TAINWALCHM,Plastic Products - Industrial Companies,1
TAJGVK,Hotels & Resorts Companies,1
TAKE,"Healthcare Research, Analytics & Technology Companies",1
TALBROAUTO,Auto Components & Equipments Companies,1
TANFACIND,Specialty Chemicals Companies,0
TANKUP,Other Industrial Products Companies,0
TANLA,Software Products Companies,1
TARACHAND,Logistics Companies,1
TARAPUR,Heavy Electrical Equipment Companies,1
TARC,"Residential, Commercial Projects Companies",1
TARIL,Heavy Electrical Equipment Companies,1
TARMAT,Civil Construction Companies,1
TARSONS,Medical Equipment & Supplies Companies,1
TASTYBITE,Packaged Foods Companies,1
TATACAP,Non Banking Financial Company (NBFC) Companies,1
TATACHEM,Commodity Chemicals Companies,1
TATACOMM,Telecom - Cellular & Fixed line services Companies,1
TATACONSUM,Tea & Coffee Companies,1
TATAELXSI,Computers - Software & Consulting Companies,1
TATAINVEST,Investment Company Companies,1
TATAPOWER,Integrated Power Utilities Companies,1
TATASTEEL,Iron & Steel Companies,1
TATATECH,IT Enabled Services Companies,1
TATVA,Commodity Chemical Companies,1
TBOTEK,"Tour, Travel Related Services Companies",1
TBZ,"Gems, Jewellery And Watches Companies",1
TCC,Trading & Distributors Companies,1
TCI,Logistics Solution Provider Companies,1
TCIEXP,Logistics Solution Provider Companies,1
TCIFINANCE,Non Banking Financial Company (NBFC) Companies,0
TCPLPACK,Packaging Companies,1
TCS,Computers - Software & Consulting Companies,1
TDPOWERSYS,Heavy Electrical Equipment Companies,1
TEAMGTY,Non Banking Financial Company (NBFC) Companies,1
TEAMLEASE,Diversified Commercial Services Companies,1
TECHIN,Real Estate Companies,0
TECHM,Computers - Software & Consulting Companies,1
TECHNOE,Civil Construction Companies,1
TECHNVISN,Computers - Software & Consulting Companies,1
TECILCHEM,Commodity Chemical Companies,1
TEGA,Industrial Products Companies,1
TEJASCARGO,Logistics Solution Provider Companies,0
TEJASNET,Telecom -  Equipment & Accessories Companies,1
TEMBO,Iron & Steel Companies,1
TENNIND,Auto Components & Equipments Companies,1
TERASOFT,IT Consulting & Software Companies,1
TEXINFRA,Diversified Commercial Services Companies,1
TEXMOPIPES,Other Construction Materials Companies,1
TEXRAIL,Industrial Products Companies,1
TFCILTD,Financial Institution Companies,1
TFL,Non Banking Financial Company (NBFC) Companies,1
TGBHOTELS,Hotels & Resorts Companies,1
TGVSL,Commodity Chemicals Companies,0
THANGAMAYL,"Gems, Jewellery And Watches Companies",1
THEINVEST,Other Financial Services Companies,1
THEJO,Civil Construction Companies,1
THELEELA,Hotels & Resorts Companies,1
THEMISMED,Pharmaceuticals Companies,1
THERMAX,Heavy Electrical Equipment Companies,1
THESL,Other Consumer Services Companies,0
THOMASCOOK,"Tour, Travel Related Services Companies",1
THOMASCOTT,Garments & Apparels Companies,1
THYROCARE,Healthcare Service Provider Companies,1
TI,Breweries & Distilleries Companies,1
TICL,Civil Construction Companies,0
TIGERLOGS,Logistics Companies,0
TIIL,Iron & Steel Products Companies,1
TIINDIA,Auto Components & Equipments Companies,1
TIJARIA,Other Construction Materials Companies,1
TIL,Construction Vehicles Companies,1
TIMETECHNO,Plastic Products - Industrial Companies,1
TIMEX,"Gems, Jewellery And Watches Companies",1
TIMKEN,Abrasives & Bearings Companies,1
TINNARUBR,Rubber Companies,1
TIPSFILMS,"Film Production, Distribution & Exhibition Companies",1
TIPSMUSIC,Media & Entertainment Companies,1
TIRUMALCHM,Commodity Chemicals Companies,1
TIRUPATI,Plastic Products - Industrial Companies,0
TIRUPATIFL,Castings & Forgings Companies,0
TITAGARH,Railway Wagons Companies,1
TITAN,"Gems, Jewellery And Watches Companies",1
TITANBIO,Pesticides & Agrochemicals Companies,0
TMB,Private Sector Bank Companies,1
TMCV,Commercial Vehicles Companies,1
TMPV,Passenger Cars & Utility Vehicles Companies,1
TNPETRO,Petrochemicals Companies,1
TNPL,Paper & Paper Products Companies,1
TNTELE,Telecom -  Equipment & Accessories Companies,1
TOKYOPLAST,Plastic Products - Consumer Companies,0
TOLINS,Tyres & Rubber Products Companies,1
TORNTPHARM,Pharmaceuticals Companies,1
TORNTPOWER,Integrated Power Utilities Companies,1
TOTAL,Logistics Companies,1
TOUCHWOOD,Other Consumer Services Companies,1
TPHQ,Other Financial Services Companies,1
TPLPLASTEH,Packaging Companies,1
TRACXN,Data Processing Services Companies,1
TRANSRAILL,Heavy Electrical Equipment Companies,1
TRANSTEEL,"Furniture, Home Furnishing Companies",0
TRANSWORLD,Shipping Companies,0
TRAVELFOOD,Restaurants Companies,1
TREEHOUSE,Education Companies,1
TREJHARA,IT Consulting & Software Companies,1
TREL,Logistics Solution Provider Companies,1
TRENT,Speciality Retail Companies,1
TRF,Industrial Machinery Companies,1
TRIDENT,Other Textile Products Companies,1
TRIGYN,IT Consulting & Software Companies,1
TRITURBINE,Heavy Electrical Equipment Companies,1
TRIVENI,Sugar Companies,0
TRU,Housing Finance Companies,1
TRUALT,Other Agricultural Products Companies,1
TSC,"Tour, Travel Related Services Companies",0
TSFINV,Investment Company Companies,1
TTKHLTCARE,Diversified Companies,1
TTKPRESTIG,Household Appliances Companies,1
TTL,Textiles Companies,1
TTML,Telecom - Cellular & Fixed line services Companies,1
TUNWAL,2/3 Wheelers Companies,0
TVSELECT,Computers Hardware & Equipments Companies,1
TVSHLTD,Investment Company Companies,1
TVSINVIT,Diversified Commercial Services Companies,0
TVSMOTOR,2/3 Wheelers Companies,1
TVSSCS,Logistics Solution Provider Companies,1
TVSSRICHAK,Tyres & Rubber Products Companies,1
TVTODAY,TV Broadcasting & Software Production Companies,1
TVVISION,TV Broadcasting & Software Production Companies,1
UBL,Breweries & Distilleries Companies,1
UCAL,Auto Components & Equipments Companies,1
UCL,Dyes And Pigments Companies,0
UCOBANK,Public Sector Bank Companies,1
UDS,Diversified Commercial Services Companies,1
UEL,Power Generation Companies,1
UFBL,Restaurants Companies,1
UFLEX,Packaging Companies,1
UFO,"Film Production, Distribution & Exhibition Companies",1
UGARSUGAR,Sugar Companies,1
UGROCAP,Stock Broking Companies,1
UJJIVANSFB,Other Bank Companies,1
ULTRACEMCO,Cement & Cement Products Companies,1
ULTRAMAR,Dyes And Pigments Companies,1
UMAEXPORTS,Edible Oil Companies,0
UMESLTD,E-Learning Companies,1
UMIYA-MRO,Telecom -  Equipment & Accessories Companies,1
UNICHEMLAB,Pharmaceuticals Companies,1
UNIDT,Industrial Machinery Companies,0
UNIECOM,Software Products Companies,1
UNIENTER,Trading - Chemicals Companies,1
UNIHEALTH,Hospital Companies,0
UNIINFO,Other Telecom Services Companies,0
UNILEX,Dyes And Pigments Companies,0
UNIMECH,Aerospace & Defense Companies,1
UNIONBANK,Public Sector Bank Companies,1
UNIPARTS,Industrial Machinery Companies,1
UNITDSPR,Breweries & Distilleries Companies,1
UNITECH,Real Estate Companies,1
UNITEDPOLY,Textiles Companies,0
UNITEDTEA,Tea & Coffee Companies,1
UNIVAFOODS,Hotels & Resorts Companies,0
UNIVASTU,Civil Construction Companies,0
UNIVCABLES,Cables - Electricals Companies,1
UNIVPHOTO,Consumer Electronics Companies,0
UNOMINDA,Auto Components & Equipments Companies,1
UPL,Pesticides & Agrochemicals Companies,1
URAVIDEF,Auto Components & Equipments Companies,0
URBAN,Waste Management Companies,0
URBANCO,E-Retail/ E-Commerce Companies,1
URJA,Renewable Energy Companies,1
USHAMART,Iron & Steel Products Companies,1
USK,Civil Construction Companies,1
UTIAMC,Asset Management Company Companies,1
UTKARSHBNK,Other Bank Companies,1
UTLSOLAR,Other Electrical Equipment Companies,1
UTTAMSUGAR,Sugar Companies,1
UYFINCORP,Non Banking Financial Company (NBFC) Companies,1
V2RETAIL,Speciality Retail Companies,1
VADILALIND,Dairy Products Companies,1
VAIBHAVGBL,"Gems, Jewellery And Watches Companies",1
VAISHALI,Pharmaceuticals Companies,0
VAKRANGEE,IT Consulting & Software Companies,1
VALIANT,Telecom - Infrastructure Companies,0
VALIANTLAB,Pharmaceuticals Companies,0
VALIANTORG,Speciality Chemical Companies,0
VARDHACRLC,Textiles Companies,0
VARDMNPOLY,Textiles Companies,1
VARROC,Auto Components & Equipments Companies,1
VASCONEQ,Civil Construction Companies,0
VASWANI,Sponge Iron Companies,1
VBL,Other Beverages Companies,1
VCL,Textiles Companies,1
VEDL,Diversified Metals Companies,1
VEEDOL,Lubricants Companies,1
VELS,"Film Production, Distribution & Exhibition Companies",0
VENKEYS,Meat Products including Poultry Companies,1
VENTIVE,Hotels & Resorts Companies,1
VENUSPIPES,Iron & Steel Products Companies,1
VENUSREM,Pharmaceuticals Companies,0
VERANDA,E-Learning Companies,1
VERITAAS,Advertising & Media Agencies Companies,0
VERTIS,"Road AssetsToll, Annuity, Hybrid-Annuity Companies",0
VERTOZ,Advertising & Media Agencies Companies,0
VESUVIUS,Electrodes & Refractories Companies,1
VETO,Consumer Electronics Companies,0
VGINFOTECH,Software Products Companies,0
VGL,Textiles Companies,1
VGUARD,Household Appliances Companies,1
VHL,Investment Company Companies,1
VHLTD,Hotels & Resorts Companies,0
VIAZ,Tyres & Rubber Products Companies,0
VICTORYEV,2/3 Wheelers Companies,0
VIDHIING,Food Processing Companies,1
VIDYAWIRES,"Aluminium, Copper & Zinc Products Companies",1
VIESL,Diversified Commercial Services Companies,0
VIJAYA,Healthcare Service Provider Companies,1
VIJIFIN,Other Financial Services Companies,0
VIKASECO,Speciality Chemical Companies,1
VIKASLIFE,Speciality Chemical Companies,1
VIKRAMSOLR,Other Electrical Equipment Companies,1
VIKRAN,Industrial Machinery Companies,1
VILAS,Other Industrial Products Companies,0
VIMTALABS,"Healthcare Research, Analytics & Technology Companies",1
VINATIORGA,Specialty Chemicals Companies,1
VINCOFE,Trading & Distributors Companies,1
VINDHYATEL,Telecom - Infrastructure Companies,1
VINEETLAB,Pharmaceuticals Companies,0
VINNY,Textiles Companies,1
VINSYS,Education Companies,0
VINYAS,Aerospace & Defense Companies,0
VINYLINDIA,Trading - Chemicals Companies,1
VIPCLOTHNG,Textiles Companies,0
VIPIND,Plastic Products - Consumer Companies,1
VIPULLTD,Real Estate Companies,0
VIRINCHI,Software Products Companies,1
VISAKAIND,Other Construction Materials Companies,1
VISASTEEL,Ferro & Silica Manganese Companies,0
VISESHINFO,IT Consulting & Software Companies,0
VISHAL,Garments & Apparels Companies,0
VISHNU,Specialty Chemicals Companies,1
VISHNUINFR,Other Construction Materials Companies,0
VISHWARAJ,Food Processing Companies,1
VITAL,Speciality Chemical Companies,0
VIVIDHA,Textiles Companies,1
VIVIMEDLAB,Pharmaceuticals Companies,0
VIYASH,Pharmaceuticals Companies,1
VLEGOV,IT Consulting & Software Companies,0
VLSFINANCE,Investment Company Companies,1
VMARCIND,Cables - Electricals Companies,0
VMART,Diversified Retail Companies,1
VMM,Diversified Retail Companies,1
VMSTMT,Industrial Machinery Companies,0
VOEPL,Electronic Manufacturing Services,1
VOLERCAR,Road Transport Companies,0
VOLTAMP,Heavy Electrical Equipment Companies,1
VOLTAS,Household Appliances Companies,1
VPRPL,Civil Construction Companies,0
VRAJ,Sponge Iron Companies,1
VRLLOG,Logistics Solution Provider Companies,1
VSSL,Iron & Steel Products Companies,1
VSTIND,Cigarettes & Tobacco Products Companies,1
VSTL,Iron & Steel Companies,1
VSTTILLERS,Tractors Companies,1
VTL,Other Textile Products Companies,1
WAAREEENER,Other Electrical Equipment Companies,1
WAAREEINDO,Heavy Electrical Equipment Companies,1
WAAREERTL,Other Electrical Equipment Companies,1
WABAG,Water Supply & Management Companies,1
WAKEFIT,"Furniture, Home Furnishing Companies",1
WALCHANNAG,Civil Construction Companies,1
WANBURY,Pharmaceuticals Companies,1
WATERBASE,Seafood Companies,0
WCIL,Logistics Solution Provider Companies,1
WEALTH,Other Financial Services Companies,1
WEBELSOLAR,Other Electrical Equipment Companies,1
WEIZMANIND,Readymade Garments/ Apparels Companies,1
WEL,Household Appliances Companies,1
WELCORP,Iron & Steel Products Companies,1
WELENT,Civil Construction Companies,1
WELINV,Asset Management Company Companies,0
WELSPLSOL,Iron & Steel Products Companies,1
WELSPUNLIV,Other Textile Products Companies,1
WENDT,Abrasives & Bearings Companies,1
WESTLIFE,Restaurants Companies,1
WEWIN,Business Process Outsourcing (BPO)/ Knowledge Process Outsourcing (KPO) Companies,0
WEWORK,Diversified Commercial Services Companies,1
WHEELS,Auto Components & Equipments Companies,1
WHIRLPOOL,Household Appliances Companies,1
WILLAMAGOR,Other Financial Services Companies,1
WINDLAS,Pharmaceuticals Companies,1
WINDMACHIN,Industrial Machinery Companies,1
WINNY,"Tour, Travel Related Services Companies",0
WINSOME,Textiles Companies,0
WIPL,Plywood Boards/ Laminates Companies,1
WIPRO,Computers - Software & Consulting Companies,1
WOCKPHARMA,Pharmaceuticals Companies,1
WOMANCART,E-Retail/ E-Commerce Companies,0
WONDERLA,Amusement Parks/ Other Recreation Companies,1
WORTHPERI,Packaging Companies,1
WPIL,"Compressors, Pumps & Diesel Engines Companies",1
WSI,Heavy Electrical Equipment Companies,1
WSTCSTPAPR,Paper & Paper Products Companies,1
WTICAB,Road Transport Companies,0
XCHANGING,IT Consulting & Software Companies,1
XELPMOC,Software Products Companies,1
XPROINDIA,Packaging Companies,1
XTGLOBAL,IT Consulting & Software Companies,1
YASHHV,Other Electrical Equipment Companies,0
YASHO,Speciality Chemical Companies,1
YASHOPTICS,Diversified consumer products Companies,0
YATHARTH,Hospital Companies,1
YATRA,"Tour, Travel Related Services Companies",1
YCCL,Dyes And Pigments Companies,0
YESBANK,Private Sector Bank Companies,1
YUKEN,"Compressors, Pumps & Diesel Engines Companies",1
ZAGGLE,IT Enabled Services Companies,1
ZEEL,TV Broadcasting & Software Production Companies,1
ZEELEARN,Education Companies,0
ZEEMEDIA,TV Broadcasting & Software Production Companies,1
ZELIO,2/3 Wheelers Companies,0
ZENITHEXPO,Leather And Leather Products Companies,1
ZENITHSTL,Iron & Steel Companies,1
ZENSARTECH,Computers - Software & Consulting Companies,1
ZENTEC,Aerospace & Defense Companies,1
ZFCVINDIA,Auto Components & Equipments Companies,1
ZIMLAB,Pharmaceuticals Companies,0
ZODIAC,Renewable Energy Companies,0
ZODIACLOTH,Garments & Apparels Companies,1
ZOTA,Pharmaceuticals Companies,1
ZSARACOM,Investment Company Companies,1
ZTECH,Waste Management Companies,0
ZUARI,Fertilizers Companies,1
ZUARIIND,Sugar Companies,1
ZYDUSLIFE,Pharmaceuticals Companies,1
ZYDUSWELL,Packaged Foods Companies,1
